"InChI=1S/C10H10N4O/c1-7-12-13-9(10(15)14(7)11)8-5-3-2-4-6-8/h2-6H,11H2,1H3"
"InChI=1S/C10H10N4O2S/c11-8-2-4-9(5-3-8)17(15,16)14-10-12-6-1-7-13-10/h1-7H,11H2,(H,12,13,14)"
"InChI=1S/C10H11ClN4OS/c11-8-2-1-7(5-13-8)6-15-3-4-17-10(15)14-9(12)16/h1-2,5H,3-4,6H2,(H2,12,16)"
"InChI=1S/C10H11N3O3S/c1-7-6-10(12-16-7)13-17(14,15)9-4-2-8(11)3-5-9/h2-6H,11H2,1H3,(H,12,13)"
"InChI=1S/C10H12F3N/c1-7(14)5-8-3-2-4-9(6-8)10(11,12)13/h2-4,6-7H,5,14H2,1H3"
"InChI=1S/C10H14N2/c1-8-4-5-10(9(2)6-8)12(3)7-11/h4-7,11H,1-3H3"
"InChI=1S/C10H15N/c1-9(11-2)8-10-6-4-3-5-7-10/h3-7,9,11H,8H2,1-2H3"
"InChI=1S/C10H15O3PS2/c1-8-7-9(5-6-10(8)16-4)13-14(15,11-2)12-3/h5-7H,1-4H3"
"InChI=1S/C10H15O4PS2/c1-8-7-9(5-6-10(8)17(4)11)14-15(16,12-2)13-3/h5-7H,1-4H3"
"InChI=1S/C10H17NO3/c1-11-6-3-4-7(11)9(8(12)5-6)10(13)14-2/h6-9,12H,3-5H2,1-2H3"
"InChI=1S/C10H19N5O/c1-6(2)11-8-13-9(12-7(3)4)15-10(14-8)16-5/h6-7H,1-5H3,(H2,11,12,13,14,15)"
"InChI=1S/C10H7N3S/c1-2-4-8-7(3-1)12-10(13-8)9-5-14-6-11-9/h1-6H,(H,12,13)"
"InChI=1S/C10H8ClN3O/c11-9-8(12)6-13-14(10(9)15)7-4-2-1-3-5-7/h1-6H,12H2"
"InChI=1S/C10H9ClN4O2S/c11-9-5-13-6-10(14-9)15-18(16,17)8-3-1-7(12)2-4-8/h1-6H,12H2,(H,14,15)"
"InChI=1S/C10H9ClN4O2S/c11-9-5-6-10(14-13-9)15-18(16,17)8-3-1-7(12)2-4-8/h1-6H,12H2,(H,14,15)"
"InChI=1S/C10H9ClN4S/c11-9-2-1-8(5-13-9)6-15-3-4-16-10(15)14-7-12/h1-2,5H,3-4,6H2"
"InChI=1S/C10H9N3O/c1-7-11-10(14)9(13-12-7)8-5-3-2-4-6-8/h2-6H,1H3,(H,11,12,14)"
"InChI=1S/C11H10N4O4/c1-19-11(16)13-12-6-8-7-14(17)9-4-2-3-5-10(9)15(8)18/h2-7,18H,1H3"
"InChI=1S/C11H11N3O2S/c12-9-4-6-10(7-5-9)17(15,16)14-11-3-1-2-8-13-11/h1-8H,12H2,(H,13,14)"
"InChI=1S/C11H11N3O3S2/c1-8(15)13-9-2-4-10(5-3-9)19(16,17)14-11-12-6-7-18-11/h2-7H,1H3,(H,12,14)(H,13,15)"
"InChI=1S/C11H12FNO3/c1-7(2)13(10(14)11(15)16)9-5-3-8(12)4-6-9/h3-7H,1-2H3,(H,15,16)"
"InChI=1S/C11H12N2S/c1-2-4-9(5-3-1)10-8-13-6-7-14-11(13)12-10/h1-5,10H,6-8H2"
"InChI=1S/C11H12N4O2S/c1-8-6-7-13-11(14-8)15-18(16,17)10-4-2-9(12)3-5-10/h2-7H,12H2,1H3,(H,13,14,15)"
"InChI=1S/C11H12N4O3S/c1-18-11-7-6-10(13-14-11)15-19(16,17)9-4-2-8(12)3-5-9/h2-7H,12H2,1H3,(H,13,15)"
"InChI=1S/C11H12N4O3S/c1-18-9-6-13-11(14-7-9)15-19(16,17)10-4-2-8(12)3-5-10/h2-7H,12H2,1H3,(H,13,14,15)"
"InChI=1S/C11H13N3O3S/c1-7-8(2)13-17-11(7)14-18(15,16)10-5-3-9(12)4-6-10/h3-6,14H,12H2,1-2H3"
"InChI=1S/C11H13N3O3S/c1-7-8(2)17-11(13-7)14-18(15,16)10-5-3-9(12)4-6-10/h3-6H,12H2,1-2H3,(H,13,14)"
"InChI=1S/C11H13NO3/c1-8(2)12(10(13)11(14)15)9-6-4-3-5-7-9/h3-8H,1-2H3,(H,14,15)"
"InChI=1S/C11H14ClNO/c1-9(2)13(11(14)8-12)10-6-4-3-5-7-10/h3-7,9H,8H2,1-2H3"
"InChI=1S/C11H14FNO4S/c1-8(2)13(11(14)7-18(15,16)17)10-5-3-9(12)4-6-10/h3-6,8H,7H2,1-2H3,(H,15,16,17)"
"InChI=1S/C11H15NO/c1-8-4-6-10(7-5-8)11(13)9(2)12-3/h4-7,9,12H,1-3H3"
"InChI=1S/C11H15NO2/c1-8(12-2)5-9-3-4-10-11(6-9)14-7-13-10/h3-4,6,8,12H,5,7H2,1-2H3"
"InChI=1S/C11H15NO3S/c1-7-5-9(15-11(13)12-3)6-8(2)10(7)16(4)14/h5-6H,1-4H3,(H,12,13)"
"InChI=1S/C11H15NO4S/c1-9(2)12(10-6-4-3-5-7-10)11(13)8-17(14,15)16/h3-7,9H,8H2,1-2H3,(H,14,15,16)"
"InChI=1S/C11H16N2/c1-2-4-11(5-3-1)10-13-8-6-12-7-9-13/h1-5,12H,6-10H2"
"InChI=1S/C11H16N2O3/c12-6-9(14)7-16-10-3-1-8(2-4-10)5-11(13)15/h1-4,9,14H,5-7,12H2,(H2,13,15)"
"InChI=1S/C11H19N5S/c1-11(2,3)16-9-13-8(12-7-5-6-7)14-10(15-9)17-4/h7H,5-6H2,1-4H3,(H2,12,13,14,15,16)"
"InChI=1S/C12H11N7/c13-9-7(6-4-2-1-3-5-6)16-8-10(14)18-12(15)19-11(8)17-9/h1-5H,(H6,13,14,15,17,18,19)"
"InChI=1S/C12H12N2O2S/c13-9-1-5-11(6-2-9)17(15,16)12-7-3-10(14)4-8-12/h1-8H,13-14H2"
"InChI=1S/C12H12N4O3S/c1-9(17)15-10-3-5-11(6-4-10)20(18,19)16-12-13-7-2-8-14-12/h2-8H,1H3,(H,15,17)(H,13,14,16)"
"InChI=1S/C12H13N3O2/c1-9-11(13-8-16)12(17)15(14(9)2)10-6-4-3-5-7-10/h3-8H,1-2H3,(H,13,16)"
"InChI=1S/C12H13N3O4S/c1-8-7-12(14-19-8)15-20(17,18)11-5-3-10(4-6-11)13-9(2)16/h3-7H,1-2H3,(H,13,16)(H,14,15)"
"InChI=1S/C12H13N5O6S2/c1-6-13-10(16-12(14-6)23-3)15-11(19)17-25(20,21)7-4-5-24-8(7)9(18)22-2/h4-5H,1-3H3,(H2,13,14,15,16,17,19)"
"InChI=1S/C12H14ClNO/c13-10-6-2-1-5-9(10)12(14)8-4-3-7-11(12)15/h1-2,5-6H,3-4,7-8,14H2"
"InChI=1S/C12H14N2O2/c1-2-12(9-6-4-3-5-7-9)10(15)13-8-14-11(12)16/h3-7H,2,8H2,1H3,(H,13,15)(H,14,16)"
"InChI=1S/C12H14N4O4S/c1-19-10-11(14-7-15-12(10)20-2)16-21(17,18)9-5-3-8(13)4-6-9/h3-7H,13H2,1-2H3,(H,14,15,16)"
"InChI=1S/C12H14N4O4S/c1-19-11-7-10(14-12(15-11)20-2)16-21(17,18)9-5-3-8(13)4-6-9/h3-7H,13H2,1-2H3,(H,14,15,16)"
"InChI=1S/C12H15F3N2O/c1-3-17(16-18)9(2)7-10-5-4-6-11(8-10)12(13,14)15/h4-6,8-9H,3,7H2,1-2H3"
"InChI=1S/C12H15N/c1-3-9-13-11(2)10-12-7-5-4-6-8-12/h1,4-8,11,13H,9-10H2,2H3"
"InChI=1S/C12H15N3O2S/c1-3-6-18-8-4-5-9-10(7-8)14-11(13-9)15-12(16)17-2/h4-5,7H,3,6H2,1-2H3,(H2,13,14,15,16)"
"InChI=1S/C12H15N3O3S/c1-3-6-19(17)8-4-5-9-10(7-8)14-11(13-9)15-12(16)18-2/h4-5,7H,3,6H2,1-2H3,(H2,13,14,15,16)"
"InChI=1S/C12H16F3N/c1-3-16-9(2)7-10-5-4-6-11(8-10)12(13,14)15/h4-6,8-9,16H,3,7H2,1-2H3"
"InChI=1S/C12H16N2S/c1-10-6-9-15-11(10)4-5-12-13-7-3-8-14(12)2/h4-6,9H,3,7-8H2,1-2H3"
"InChI=1S/C12H17NO/c1-4-13(5-2)12(14)11-8-6-7-10(3)9-11/h6-9H,4-5H2,1-3H3"
"InChI=1S/C12H17NO2/c1-3-13-9(2)6-10-4-5-11-8-14-15-12(11)7-10/h4-5,7,9,13H,3,6,8H2,1-2H3"
"InChI=1S/C12H17NO4S/c1-7-6-18-9(3)10(7)13(8(2)5-17-4)11(14)12(15)16/h6,8H,5H2,1-4H3,(H,15,16)"
"InChI=1S/C12H18Cl2N2O/c1-12(2,3)16-6-10(17)7-4-8(13)11(15)9(14)5-7/h4-5,10,16-17H,6,15H2,1-3H3"
"InChI=1S/C12H18ClNO2S/c1-8-7-17-10(3)12(8)14(11(15)5-13)9(2)6-16-4/h7,9H,5-6H2,1-4H3"
"InChI=1S/C12H18N2O/c1-4-13-8-11(15)14-12-9(2)6-5-7-10(12)3/h5-7,13H,4,8H2,1-3H3,(H,14,15)"
"InChI=1S/C12H18N2O/c1-9(2)10-5-7-11(8-6-10)13-12(15)14(3)4/h5-9H,1-4H3,(H,13,15)"
"InChI=1S/C12H19NO3/c1-12(2,3)13-7-11(16)8-4-9(14)6-10(15)5-8/h4-6,11,13-16H,7H2,1-3H3"
"InChI=1S/C12H19NO5S2/c1-8-6-19-10(3)12(8)13(9(2)5-18-4)11(14)7-20(15,16)17/h6,9H,5,7H2,1-4H3,(H,15,16,17)"
"InChI=1S/C12H21N2O3PS/c1-6-15-18(19,16-7-2)17-11-8-10(5)13-12(14-11)9(3)4/h8-9H,6-7H2,1-5H3"
"InChI=1S/C12H9ClFN5/c13-8-2-1-3-9(14)7(8)4-19-6-18-10-11(15)16-5-17-12(10)19/h1-3,5-6H,4H2,(H2,15,16,17)"
"InChI=1S/C13H11NO5/c1-2-14-5-8(13(16)17)12(15)7-3-10-11(4-9(7)14)19-6-18-10/h3-5H,2,6H2,1H3,(H,16,17)"
"InChI=1S/C13H15N3O2/c1-9-12(14-10(2)17)13(18)16(15(9)3)11-7-5-4-6-8-11/h4-8H,1-3H3,(H,14,17)"
"InChI=1S/C13H16ClNO/c1-15-13(9-5-4-8-12(13)16)10-6-2-3-7-11(10)14/h2-3,6-7,15H,4-5,8-9H2,1H3"
"InChI=1S/C13H16FN3O6/c1-5-9(22-6(2)18)10(23-7(3)19)12(21-5)17-4-8(14)11(15)16-13(17)20/h4-5,9-10,12H,1-3H3,(H2,15,16,20)"
"InChI=1S/C13H16N4O2/c1-18-10-4-3-8(6-11(10)19-2)5-9-7-16-13(15)17-12(9)14/h3-4,6-7H,5H2,1-2H3,(H4,14,15,16,17)"
"InChI=1S/C13H17N/c1-4-10-14(3)12(2)11-13-8-6-5-7-9-13/h1,5-9,12H,10-11H2,2-3H3"
"InChI=1S/C13H17NO/c1-4-10-14(3,15)12(2)11-13-8-6-5-7-9-13/h1,5-9,12H,10-11H2,2-3H3"
"InChI=1S/C13H18ClF3N2O/c1-12(2,3)19-6-10(20)7-4-8(13(15,16)17)11(18)9(14)5-7/h4-5,10,19-20H,6,18H2,1-3H3"
"InChI=1S/C13H18ClNO2/c1-10-5-4-6-11(2)13(10)15(7-8-17-3)12(16)9-14/h4-6H,7-9H2,1-3H3"
"InChI=1S/C13H19NO5S/c1-10-5-4-6-11(2)13(10)14(7-8-19-3)12(15)9-20(16,17)18/h4-6H,7-9H2,1-3H3,(H,16,17,18)"
"InChI=1S/C13H22N4O3S/c1-14-13(9-17(18)19)15-6-7-21-10-12-5-4-11(20-12)8-16(2)3/h4-5,9,14-15H,6-8,10H2,1-3H3"
"InChI=1S/C13H22N4O3S/c1-14-13(9-17(18)19)15-6-7-21-10-12-5-4-11(20-12)8-16(2)3/h4-5,9,14-15H,6-8,10H2,1-3H3"
"InChI=1S/C13H22N4O4S/c1-14-13(8-16(18)19)15-6-7-22-10-12-5-4-11(21-12)9-17(2,3)20/h4-5,8,14-15H,6-7,9-10H2,1-3H3"
"InChI=1S/C13H22N4O4S/c1-14-13(9-17(18)19)15-6-7-22(20)10-12-5-4-11(21-12)8-16(2)3/h4-5,9,14-15H,6-8,10H2,1-3H3"
"InChI=1S/C13H9F3N2O2/c14-13(15,16)8-3-1-4-9(7-8)18-11-10(12(19)20)5-2-6-17-11/h1-7H,(H,17,18)(H,19,20)"
"InChI=1S/C14H10BrN3O/c15-9-4-5-11-10(7-9)14(17-8-13(19)18-11)12-3-1-2-6-16-12/h1-7H,8H2,(H,18,19)"
"InChI=1S/C14H11Cl2NO2/c15-10-5-3-6-11(16)14(10)17-12-7-2-1-4-9(12)8-13(18)19/h1-7,17H,8H2,(H,18,19)"
"InChI=1S/C14H11F3N2O2/c1-8-10(14(15,16)17)5-2-6-11(8)19-12-9(13(20)21)4-3-7-18-12/h2-7H,1H3,(H,18,19)(H,20,21)"
"InChI=1S/C14H11F3N2O3/c1-7-10(14(15,16)17)3-2-4-11(7)19-12-9(13(21)22)5-8(20)6-18-12/h2-6,20H,1H3,(H,18,19)(H,21,22)"
"InChI=1S/C14H11N/c1-3-7-13-11(5-1)9-10-12-6-2-4-8-14(12)15-13/h1-10,15H"
"InChI=1S/C14H12FNO3/c1-7-2-3-8-4-9(15)5-10-12(8)16(7)6-11(13(10)17)14(18)19/h4-7H,2-3H2,1H3,(H,18,19)"
"InChI=1S/C14H13F4N3O2S/c1-8(2)21(10-5-3-9(15)4-6-10)11(22)7-23-13-20-19-12(24-13)14(16,17)18/h3-6,8H,7H2,1-2H3"
"InChI=1S/C14H13N3O4S2/c1-8-7-15-14(22-8)16-13(19)11-12(18)9-5-3-4-6-10(9)23(20,21)17(11)2/h3-7,18H,1-2H3,(H,15,16,19)"
"InChI=1S/C14H13NO7S/c1-23(21,22)8-5-6-9(10(7-8)15(19)20)14(18)13-11(16)3-2-4-12(13)17/h5-7,13H,2-4H2,1H3"
"InChI=1S/C14H14N8O4S3/c1-6-17-18-14(29-6)28-4-7-3-27-12-9(11(24)22(12)10(7)13(25)26)16-8(23)2-21-5-15-19-20-21/h5,9,12H,2-4H2,1H3,(H,16,23)(H,25,26)"
"InChI=1S/C14H15N3O3/c1-10-5-3-6-11(2)12(10)17(13(18)14(19)20)9-16-8-4-7-15-16/h3-8H,9H2,1-2H3,(H,19,20)"
"InChI=1S/C14H16ClN3O/c1-11-5-3-6-12(2)14(11)18(13(19)9-15)10-17-8-4-7-16-17/h3-8H,9-10H2,1-2H3"
"InChI=1S/C14H16ClO5PS/c1-4-17-21(22,18-5-2)20-10-6-7-11-9(3)13(15)14(16)19-12(11)8-10/h6-8H,4-5H2,1-3H3"
"InChI=1S/C14H16N4O3S/c1-9-8-10(2)16-14(15-9)18-22(20,21)13-6-4-12(5-7-13)17-11(3)19/h4-8H,1-3H3,(H,17,19)(H,15,16,18)"
"InChI=1S/C14H16N4O5S/c1-9(19)15-10-4-6-11(7-5-10)24(20,21)18-14-16-12(22-2)8-13(17-14)23-3/h4-8H,1-3H3,(H,15,19)(H,16,17,18)"
"InChI=1S/C14H17N3O4S/c1-11-5-3-6-12(2)14(11)17(10-16-8-4-7-15-16)13(18)9-22(19,20)21/h3-8H,9-10H2,1-2H3,(H,19,20,21)"
"InChI=1S/C14H18N2O5/c1-21-14(20)11(7-9-5-3-2-4-6-9)16-13(19)10(15)8-12(17)18/h2-6,10-11H,7-8,15H2,1H3,(H,16,19)(H,17,18)"
"InChI=1S/C14H19NO/c1-11-5-7-13(8-6-11)14(16)12(2)15-9-3-4-10-15/h5-8,12H,3-4,9-10H2,1-2H3"
"InChI=1S/C14H19NO2/c1-4-12-7-5-6-10(2)14(12)15-11(3)8-17-9-13(15)16/h5-7,11H,4,8-9H2,1-3H3"
"InChI=1S/C14H19NO4/c1-4-10-7-6-8-11(5-2)12(10)15(9-19-3)13(16)14(17)18/h6-8H,4-5,9H2,1-3H3,(H,17,18)"
"InChI=1S/C14H19NO4/c1-4-11-8-6-7-10(3)12(11)15(9-19-5-2)13(16)14(17)18/h6-8H,4-5,9H2,1-3H3,(H,17,18)"
"InChI=1S/C14H20Br2N2/c1-18(12-5-3-2-4-6-12)9-10-7-11(15)8-13(16)14(10)17/h7-8,12H,2-6,9,17H2,1H3"
"InChI=1S/C14H20ClNO2/c1-4-11-7-6-8-12(5-2)14(11)16(10-18-3)13(17)9-15/h6-8H,4-5,9-10H2,1-3H3"
"InChI=1S/C14H20ClNO2/c1-4-12-8-6-7-11(3)14(12)16(10-18-5-2)13(17)9-15/h6-8H,4-5,9-10H2,1-3H3"
"InChI=1S/C14H20N2O/c1-2-14(17)16(12-6-4-3-5-7-12)13-8-10-15-11-9-13/h3-7,13,15H,2,8-11H2,1H3"
"InChI=1S/C14H21NO2/c1-17-13-7-4-6-11(9-13)14(16)8-3-2-5-12(14)10-15/h4,6-7,9,12,16H,2-3,5,8,10,15H2,1H3"
"InChI=1S/C14H21NO4/c1-10(2)15-8-12(16)9-19-13-5-3-11(4-6-13)7-14(17)18/h3-6,10,12,15-16H,7-9H2,1-2H3,(H,17,18)"
"InChI=1S/C14H21NO5S/c1-4-12-8-6-7-11(3)14(12)15(10-20-5-2)13(16)9-21(17,18)19/h6-8H,4-5,9-10H2,1-3H3,(H,17,18,19)"
"InChI=1S/C14H22N2O/c1-5-16(6-2)10-13(17)15-14-11(3)8-7-9-12(14)4/h7-9H,5-6,10H2,1-4H3,(H,15,17)"
"InChI=1S/C14H22N2O2/c1-5-16(18,6-2)10-13(17)15-14-11(3)8-7-9-12(14)4/h7-9H,5-6,10H2,1-4H3,(H,15,17)"
"InChI=1S/C14H24N2O4/c1-4-10(5-2)20-12-7-9(14(18)19)6-11(15)13(12)16-8(3)17/h7,10-13H,4-6,15H2,1-3H3,(H,16,17)(H,18,19)"
"InChI=1S/C14H25N3O4S/c1-7(16-11(21)8(15)6-9(18)19)10(20)17-12-13(2,3)22-14(12,4)5/h7-8,12H,6,15H2,1-5H3,(H,16,21)(H,17,20)(H,18,19)"
"InChI=1S/C14H9Cl3N2OS/c1-21-14-18-9-5-8(16)12(6-10(9)19-14)20-11-4-2-3-7(15)13(11)17/h2-6H,1H3,(H,18,19)"
"InChI=1S/C14H9ClF2N2O2/c15-8-4-6-9(7-5-8)18-14(21)19-13(20)12-10(16)2-1-3-11(12)17/h1-7H,(H2,18,19,20,21)"
"InChI=1S/C15H10Cl2N2O2/c16-8-5-6-12-10(7-8)13(19-15(21)14(20)18-12)9-3-1-2-4-11(9)17/h1-7,15,21H,(H,18,20)"
"InChI=1S/C15H11ClN2O/c16-11-6-7-13-12(8-11)15(17-9-14(19)18-13)10-4-2-1-3-5-10/h1-8H,9H2,(H,18,19)"
"InChI=1S/C15H11N3O3/c19-14-9-16-15(10-4-2-1-3-5-10)12-8-11(18(20)21)6-7-13(12)17-14/h1-8H,9H2,(H,17,19)"
"InChI=1S/C15H12N2O/c16-15(18)17-13-7-3-1-5-11(13)9-10-12-6-2-4-8-14(12)17/h1-10H,(H2,16,18)"
"InChI=1S/C15H12N2O2/c16-15(18)17-11-7-3-1-5-9(11)13-14(19-13)10-6-2-4-8-12(10)17/h1-8,13-14H,(H2,16,18)"
"InChI=1S/C15H13N3O2S/c1-20-15(19)18-14-16-12-8-7-11(9-13(12)17-14)21-10-5-3-2-4-6-10/h2-9H,1H3,(H2,16,17,18,19)"
"InChI=1S/C15H13N3O3S/c1-21-15(19)18-14-16-12-8-7-11(9-13(12)17-14)22(20)10-5-3-2-4-6-10/h2-9H,1H3,(H2,16,17,18,19)"
"InChI=1S/C15H14N2O3/c16-15(20)17-11-7-3-1-5-9(11)13(18)14(19)10-6-2-4-8-12(10)17/h1-8,13-14,18-19H,(H2,16,20)"
"InChI=1S/C15H15NO2/c1-10-6-5-9-13(11(10)2)16-14-8-4-3-7-12(14)15(17)18/h3-9,16H,1-2H3,(H,17,18)"
"InChI=1S/C15H18N2/c1-16-12-10-14(13-7-3-2-4-8-13)15-9-5-6-11-17-15/h2-9,11,14,16H,10,12H2,1H3"
"InChI=1S/C15H21NO4/c1-5-12-8-6-7-10(2)13(12)16(11(3)9-20-4)14(17)15(18)19/h6-8,11H,5,9H2,1-4H3,(H,18,19)"
"InChI=1S/C15H22ClNO2/c1-5-13-8-6-7-11(2)15(13)17(14(18)9-16)12(3)10-19-4/h6-8,12H,5,9-10H2,1-4H3"
"InChI=1S/C15H22FN3O6/c1-3-4-5-6-24-15(23)18-12-9(16)7-19(14(22)17-12)13-11(21)10(20)8(2)25-13/h7-8,10-11,13,20-21H,3-6H2,1-2H3,(H,17,18,22,23)"
"InChI=1S/C15H23N3O4S/c1-3-18-8-4-5-11(18)10-17-15(19)13-9-12(23(16,20)21)6-7-14(13)22-2/h6-7,9,11H,3-5,8,10H2,1-2H3,(H,17,19)(H2,16,20,21)"
"InChI=1S/C15H23NO2/c1-16-11-14(12-5-7-13(17)8-6-12)15(18)9-3-2-4-10-15/h5-8,14,16-18H,2-4,9-11H2,1H3"
"InChI=1S/C15H23NO2/c1-18-13-7-5-12(6-8-13)14(11-16)15(17)9-3-2-4-10-15/h5-8,14,17H,2-4,9-11,16H2,1H3"
"InChI=1S/C15H23NO3/c1-4-9-18-14-7-5-6-8-15(14)19-11-13(17)10-16-12(2)3/h4-8,12-13,16-17H,1,9-11H2,2-3H3"
"InChI=1S/C15H23NO5S/c1-5-13-8-6-7-11(2)15(13)16(12(3)9-21-4)14(17)10-22(18,19)20/h6-8,12H,5,9-10H2,1-4H3,(H,18,19,20)"
"InChI=1S/C15H25NO3/c1-12(2)16-10-14(17)11-19-15-6-4-13(5-7-15)8-9-18-3/h4-7,12,14,16-17H,8-11H2,1-3H3"
"InChI=1S/C16H12FN3O3/c1-19-14-7-6-10(20(22)23)8-12(14)16(18-9-15(19)21)11-4-2-3-5-13(11)17/h2-8H,9H2,1H3"
"InChI=1S/C16H12FN3O3/c1-23-16(22)20-15-18-12-7-4-10(8-13(12)19-15)14(21)9-2-5-11(17)6-3-9/h2-8H,1H3,(H2,18,19,20,22)"
"InChI=1S/C16H13Cl2NO4/c17-11-5-3-6-12(18)16(11)19-13-7-2-1-4-10(13)8-15(22)23-9-14(20)21/h1-7,19H,8-9H2,(H,20,21)"
"InChI=1S/C16H13ClN2O/c1-19-14-8-7-12(17)9-13(14)16(18-10-15(19)20)11-5-3-2-4-6-11/h2-9H,10H2,1H3"
"InChI=1S/C16H13ClN2O2/c1-18-13-8-7-11(17)9-14(13)19(16(21)10-15(18)20)12-5-3-2-4-6-12/h2-9H,10H2,1H3"
"InChI=1S/C16H13ClN2O2/c1-19-13-8-7-11(17)9-12(13)14(18-15(20)16(19)21)10-5-3-2-4-6-10/h2-9,15,20H,1H3"
"InChI=1S/C16H13N3O3/c1-22-16(21)19-15-17-12-8-7-11(9-13(12)18-15)14(20)10-5-3-2-4-6-10/h2-9H,1H3,(H2,17,18,19,21)"
"InChI=1S/C16H14FN3O/c1-20-14-7-6-10(18)8-12(14)16(19-9-15(20)21)11-4-2-3-5-13(11)17/h2-8H,9,18H2,1H3"
"InChI=1S/C16H14O3/c1-11(16(18)19)13-8-5-9-14(10-13)15(17)12-6-3-2-4-7-12/h2-11H,1H3,(H,18,19)"
"InChI=1S/C16H15Cl2N/c17-14-7-5-10(9-15(14)18)11-6-8-16(19)13-4-2-1-3-12(11)13/h1-5,7,9,11,16H,6,8,19H2"
"InChI=1S/C16H15F6N5O/c17-10-6-12(19)11(18)4-8(10)3-9(23)5-14(28)26-1-2-27-13(7-26)24-25-15(27)16(20,21)22/h4,6,9H,1-3,5,7,23H2"
"InChI=1S/C16H16ClN3O3S/c1-10-8-11-4-2-3-5-14(11)20(10)19-16(21)12-6-7-13(17)15(9-12)24(18,22)23/h2-7,9-10H,8H2,1H3,(H,19,21)(H2,18,22,23)"
"InChI=1S/C16H16F3NO/c17-16(18,19)13-6-8-14(9-7-13)21-15(10-11-20)12-4-2-1-3-5-12/h1-9,15H,10-11,20H2"
"InChI=1S/C16H16N2O4/c1-11-5-3-6-12(9-11)18-16(20)22-14-8-4-7-13(10-14)17-15(19)21-2/h3-10H,1-2H3,(H,17,19)(H,18,20)"
"InChI=1S/C16H16N2O4/c1-2-21-15(19)18-13-9-6-10-14(11-13)22-16(20)17-12-7-4-3-5-8-12/h3-11H,2H2,1H3,(H,17,20)(H,18,19)"
"InChI=1S/C16H17N3O4S/c1-8-7-24-15-11(14(21)19(15)12(8)16(22)23)18-13(20)10(17)9-5-3-2-4-6-9/h2-6,10-11,15H,7,17H2,1H3,(H,18,20)(H,22,23)"
"InChI=1S/C16H18FN3O3/c1-2-19-9-11(16(22)23)15(21)10-7-12(17)14(8-13(10)19)20-5-3-18-4-6-20/h7-9,18H,2-6H2,1H3,(H,22,23)"
"InChI=1S/C16H19NO4/c1-17-11-7-8-12(17)14(15(18)19)13(9-11)21-16(20)10-5-3-2-4-6-10/h2-6,11-14H,7-9H2,1H3,(H,18,19)"
"InChI=1S/C16H20N2O/c1-18(2,19)13-11-15(14-8-4-3-5-9-14)16-10-6-7-12-17-16/h3-10,12,15H,11,13H2,1-2H3"
"InChI=1S/C16H21NO2/c1-12(2)17-10-14(18)11-19-16-9-5-7-13-6-3-4-8-15(13)16/h3-9,12,14,17-18H,10-11H2,1-2H3"
"InChI=1S/C16H25NO2/c1-17(2)12-14-7-4-5-10-16(14,18)13-8-6-9-15(11-13)19-3/h6,8-9,11,14,18H,4-5,7,10,12H2,1-3H3"
"InChI=1S/C16H25NO2/c1-17(2)12-15(13-6-8-14(18)9-7-13)16(19)10-4-3-5-11-16/h6-9,15,18-19H,3-5,10-12H2,1-2H3"
"InChI=1S/C16H25NO3/c1-17(2,19)12-14-7-4-5-10-16(14,18)13-8-6-9-15(11-13)20-3/h6,8-9,11,14,18H,4-5,7,10,12H2,1-3H3"
"InChI=1S/C16H26N2O5S/c1-16(2)8-10(16)13(19)18-12(15(22)23)6-4-3-5-7-24-9-11(17)14(20)21/h6,10-11H,3-5,7-9,17H2,1-2H3,(H,18,19)(H,20,21)(H,22,23)"
"InChI=1S/C16H28N2O4/c1-5-12(6-2)22-14-9-11(16(20)21-7-3)8-13(17)15(14)18-10(4)19/h9,12-15H,5-8,17H2,1-4H3,(H,18,19)"
"InChI=1S/C17H13ClN4/c1-11-20-21-16-10-19-17(12-5-3-2-4-6-12)14-9-13(18)7-8-15(14)22(11)16/h2-9H,10H2,1H3"
"InChI=1S/C17H15ClO4/c1-17(2,16(20)21)22-14-9-5-12(6-10-14)15(19)11-3-7-13(18)8-4-11/h3-10H,1-2H3,(H,20,21)"
"InChI=1S/C17H17Cl2N/c1-20-17-9-7-12(13-4-2-3-5-14(13)17)11-6-8-15(18)16(19)10-11/h2-6,8,10,12,17,20H,7,9H2,1H3"
"InChI=1S/C17H17ClN4/c18-12-5-6-15-16(11-12)21-17(22-9-7-19-8-10-22)13-3-1-2-4-14(13)20-15/h1-6,11,19,21H,7-10H2"
"InChI=1S/C17H17ClN6O3/c1-22-6-8-23(9-7-22)17(26)27-16-14-13(19-4-5-20-14)15(25)24(16)12-3-2-11(18)10-21-12/h2-5,10,16H,6-9H2,1H3"
"InChI=1S/C17H18F3NO/c1-21-12-11-16(13-5-3-2-4-6-13)22-15-9-7-14(8-10-15)17(18,19)20/h2-10,16,21H,11-12H2,1H3"
"InChI=1S/C17H18FN3O3/c18-13-7-11-14(8-15(13)20-5-3-19-4-6-20)21(10-1-2-10)9-12(16(11)22)17(23)24/h7-10,19H,1-6H2,(H,23,24)"
"InChI=1S/C17H18N2/c1-3-7-15-13(5-1)11-14-6-2-4-8-16(14)19-10-9-18-12-17(15)19/h1-8,17-18H,9-12H2"
"InChI=1S/C17H19ClN2S/c1-19(2)10-5-11-20-14-6-3-4-7-16(14)21-17-9-8-13(18)12-15(17)20/h3-4,6-9,12H,5,10-11H2,1-2H3"
"InChI=1S/C17H19FN4O4/c1-19-3-5-21(6-4-19)14-12(18)7-10-13-16(14)26-9-20(2)22(13)8-11(15(10)23)17(24)25/h7-8H,3-6,9H2,1-2H3,(H,24,25)"
"InChI=1S/C17H19N3/c1-19-9-10-20-16(12-19)15-7-3-2-5-13(15)11-14-6-4-8-18-17(14)20/h2-8,16H,9-12H2,1H3"
"InChI=1S/C17H19N3O/c1-19-6-7-20-16(11-19)15-5-3-2-4-12(15)8-13-9-14(21)10-18-17(13)20/h2-5,9-10,16,21H,6-8,11H2,1H3"
"InChI=1S/C17H19N3O3S/c1-10-8-18-15(11(2)16(10)23-4)9-24(21)17-19-13-6-5-12(22-3)7-14(13)20-17/h5-8H,9H2,1-4H3,(H,19,20)"
"InChI=1S/C17H19NO3/c1-18-7-6-17-10-3-5-13(20)16(17)21-15-12(19)4-2-9(14(15)17)8-11(10)18/h2-5,10-11,13,16,19-20H,6-8H2,1H3"
"InChI=1S/C17H20N6/c1-10-7-11(8-12-9-21-17(19)22-16(12)18)13-5-4-6-20-14(13)15(10)23(2)3/h4-7,9H,8H2,1-3H3,(H4,18,19,21,22)"
"InChI=1S/C17H21NO2/c1-4-18(5-2)17(19)13(3)20-16-12-8-10-14-9-6-7-11-15(14)16/h6-13H,4-5H2,1-3H3"
"InChI=1S/C17H21NO4/c1-18-12-8-9-13(18)15(17(20)21-2)14(10-12)22-16(19)11-6-4-3-5-7-11/h3-7,12-15H,8-10H2,1-2H3"
"InChI=1S/C17H25N3O2/c18-9-14-2-1-3-20(14)15(21)10-19-16-5-12-4-13(6-16)8-17(22,7-12)11-16/h12-14,19,22H,1-8,10-11H2"
"InChI=1S/C17H26N2O2/c1-13(2)17(12-18,9-6-10-19-3)14-7-8-15(20-4)16(11-14)21-5/h7-8,11,13,19H,6,9-10H2,1-5H3"
"InChI=1S/C17H27N3O4S/c1-4-20-8-6-7-12(20)11-19-17(21)13-9-16(25(22,23)5-2)14(18)10-15(13)24-3/h9-10,12H,4-8,11,18H2,1-3H3,(H,19,21)"
"InChI=1S/C17H27N3O5S/c1-4-20(22)8-6-7-12(20)11-19-17(21)13-9-16(26(23,24)5-2)14(18)10-15(13)25-3/h9-10,12H,4-8,11,18H2,1-3H3,(H,19,21)"
"InChI=1S/C17H27NO2/c1-18(2)13-16(17(19)11-5-4-6-12-17)14-7-9-15(20-3)10-8-14/h7-10,16,19H,4-6,11-13H2,1-3H3"
"InChI=1S/C17H27NO3/c1-18(2,20)13-16(17(19)11-5-4-6-12-17)14-7-9-15(21-3)10-8-14/h7-10,16,19H,4-6,11-13H2,1-3H3"
"InChI=1S/C18H13ClFN3/c1-11-21-9-13-10-22-18(14-4-2-3-5-16(14)20)15-8-12(19)6-7-17(15)23(11)13/h2-9H,10H2,1H3"
"InChI=1S/C18H19ClN4/c1-22-8-10-23(11-9-22)18-14-4-2-3-5-15(14)20-16-7-6-13(19)12-17(16)21-18/h2-7,12,21H,8-11H2,1H3"
"InChI=1S/C18H20FN3O4/c1-10-9-26-17-14-11(16(23)12(18(24)25)8-22(10)14)7-13(19)15(17)21-5-3-20(2)4-6-21/h7-8,10H,3-6,9H2,1-2H3,(H,24,25)"
"InChI=1S/C18H21NO3/c1-19-8-7-18-11-4-5-13(20)17(18)22-16-14(21-2)6-3-10(15(16)18)9-12(11)19/h3-6,11-13,17,20H,7-9H2,1-2H3"
"InChI=1S/C18H21NO4/c1-19-8-7-17-14-10-3-4-12(22-2)15(14)23-16(17)11(20)5-6-18(17,21)13(19)9-10/h3-4,13,16,21H,5-9H2,1-2H3"
"InChI=1S/C18H23NO3/c1-13(2-3-14-4-8-16(20)9-5-14)19-12-18(22)15-6-10-17(21)11-7-15/h4-11,13,18-22H,2-3,12H2,1H3"
"InChI=1S/C18H23NO3/c1-19-8-7-18-11-4-5-13(20)17(18)22-16-14(21-2)6-3-10(15(16)18)9-12(11)19/h3,6,11-13,17,20H,4-5,7-9H2,1-2H3"
"InChI=1S/C18H24O2/c1-10-9-20-16(19)13-8-15-14(7-12(10)13)17(3,4)11(2)18(15,5)6/h7-8,10-11H,9H2,1-6H3"
"InChI=1S/C18H34N2O6S/c1-5-6-10-7-11(20(3)8-10)17(25)19-12(9(2)21)16-14(23)13(22)15(24)18(26-16)27-4/h9-16,18,21-24H,5-8H2,1-4H3,(H,19,25)"
"InChI=1S/C19H20FN3O3/c1-21-7-12-4-11(21)8-22(12)17-6-16-13(5-15(17)20)18(24)14(19(25)26)9-23(16)10-2-3-10/h5-6,9-12H,2-4,7-8H2,1H3,(H,25,26)"
"InChI=1S/C19H20FNO3/c20-15-3-1-13(2-4-15)17-7-8-21-10-14(17)11-22-16-5-6-18-19(9-16)24-12-23-18/h1-6,9,14,17,21H,7-8,10-12H2"
"InChI=1S/C19H20N2O3S/c1-2-13-3-6-15(20-12-13)9-10-24-16-7-4-14(5-8-16)11-17-18(22)21-19(23)25-17/h3-8,12,17H,2,9-11H2,1H3,(H,21,22,23)"
"InChI=1S/C19H21N/c1-20-14-6-11-19-17-9-4-2-7-15(17)12-13-16-8-3-5-10-18(16)19/h2-5,7-11,20H,6,12-14H2,1H3"
"InChI=1S/C19H21NO/c1-20(2)13-7-11-17-16-9-4-3-8-15(16)14-21-19-12-6-5-10-18(17)19/h3-6,8-12H,7,13-14H2,1-2H3"
"InChI=1S/C19H21NO4/c1-10(21)23-15-6-4-12-13-9-11-3-5-14(22)17-16(11)19(12,18(15)24-17)7-8-20(13)2/h3-6,12-13,15,18,22H,7-9H2,1-2H3"
"InChI=1S/C19H22FN3O3/c1-2-21-5-7-22(8-6-21)17-10-16-13(9-15(17)20)18(24)14(19(25)26)11-23(16)12-3-4-12/h9-12H,2-8H2,1H3,(H,25,26)"
"InChI=1S/C19H23ClN2/c1-21(2)12-5-13-22-18-7-4-3-6-15(18)8-9-16-10-11-17(20)14-19(16)22/h3-4,6-7,10-11,14H,5,8-9,12-13H2,1-2H3"
"InChI=1S/C19H23N3/c1-14-6-8-18(16(3)10-14)20-12-22(5)13-21-19-9-7-15(2)11-17(19)4/h6-13H,1-5H3"
"InChI=1S/C19H24N2/c1-20(2)14-7-15-21-18-10-5-3-8-16(18)12-13-17-9-4-6-11-19(17)21/h3-6,8-11H,7,12-15H2,1-2H3"
"InChI=1S/C19H24N2O2/c22-18-13-20(19(23)15-7-2-1-3-8-15)12-17-16-9-5-4-6-14(16)10-11-21(17)18/h4-6,9,15,17H,1-3,7-8,10-13H2"
"InChI=1S/C20H17F2N3O3/c21-12-1-3-13(4-2-12)25-11-15(20(27)28)19(26)14-9-16(22)18(10-17(14)25)24-7-5-23-6-8-24/h1-4,9-11,23H,5-8H2,(H,27,28)"
"InChI=1S/C20H21FN2O/c1-23(2)11-3-10-20(17-5-7-18(21)8-6-17)19-9-4-15(13-22)12-16(19)14-24-20/h4-9,12H,3,10-11,14H2,1-2H3"
"InChI=1S/C20H23N/c1-21(2)15-7-12-20-18-10-5-3-8-16(18)13-14-17-9-4-6-11-19(17)20/h3-6,8-12H,7,13-15H2,1-2H3"
"InChI=1S/C20H23N/c1-21-14-6-12-20-13-11-15(16-7-2-4-9-18(16)20)17-8-3-5-10-19(17)20/h2-5,7-10,15,21H,6,11-14H2,1H3"
"InChI=1S/C20H23N/c1-4-19-20(15-16(2)21(19)3,17-11-7-5-8-12-17)18-13-9-6-10-14-18/h4-14,16H,15H2,1-3H3"
"InChI=1S/C20H24O2/c1-12-10-14-15-4-5-18(22)20(15,3)9-7-16(14)19(2)8-6-13(21)11-17(12)19/h6,8,11,14-16H,1,4-5,7,9-10H2,2-3H3"
"InChI=1S/C20H25ClN2O5/c1-4-28-20(25)18-15(11-27-10-9-22)23-12(2)16(19(24)26-3)17(18)13-7-5-6-8-14(13)21/h5-8,17,23H,4,9-11,22H2,1-3H3"
"InChI=1S/C20H25N3O/c1-4-23(5-2)20(24)14-9-16-15-7-6-8-17-19(15)13(11-21-17)10-18(16)22(3)12-14/h6-9,11,14,18,21H,4-5,10,12H2,1-3H3"
"InChI=1S/C21H15N3O5/c1-27-12-16(21(25)26)15-7-3-5-9-18(15)29-20-10-19(23-13-24-20)28-17-8-4-2-6-14(17)11-22/h2-10,12-13H,1H3,(H,25,26)"
"InChI=1S/C21H18ClNO6/c1-12-16(10-20(26)29-11-19(24)25)17-9-15(28-2)7-8-18(17)23(12)21(27)13-3-5-14(22)6-4-13/h3-9H,10-11H2,1-2H3,(H,24,25)"
"InChI=1S/C21H22ClN3O2/c1-4-18-19(22)20(25(3)24-18)21(26)23-13-15-7-11-17(12-8-15)27-16-9-5-14(2)6-10-16/h5-12H,4,13H2,1-3H3,(H,23,26)"
"InChI=1S/C21H23ClFN3O/c1-3-25(4-2)11-12-26-19-10-9-15(22)13-17(19)21(24-14-20(26)27)16-7-5-6-8-18(16)23/h5-10,13H,3-4,11-12,14H2,1-2H3"
"InChI=1S/C21H23ClFNO2/c22-18-7-5-17(6-8-18)21(26)11-14-24(15-12-21)13-1-2-20(25)16-3-9-19(23)10-4-16/h3-10,26H,1-2,11-15H2"
"InChI=1S/C21H23NO3/c1-22(2)11-5-8-18-17-7-4-3-6-16(17)14-25-20-10-9-15(12-19(18)20)13-21(23)24/h3-4,6-10,12H,5,11,13-14H2,1-2H3,(H,23,24)"
"InChI=1S/C21H23NO5/c1-11(23)25-16-6-4-13-10-15-14-5-7-17(26-12(2)24)20-21(14,8-9-22(15)3)18(13)19(16)27-20/h4-7,14-15,17,20H,8-10H2,1-3H3"
"InChI=1S/C21H25ClN2O3/c22-19-8-6-18(7-9-19)21(17-4-2-1-3-5-17)24-12-10-23(11-13-24)14-15-27-16-20(25)26/h1-9,21H,10-16H2,(H,25,26)"
"InChI=1S/C21H25ClN2O4/c22-19-8-6-18(7-9-19)21(17-4-2-1-3-5-17)23-10-12-24(27,13-11-23)14-15-28-16-20(25)26/h1-9,21H,10-16H2,(H,25,26)"
"InChI=1S/C21H26O5/c1-19-7-5-13(23)9-12(19)3-4-14-15-6-8-21(26,17(25)11-22)20(15,2)10-16(24)18(14)19/h5,7,9,14-15,18,22,26H,3-4,6,8,10-11H2,1-2H3"
"InChI=1S/C21H27NO/c1-5-20(23)21(16-17(2)22(3)4,18-12-8-6-9-13-18)19-14-10-7-11-15-19/h6-15,17H,5,16H2,1-4H3"
"InChI=1S/C21H30O2/c1-13(22)17-6-7-18-16-5-4-14-12-15(23)8-10-20(14,2)19(16)9-11-21(17,18)3/h12,16-19H,4-11H2,1-3H3"
"InChI=1S/C21H30O2/c1-5-6-7-8-15-12-18(22)20-16-11-14(2)9-10-17(16)21(3,4)23-19(20)13-15/h11-13,16-17,22H,5-10H2,1-4H3"
"InChI=1S/C21H30O4/c1-20-8-7-13(23)9-12(20)3-4-14-15-5-6-16(18(25)11-22)21(15,2)10-17(24)19(14)20/h9,14-17,19,22,24H,3-8,10-11H2,1-2H3"
"InChI=1S/C21H32O5/c1-19-7-5-13(23)9-12(19)3-4-14-15-6-8-21(26,17(25)11-22)20(15,2)10-16(24)18(14)19/h12-15,18,22-23,26H,3-11H2,1-2H3"
"InChI=1S/C22H17N3O5/c1-27-13-17(22(26)28-2)16-8-4-6-10-19(16)30-21-11-20(24-14-25-21)29-18-9-5-3-7-15(18)12-23/h3-11,13-14H,1-2H3"
"InChI=1S/C22H22FN3O2/c23-17-9-7-16(8-10-17)21(27)6-3-13-25-14-11-18(12-15-25)26-20-5-2-1-4-19(20)24-22(26)28/h1-2,4-5,7-11H,3,6,12-15H2,(H,24,28)"
"InChI=1S/C22H25NO6/c1-12(24)23-16-8-6-13-10-19(27-3)21(28-4)22(29-5)20(13)14-7-9-18(26-2)17(25)11-15(14)16/h7,9-11,16H,6,8H2,1-5H3,(H,23,24)"
"InChI=1S/C22H28N2O/c1-2-22(25)24(20-11-7-4-8-12-20)21-14-17-23(18-15-21)16-13-19-9-5-3-6-10-19/h3-12,21H,2,13-18H2,1H3"
"InChI=1S/C22H29FO5/c1-12-8-16-15-5-4-13-9-14(25)6-7-19(13,2)21(15,23)17(26)10-20(16,3)22(12,28)18(27)11-24/h6-7,9,12,15-17,24,26,28H,4-5,8,10-11H2,1-3H3"
"InChI=1S/C22H30O5/c1-12-8-14-15-5-7-22(27,18(26)11-23)21(15,3)10-17(25)19(14)20(2)6-4-13(24)9-16(12)20/h4,6,9,12,14-15,17,19,23,25,27H,5,7-8,10-11H2,1-3H3"
"InChI=1S/C23H21NO/c1-2-3-15-24-16-21(19-12-6-7-14-22(19)24)23(25)20-13-8-10-17-9-4-5-11-18(17)20/h4-14,16H,2-3,15H2,1H3"
"InChI=1S/C23H26N2/c1-24(2)21-14-10-19(11-15-21)23(18-8-6-5-7-9-18)20-12-16-22(17-13-20)25(3)4/h5-17,23H,1-4H3"
"InChI=1S/C23H27FN4O2/c1-15-18(23(29)28-10-3-2-4-21(28)25-15)9-13-27-11-7-16(8-12-27)22-19-6-5-17(24)14-20(19)30-26-22/h5-6,14,16H,2-4,7-13H2,1H3"
"InChI=1S/C23H27FN4O3/c1-14-17(23(30)28-9-2-3-19(29)22(28)25-14)8-12-27-10-6-15(7-11-27)21-18-5-4-16(24)13-20(18)31-26-21/h4-5,13,15,19,29H,2-3,6-12H2,1H3"
"InChI=1S/C23H31FO6/c1-13(25)30-12-19(28)22(29)9-7-16-17-5-4-14-10-15(26)6-8-20(14,2)23(17,24)18(27)11-21(16,22)3/h10,16-18,27,29H,4-9,11-12H2,1-3H3"
"InChI=1S/C24H20N6O3/c1-2-33-24-25-20-9-5-8-19(23(31)32)21(20)30(24)14-15-10-12-16(13-11-15)17-6-3-4-7-18(17)22-26-28-29-27-22/h3-13H,2,14H2,1H3,(H,31,32)(H,26,27,28,29)"
"InChI=1S/C24H23NO/c1-2-3-8-16-25-17-22(20-13-6-7-15-23(20)25)24(26)21-14-9-11-18-10-4-5-12-19(18)21/h4-7,9-15,17H,2-3,8,16H2,1H3"
"InChI=1S/C24H26FNO4/c1-15(2)26-21-6-4-3-5-20(21)24(16-7-9-17(25)10-8-16)22(26)12-11-18(27)13-19(28)14-23(29)30/h3-12,15,18-19,27-28H,13-14H2,1-2H3,(H,29,30)"
"InChI=1S/C24H29N5O3/c1-4-5-10-21(30)29(22(16(2)3)24(31)32)15-17-11-13-18(14-12-17)19-8-6-7-9-20(19)23-25-27-28-26-23/h6-9,11-14,16,22H,4-5,10,15H2,1-3H3,(H,31,32)(H,25,26,27,28)"
"InChI=1S/C24H31FO6/c1-13-9-18-17-6-5-15-10-16(27)7-8-21(15,3)23(17,25)19(28)11-22(18,4)24(13,30)20(29)12-31-14(2)26/h7-8,10,13,17-19,28,30H,5-6,9,11-12H2,1-4H3"
"InChI=1S/C24H35NO5/c1-4-7-8-9-10-11-12-13-14-30-21-15-18-20(16-22(21)28-5-2)25-17-19(23(18)26)24(27)29-6-3/h15-17H,4-14H2,1-3H3,(H,25,26)"
"InChI=1S/C24H36O5/c1-5-15(3)24(27)29-21-11-14(2)10-17-7-6-16(4)20(23(17)21)9-8-19-12-18(25)13-22(26)28-19/h6-7,10,14-16,18-21,23,25H,5,8-9,11-13H2,1-4H3"
"InChI=1S/C24H39N3O3/c1-6-26(19(2)18-20-9-11-22(30-5)12-10-20)15-7-8-23(28)27-16-13-21(14-17-27)24(29)25(3)4/h9-12,19,21H,6-8,13-18H2,1-5H3"
"InChI=1S/C25H27N9O8S2/c1-3-32-8-9-33(21(39)20(32)38)24(42)27-15(12-4-6-14(35)7-5-12)18(36)26-16-19(37)34-17(23(40)41)13(10-43-22(16)34)11-44-25-28-29-30-31(25)2/h4-7,15-16,22,35H,3,8-11H2,1-2H3,(H,26,36)(H,27,42)(H,40,41)"
"InChI=1S/C25H28N6O/c1-2-3-10-22-26-25(15-6-7-16-25)24(32)31(22)17-18-11-13-19(14-12-18)20-8-4-5-9-21(20)23-27-29-30-28-23/h4-5,8-9,11-14H,2-3,6-7,10,15-17H2,1H3,(H,27,28,29,30)"
"InChI=1S/C25H35NO4/c1-21(2,3)22(4,28)16-13-23-8-9-25(16,29-5)20-24(23)10-11-26-17(23)12-14-6-7-15(27)19(30-20)18(14)24/h6-7,16-17,20,26-28H,8-13H2,1-5H3"
"InChI=1S/C25H38O5/c1-6-25(4,5)24(28)30-21-12-15(2)11-17-8-7-16(3)20(23(17)21)10-9-19-13-18(26)14-22(27)29-19/h7-8,11,15-16,18-21,23,26H,6,9-10,12-14H2,1-5H3"
"InChI=1S/C27H36N2O4/c1-4-33-25-17-20(12-13-22(25)27(31)32)18-26(30)28-23(16-19(2)3)21-10-6-7-11-24(21)29-14-8-5-9-15-29/h6-7,10-13,17,19,23H,4-5,8-9,14-16,18H2,1-3H3,(H,28,30)(H,31,32)"
"InChI=1S/C27H37N3O7S/c1-18(2)15-30(38(33,34)21-10-8-20(28)9-11-21)16-24(31)23(14-19-6-4-3-5-7-19)29-27(32)37-25-17-36-26-22(25)12-13-35-26/h3-11,18,22-26,31H,12-17,28H2,1-2H3,(H,29,32)"
"InChI=1S/C27H38N2O4/c1-20(2)27(19-28,22-10-12-24(31-5)26(18-22)33-7)14-8-15-29(3)16-13-21-9-11-23(30-4)25(17-21)32-6/h9-12,17-18,20H,8,13-16H2,1-7H3"
"InChI=1S/C28H47NO4S/c1-8-26(6)17-22(33-23(31)18-34-16-15-29(9-2)10-3)27(7)19(4)11-13-28(20(5)25(26)32)14-12-21(30)24(27)28/h8,19-20,22,24-25,32H,1,9-18H2,2-7H3"
"InChI=1S/C30H46NO7P/c1-4-28(33)37-30(22(2)3)38-39(36,18-12-11-15-23-13-7-5-8-14-23)21-27(32)31-20-25(19-26(31)29(34)35)24-16-9-6-10-17-24/h5,7-8,13-14,22,24-26,30H,4,6,9-12,15-21H2,1-3H3,(H,34,35)"
"InChI=1S/C31H36N2O11/c1-14(2)7-8-16-13-17(9-11-19(16)34)27(37)33-21-22(35)18-10-12-20(15(3)24(18)42-28(21)38)41-29-23(36)25(43-30(32)39)26(40-6)31(4,5)44-29/h7,9-13,23,25-26,29,34-36H,8H2,1-6H3,(H2,32,39)(H,33,37)"
"InChI=1S/C31H44N2O5S/c1-5-8-12-29-30(27-23-25(32-39(4,35)36)15-18-28(27)38-29)31(34)24-13-16-26(17-14-24)37-22-11-21-33(19-9-6-2)20-10-7-3/h13-18,23,32H,5-12,19-22H2,1-4H3"
"InChI=1S/C33H30N4O2/c1-4-9-30-35-31-21(2)18-24(32-34-27-12-7-8-13-28(27)36(32)3)19-29(31)37(30)20-22-14-16-23(17-15-22)25-10-5-6-11-26(25)33(38)39/h5-8,10-19H,4,9,20H2,1-3H3,(H,38,39)"
"InChI=1S/C33H35FN2O5/c1-21(2)31-30(33(41)35-25-11-7-4-8-12-25)29(22-9-5-3-6-10-22)32(23-13-15-24(34)16-14-23)36(31)18-17-26(37)19-27(38)20-28(39)40/h3-16,21,26-27,37-38H,17-20H2,1-2H3,(H,35,41)(H,39,40)"
"InChI=1S/C37H48N6O5S2/c1-24(2)33(42-36(46)43(5)20-29-22-49-35(40-29)25(3)4)34(45)39-28(16-26-12-8-6-9-13-26)18-32(44)31(17-27-14-10-7-11-15-27)41-37(47)48-21-30-19-38-23-50-30/h6-15,19,22-25,28,31-33,44H,16-18,20-21H2,1-5H3,(H,39,45)(H,41,47)(H,42,46)"
"InChI=1S/C37H67NO13/c1-14-25-37(10,44)30(41)20(4)27(39)18(2)16-36(9,46-13)32(51-34-28(40)24(38-11)15-19(3)47-34)21(5)29(22(6)33(43)49-25)50-26-17-35(8,45-12)31(42)23(7)48-26/h18-26,28-32,34,38,40-42,44H,14-17H2,1-13H3"
"InChI=1S/C37H67NO13/c1-14-25-37(10,45)30(41)20(4)27(39)18(2)16-35(8,44)32(51-34-28(40)24(38(11)12)15-19(3)47-34)21(5)29(22(6)33(43)49-25)50-26-17-36(9,46-13)31(42)23(7)48-26/h18-26,28-32,34,40-42,44-45H,14-17H2,1-13H3"
"InChI=1S/C38H52N6O7/c1-37(2,3)31(41-35(48)50-7)33(46)40-29(22-25-14-10-9-11-15-25)30(45)24-44(43-34(47)32(38(4,5)6)42-36(49)51-8)23-26-17-19-27(20-18-26)28-16-12-13-21-39-28/h9-21,29-32,45H,22-24H2,1-8H3,(H,40,46)(H,41,48)(H,42,49)(H,43,47)"
"InChI=1S/C38H69NO13/c1-15-26-38(10,45)31(42)21(4)28(40)19(2)17-37(9,47-14)33(52-35-29(41)25(39(11)12)16-20(3)48-35)22(5)30(23(6)34(44)50-26)51-27-18-36(8,46-13)32(43)24(7)49-27/h19-27,29-33,35,41-43,45H,15-18H2,1-14H3"
"InChI=1S/C38H72N2O12/c1-15-27-38(10,46)31(42)24(6)40(13)19-20(2)17-36(8,45)33(52-35-29(41)26(39(11)12)16-21(3)48-35)22(4)30(23(5)34(44)50-27)51-28-18-37(9,47-14)32(43)25(7)49-28/h20-33,35,41-43,45-46H,15-19H2,1-14H3"
"InChI=1S/C38H72N2O12/c1-15-27-38(10,46)31(42)24(6)40(13)19-20(2)17-36(8,45)33(52-35-29(41)26(39(11)12)16-21(3)48-35)22(4)30(23(5)34(44)50-27)51-28-18-37(9,47-14)32(43)25(7)49-28/h20-33,35,41-43,45-46H,15-19H2,1-14H3"
"InChI=1S/C3H4ClN5/c4-1-7-2(5)9-3(6)8-1/h(H4,5,6,7,8,9)"
"InChI=1S/C3H6N6/c4-1-7-2(5)9-3(6)8-1/h(H6,4,5,6,7,8,9)"
"InChI=1S/C43H51N3O11/c1-19-14-16-46-28(18-19)44-32-29-30-37(50)25(7)40-31(29)41(52)43(9,57-40)55-17-15-27(54-10)22(4)39(56-26(8)47)24(6)36(49)23(5)35(48)20(2)12-11-13-21(3)42(53)45-33(34(32)46)38(30)51/h11-18,20,22-24,27,35-36,39,48-51H,1-10H3,(H,45,53)"
"InChI=1S/C46H77NO17/c1-13-33-30(22-58-45-42(57-12)41(56-11)37(52)26(5)60-45)18-23(2)14-15-31(49)24(3)19-29(16-17-48)39(25(4)32(50)20-34(51)62-33)64-44-38(53)36(47(9)10)40(27(6)61-44)63-35-21-46(8,55)43(54)28(7)59-35/h14-15,17-18,24-30,32-33,35-45,50,52-55H,13,16,19-22H2,1-12H3"
"InChI=1S/C46H80N2O13/c1-13-36-33(24-57-46-44(56-12)43(55-11)40(53)31(8)59-46)19-25(2)14-15-34(49)28(5)20-32(16-17-48-22-26(3)18-27(4)23-48)42(29(6)35(50)21-37(51)60-36)61-45-41(54)38(47(9)10)39(52)30(7)58-45/h14-15,19,26-33,35-36,38-46,50,52-54H,13,16-18,20-24H2,1-12H3"
"InChI=1S/C4H10NO3PS/c1-4(6)5-9(7,8-2)10-3/h1-3H3,(H,5,6,7)"
"InChI=1S/C4H4ClN3O/c5-3-2(6)1-7-8-4(3)9/h1H,(H3,6,8,9)"
"InChI=1S/C4H4ClNOS/c1-6-4(7)2-3(5)8-6/h2H,1H3"
"InChI=1S/C4H4FN3O/c5-2-1-7-4(9)8-3(2)6/h1H,(H3,6,7,8,9)"
"InChI=1S/C5H10N2O/c1-6-3-4-7(2)5(6)8/h3-4H2,1-2H3"
"InChI=1S/C5H11NO4S/c1-5(7)6-3-2-4-11(8,9)10/h2-4H2,1H3,(H,6,7)(H,8,9,10)"
"InChI=1S/C5H11NS3/c1-6(2)5-3-7-9-8-4-5/h5H,3-4H2,1-2H3"
"InChI=1S/C5H12NO3PS2/c1-6-5(7)4-12-10(11,8-2)9-3/h4H2,1-3H3,(H,6,7)"
"InChI=1S/C5H12NO4PS/c1-6-5(7)4-12-11(8,9-2)10-3/h4H2,1-3H3,(H,6,7)"
"InChI=1S/C5H14N4/c6-3-1-2-4-9-5(7)8/h1-4,6H2,(H4,7,8,9)"
"InChI=1S/C5H6ClN3O/c1-9-5(10)4(6)3(7)2-8-9/h2H,7H2,1H3"
"InChI=1S/C5H6N2OS/c1-3-2-4(8)7-5(9)6-3/h2H,1H3,(H2,6,7,8,9)"
"InChI=1S/C5H8ClN5/c1-2-8-5-10-3(6)9-4(7)11-5/h2H2,1H3,(H3,7,8,9,10,11)"
"InChI=1S/C5H8N4O/c1-3-7-4(6)9-5(8-3)10-2/h1-2H3,(H2,6,7,8,9)"
"InChI=1S/C6H10ClN5/c1-3(2)9-6-11-4(7)10-5(8)12-6/h3H,1-2H3,(H3,8,9,10,11,12)"
"InChI=1S/C6H10N6/c7-4-10-5(8)12-6(11-4)9-3-1-2-3/h3H,1-2H2,(H5,7,8,9,10,11,12)"
"InChI=1S/C6H11N5O/c1-3(2)8-5-9-4(7)10-6(12)11-5/h3H,1-2H3,(H4,7,8,9,10,11,12)"
"InChI=1S/C6H12N2O/c7-6(9)5-1-3-8-4-2-5/h5,8H,1-4H2,(H2,7,9)"
"InChI=1S/C6H15O4P/c1-4-8-11(7,9-5-2)10-6-3/h4-6H2,1-3H3"
"InChI=1S/C6H4ClN3/c7-10-6-4-2-1-3-5(6)8-9-10/h1-4H"
"InChI=1S/C6H5N3/c1-2-4-6-5(3-1)7-9-8-6/h1-4H,(H,7,8,9)"
"InChI=1S/C6H5N3O/c10-5-3-1-2-4-6(5)8-9-7-4/h1-3,7,9H"
"InChI=1S/C6H5N3O/c10-9-6-4-2-1-3-5(6)7-8-9/h1-4,10H"
"InChI=1S/C6H8N2O2S/c7-5-1-3-6(4-2-5)11(8,9)10/h1-4H,7H2,(H2,8,9,10)"
"InChI=1S/C6H8N4O4/c1-9-4(3-14-6(7)11)8-2-5(9)10(12)13/h2H,3H2,1H3,(H2,7,11)"
"InChI=1S/C6H9N3O3/c1-5-7-4-6(9(11)12)8(5)2-3-10/h4,10H,2-3H2,1H3"
"InChI=1S/C7H10N2OS/c1-2-3-5-4-6(10)9-7(11)8-5/h4H,2-3H2,1H3,(H2,8,9,10,11)"
"InChI=1S/C7H10N4O2S/c8-5-1-3-6(4-2-5)14(12,13)11-7(9)10/h1-4H,8H2,(H4,9,10,11)"
"InChI=1S/C7H11N3O3/c1-6-8-5-7(10(12)13)9(6)3-2-4-11/h5,11H,2-4H2,1H3"
"InChI=1S/C7H12ClN5/c1-3-9-6-11-5(8)12-7(13-6)10-4-2/h3-4H2,1-2H3,(H2,9,10,11,12,13)"
"InChI=1S/C7H13N5O/c1-3-8-5-10-6(9-4-2)12-7(13)11-5/h3-4H2,1-2H3,(H3,8,9,10,11,12,13)"
"InChI=1S/C7H13N5O/c1-7(2,3)12-5-9-4(8)10-6(13)11-5/h1-3H3,(H4,8,9,10,11,12,13)"
"InChI=1S/C7H14NO5P/c1-6(5-7(9)8-2)13-14(10,11-3)12-4/h5H,1-4H3,(H,8,9)"
"InChI=1S/C7H5Cl2NO/c8-4-2-1-3-5(9)6(4)7(10)11/h1-3H,(H2,10,11)"
"InChI=1S/C7H5NOS/c9-7-8-5-3-1-2-4-6(5)10-7/h1-4H,(H,8,9)"
"InChI=1S/C7H5NS/c1-2-4-7-6(3-1)8-5-9-7/h1-5H"
"InChI=1S/C7H6Cl2N2O/c8-5-2-1-4(3-6(5)9)11-7(10)12/h1-3H,(H3,10,11,12)"
"InChI=1S/C7H6N2S/c8-7-9-5-3-1-2-4-6(5)10-7/h1-4H,(H2,8,9)"
"InChI=1S/C7H7Cl2NO/c1-3-5(8)7(11)6(9)4(2)10-3/h1-2H3,(H,10,11)"
"InChI=1S/C7H7N3/c1-10-7-5-3-2-4-6(7)8-9-10/h2-5H,1H3"
"InChI=1S/C7H7N3/c1-5-2-3-6-7(4-5)9-10-8-6/h2-4H,1H3,(H,8,9,10)"
"InChI=1S/C7H7N3/c1-5-3-2-4-6-7(5)9-10-8-6/h2-4H,1H3,(H,8,9,10)"
"InChI=1S/C7H8N2/c8-7(9)6-4-2-1-3-5-6/h1-5H,(H3,8,9)"
"InChI=1S/C7H8N4O2/c1-10-5-4(8-3-9-5)6(12)11(2)7(10)13/h3H,1-2H3,(H,8,9)"
"InChI=1S/C8H11Cl2NO/c1-3-5-11(6-4-2)8(12)7(9)10/h3-4,7H,1-2,5-6H2"
"InChI=1S/C8H11N/c9-7-6-8-4-2-1-3-5-8/h1-5H,6-7,9H2"
"InChI=1S/C8H11NO/c9-6-5-7-1-3-8(10)4-2-7/h1-4,10H,5-6,9H2"
"InChI=1S/C8H12N2O/c1-5(2)8-9-6(3)4-7(11)10-8/h4-5H,1-3H3,(H,9,10,11)"
"InChI=1S/C8H12N2O2S/c1-10(2)13(11,12)9-8-6-4-3-5-7-8/h3-7,9H,1-2H3"
"InChI=1S/C8H13N3OS/c1-8(2,3)5-6(12)9-7(13-4)11-10-5/h1-4H3,(H,9,11,12)"
"InChI=1S/C8H14ClN5/c1-4-10-7-12-6(9)13-8(14-7)11-5(2)3/h5H,4H2,1-3H3,(H2,10,11,12,13,14)"
"InChI=1S/C8H14N2O2/c1-2-6(8(9)12)10-5-3-4-7(10)11/h6H,2-5H2,1H3,(H2,9,12)"
"InChI=1S/C8H14N4OS/c1-8(2,3)5-6(13)12(9)7(14-4)11-10-5/h9H2,1-4H3"
"InChI=1S/C8H15N5S/c1-8(2,3)13-6-10-5(9)11-7(12-6)14-4/h1-4H3,(H3,9,10,11,12,13)"
"InChI=1S/C8H17NO2/c1-6(2)3-7(5-9)4-8(10)11/h6-7H,3-5,9H2,1-2H3,(H,10,11)"
"InChI=1S/C8H7NS2/c1-10-8-9-6-4-2-3-5-7(6)11-8/h2-5H,1H3"
"InChI=1S/C8H8Cl2N2O/c1-11-8(13)12-5-2-3-6(9)7(10)4-5/h2-4H,1H3,(H2,11,12,13)"
"InChI=1S/C8H9N3/c1-5-3-7-8(4-6(5)2)10-11-9-7/h3-4H,1-2H3,(H,9,10,11)"
"InChI=1S/C8H9NO2/c1-6(10)9-7-2-4-8(11)5-3-7/h2-5,11H,1H3,(H,9,10)"
"InChI=1S/C9H10Cl2N2O/c1-13(2)9(14)12-6-3-4-7(10)8(11)5-6/h3-5H,1-2H3,(H,12,14)"
"InChI=1S/C9H10ClN3O/c10-8-2-1-7(5-12-8)6-13-4-3-11-9(13)14/h1-2,5H,3-4,6H2,(H,11,14)"
"InChI=1S/C9H10ClN5O2/c10-8-2-1-7(5-12-8)6-14-4-3-11-9(14)13-15(16)17/h1-2,5H,3-4,6H2,(H,11,13)"
"InChI=1S/C9H10N4O2S2/c1-6-11-12-9(16-6)13-17(14,15)8-4-2-7(10)3-5-8/h2-5H,10H2,1H3,(H,12,13)"
"InChI=1S/C9H11Cl2FN2O2S2/c1-13(2)18(15,16)14(17-9(10,11)12)8-6-4-3-5-7-8/h3-7H,1-2H3"
"InChI=1S/C9H11F2N3O4/c10-9(11)6(16)4(3-15)18-7(9)14-2-1-5(12)13-8(14)17/h1-2,4,6-7,15-16H,3H2,(H2,12,13,17)"
"InChI=1S/C9H11NO/c1-7-3-4-9(10-6-11)8(2)5-7/h3-6H,1-2H3,(H,10,11)"
"InChI=1S/C9H12N2/c1-3-8(7-10-5-1)9-4-2-6-11-9/h1,3,5,7,9,11H,2,4,6H2"
"InChI=1S/C9H13N/c1-8(10)7-9-5-3-2-4-6-9/h2-6,8H,7,10H2,1H3"
"InChI=1S/C9H13NO/c1-7(10)9(11)8-5-3-2-4-6-8/h2-7,9,11H,10H2,1H3"
"InChI=1S/C9H16ClN5/c1-5-11-7-12-6(10)13-8(14-7)15-9(2,3)4/h5H2,1-4H3,(H2,11,12,13,14,15)"
"InChI=1S/C9H17N5O/c1-5(2)10-7-12-8(11-6(3)4)14-9(15)13-7/h5-6H,1-4H3,(H3,10,11,12,13,14,15)"
"InChI=1S/C9H17N5O/c1-5-10-6-11-7(13-8(15)12-6)14-9(2,3)4/h5H2,1-4H3,(H3,10,11,12,13,14,15)"
"InChI=1S/C9H17NO2/c10-7-9(6-8(11)12)4-2-1-3-5-9/h1-7,10H2,(H,11,12)"
"InChI=1S/C9H7Cl2N5/c10-5-3-1-2-4(6(5)11)7-8(12)14-9(13)16-15-7/h1-3H,(H4,12,13,14,16)"
"InChI=1S/C9H9N3O2S2/c10-7-1-3-8(4-2-7)16(13,14)12-9-11-5-6-15-9/h1-6H,10H2,(H,11,12)"
