"inchi","maccs_1","maccs_2","maccs_3","maccs_4","maccs_5","maccs_6","maccs_7","maccs_8","maccs_9","maccs_10","maccs_11","maccs_12","maccs_13","maccs_14","maccs_15","maccs_16","maccs_17","maccs_18","maccs_19","maccs_20","maccs_21","maccs_22","maccs_23","maccs_24","maccs_25","maccs_26","maccs_27","maccs_28","maccs_29","maccs_30","maccs_31","maccs_32","maccs_33","maccs_34","maccs_35","maccs_36","maccs_37","maccs_38","maccs_39","maccs_40","maccs_41","maccs_42","maccs_43","maccs_44","maccs_45","maccs_46","maccs_47","maccs_48","maccs_49","maccs_50","maccs_51","maccs_52","maccs_53","maccs_54","maccs_55","maccs_56","maccs_57","maccs_58","maccs_59","maccs_60","maccs_61","maccs_62","maccs_63","maccs_64","maccs_65","maccs_66","maccs_67","maccs_68","maccs_69","maccs_70","maccs_71","maccs_72","maccs_73","maccs_74","maccs_75","maccs_76","maccs_77","maccs_78","maccs_79","maccs_80","maccs_81","maccs_82","maccs_83","maccs_84","maccs_85","maccs_86","maccs_87","maccs_88","maccs_89","maccs_90","maccs_91","maccs_92","maccs_93","maccs_94","maccs_95","maccs_96","maccs_97","maccs_98","maccs_99","maccs_100","maccs_101","maccs_102","maccs_103","maccs_104","maccs_105","maccs_106","maccs_107","maccs_108","maccs_109","maccs_110","maccs_111","maccs_112","maccs_113","maccs_114","maccs_115","maccs_116","maccs_117","maccs_118","maccs_119","maccs_120","maccs_121","maccs_122","maccs_123","maccs_124","maccs_125","maccs_126","maccs_127","maccs_128","maccs_129","maccs_130","maccs_131","maccs_132","maccs_133","maccs_134","maccs_135","maccs_136","maccs_137","maccs_138","maccs_139","maccs_140","maccs_141","maccs_142","maccs_143","maccs_144","maccs_145","maccs_146","maccs_147","maccs_148","maccs_149","maccs_150","maccs_151","maccs_152","maccs_153","maccs_154","maccs_155","maccs_156","maccs_157"
"InChI=1S/C10H7N3S/c14-10-12-8-5-11-7-4-2-1-3-6(7)9(8)13-10/h1-5H,(H2,12,13,14)",1,2,0,0,0,0,0,1,1,0,2,2,0,0,2,0,0,0,0,0,1,0,1,0,0,0,1,0,0,0,0,0,0,0,0,0,0,2,0,0,0,0,0,0,0,0,0,0,0,0,0,0,0,0,0,0,0,0,0,0,0,0,0,0,3,3,5,0,0,0,1,2,0,0,0,0,0,0,1,2,2,0,0,0,0,0,0,0,1,3,0,0,0,0,0,0,0,0,0,0,0,0,0,0,0,0,0,0,0,0,0,13,4,0,0,0,1,3,0,0,0,0,0,0,0,0,0,0,0,0,0,0,0,0,0,0,0,0,0,6,0,0,13,0,0,1,2,0,0,0,1,0,4,4,0,0,0
"InChI=1S/C10H7N3S/c11-10-13-8-5-12-7-4-2-1-3-6(7)9(8)14-10/h1-5H,(H2,11,13)",1,2,0,0,0,0,0,1,2,0,0,0,0,0,2,0,0,0,1,0,1,0,1,0,0,0,1,0,0,0,0,0,0,0,0,0,0,2,0,0,0,0,0,0,0,0,0,0,0,0,0,1,0,0,0,0,0,0,0,0,0,0,0,0,3,3,4,1,2,2,1,2,0,0,0,0,0,0,1,1,0,0,0,0,0,0,0,0,2,2,0,0,0,0,0,0,0,0,0,0,0,0,0,0,0,0,0,0,0,0,0,13,4,0,0,0,1,3,0,0,0,0,0,0,0,0,0,0,0,0,0,0,0,0,0,0,0,0,0,4,0,0,13,0,0,1,2,0,0,0,1,0,4,4,0,0,0
"InChI=1S/C10H7N3S/c1-2-8-10(11-4-1)13-9(12-8)7-3-5-14-6-7/h1-6H,(H,11,12,13)",1,1,0,0,0,0,0,1,2,0,0,0,0,0,0,0,0,0,1,0,1,0,2,0,0,0,0,0,0,0,0,0,0,0,0,0,0,1,0,0,0,0,0,0,0,0,0,0,0,0,0,0,0,0,0,0,0,0,0,0,0,0,0,0,4,3,4,0,0,0,1,2,0,2,0,0,0,0,2,2,1,0,0,0,0,0,0,0,1,3,0,0,0,0,0,0,0,0,0,0,0,0,0,0,0,0,0,0,0,0,0,14,3,0,0,0,0,4,0,0,0,0,0,0,0,0,0,0,0,0,0,0,0,0,0,0,0,0,0,6,0,0,14,0,0,2,1,0,0,0,1,1,6,2,0,0,0
"InChI=1S/C10H7N3S/c1-3-11-5-9-8(1)12-10(13-9)7-2-4-14-6-7/h1-6H,(H,12,13)",1,1,0,0,0,0,0,1,2,0,0,0,0,0,0,0,0,0,1,0,1,0,2,0,0,0,0,0,0,0,0,0,0,0,0,0,0,1,0,0,0,0,0,0,0,0,0,0,0,0,0,0,0,0,0,0,0,0,0,0,0,0,0,0,4,3,5,0,0,0,1,2,0,1,0,0,0,0,1,2,2,0,0,0,0,0,0,0,1,3,0,0,0,0,0,0,0,0,0,0,0,0,0,0,0,0,0,0,0,0,0,14,2,0,0,0,0,4,0,0,0,0,0,0,0,0,0,0,0,0,0,0,0,0,0,0,0,0,0,6,0,0,14,0,0,2,1,0,0,0,1,1,5,2,0,0,0
"InChI=1S/C10H7N3S/c11-10-8-9(14-5-12-8)6-3-1-2-4-7(6)13-10/h1-5H,(H2,11,13)",1,2,0,0,0,0,0,1,2,0,0,0,0,0,1,0,0,0,1,0,1,0,1,0,0,0,0,0,0,0,0,0,0,0,0,0,0,2,0,0,0,0,0,0,0,0,0,0,0,0,0,1,0,0,0,0,0,0,0,0,0,0,0,0,3,3,4,1,2,2,1,2,0,1,0,0,0,0,1,2,0,0,0,0,0,0,0,0,2,2,0,0,0,0,0,0,0,0,0,0,0,0,0,0,0,0,0,0,0,0,0,13,4,0,0,0,1,3,0,0,0,0,0,0,0,0,0,0,0,0,0,0,0,0,0,0,0,0,0,4,0,0,13,0,0,1,2,0,0,0,1,0,4,4,0,0,0
"InChI=1S/C10H7N3S/c14-10-9-8(11-5-12-9)6-3-1-2-4-7(6)13-10/h1-5H,(H,11,12)(H,13,14)",1,2,0,0,0,0,0,1,1,0,2,2,0,0,1,0,0,0,0,0,1,0,1,0,0,0,0,0,0,0,0,0,0,0,0,0,0,2,0,1,0,0,0,0,0,0,0,0,0,0,0,0,0,0,0,0,0,0,0,0,0,0,0,0,3,3,5,0,0,0,1,2,0,0,0,0,0,0,1,2,2,0,0,0,0,0,0,0,1,3,0,0,0,0,0,0,0,0,0,0,0,0,0,0,0,0,0,0,0,0,0,13,4,0,0,0,0,3,0,0,0,0,0,0,0,0,0,0,0,0,0,0,0,0,0,0,0,0,0,6,0,0,13,0,0,1,2,0,0,0,1,0,4,4,0,0,0
"InChI=1S/C10H7N3S/c1-3-7-9(11-5-1)13-10(12-7)8-4-2-6-14-8/h1-6H,(H,11,12,13)",1,1,0,0,0,0,0,1,2,0,0,0,0,0,0,0,0,0,1,0,1,0,2,0,0,0,0,0,0,0,0,0,0,0,0,0,0,1,0,0,0,0,0,0,0,0,0,0,0,0,0,0,0,0,0,0,0,0,0,0,0,0,0,0,4,3,4,0,0,0,1,2,0,2,0,0,0,0,2,2,1,0,0,0,0,0,0,0,1,3,0,0,0,0,0,0,0,0,0,0,0,0,0,0,0,0,0,0,0,0,0,14,4,0,0,0,0,4,0,0,0,0,0,0,0,0,0,0,0,0,0,0,0,0,0,0,0,0,0,6,0,0,14,0,0,2,1,0,0,0,1,1,6,2,0,0,0
"InChI=1S/C10H7N3S/c1-2-9(14-5-1)10-12-7-3-4-11-6-8(7)13-10/h1-6H,(H,12,13)",1,1,0,0,0,0,0,1,2,0,0,0,0,0,0,0,0,0,1,0,1,0,2,0,0,0,0,0,0,0,0,0,0,0,0,0,0,1,0,0,0,0,0,0,0,0,0,0,0,0,0,0,0,0,0,0,0,0,0,0,0,0,0,0,4,3,5,0,0,0,1,2,0,1,0,0,0,0,1,2,2,0,0,0,0,0,0,0,1,3,0,0,0,0,0,0,0,0,0,0,0,0,0,0,0,0,0,0,0,0,0,14,3,0,0,0,0,4,0,0,0,0,0,0,0,0,0,0,0,0,0,0,0,0,0,0,0,0,0,6,0,0,14,0,0,2,1,0,0,0,1,1,5,2,0,0,0
"InChI=1S/C10H7N3S/c1-2-4-8-7(3-1)12-10(13-8)9-5-11-6-14-9/h1-6H,(H,12,13)",1,1,0,0,0,0,0,1,2,0,0,0,0,0,1,0,0,0,1,0,1,0,2,0,0,0,0,0,0,0,0,0,0,0,0,0,0,1,0,0,0,0,0,0,0,0,0,0,0,0,0,0,0,0,0,0,0,0,0,0,0,0,0,0,4,3,5,0,0,0,1,2,0,1,0,0,0,0,1,1,2,0,0,0,0,0,0,0,1,3,0,0,0,0,0,0,0,0,0,0,0,0,0,0,0,0,0,0,0,0,0,14,3,0,0,0,0,4,0,0,0,0,0,0,0,0,0,0,0,0,0,0,0,0,0,0,0,0,0,6,0,0,14,0,0,2,1,0,0,0,0,1,5,2,0,0,0
"InChI=1S/C10H7N3S/c1-2-9-8(13-6-14-9)5-7(1)10-11-3-4-12-10/h1-6H,(H,11,12)",1,1,0,0,0,0,0,1,2,0,0,0,0,0,1,0,0,0,1,0,1,0,2,0,0,0,0,0,0,0,0,0,0,0,0,0,0,1,0,0,0,0,0,0,0,0,0,0,0,0,0,0,0,0,0,0,0,0,0,0,0,0,0,0,4,3,5,0,0,0,1,2,0,1,0,0,0,0,1,1,0,0,0,0,0,0,0,0,1,3,0,0,0,0,0,0,0,0,0,0,0,0,0,0,0,0,0,0,0,0,0,14,3,0,0,0,0,4,0,0,0,0,0,0,0,0,0,0,0,0,0,0,0,0,0,0,0,0,0,6,0,0,14,0,0,2,1,0,0,0,0,1,6,2,0,0,0
"InChI=1S/C10H7N3S/c1-2-8-9(14-6-13-8)5-7(1)10-11-3-4-12-10/h1-6H,(H,11,12)",1,1,0,0,0,0,0,1,2,0,0,0,0,0,1,0,0,0,1,0,1,0,2,0,0,0,0,0,0,0,0,0,0,0,0,0,0,1,0,0,0,0,0,0,0,0,0,0,0,0,0,0,0,0,0,0,0,0,0,0,0,0,0,0,4,3,5,0,0,0,1,2,0,1,0,0,0,0,1,1,0,0,0,0,0,0,0,0,1,3,0,0,0,0,0,0,0,0,0,0,0,0,0,0,0,0,0,0,0,0,0,14,3,0,0,0,0,4,0,0,0,0,0,0,0,0,0,0,0,0,0,0,0,0,0,0,0,0,0,6,0,0,14,0,0,2,1,0,0,0,0,1,6,2,0,0,0
"InChI=1S/C10H7N3S/c1-2-4-8-7(3-1)12-10(13-8)9-5-14-6-11-9/h1-6H,(H,12,13)",1,1,0,0,0,0,0,1,2,0,0,0,0,0,1,0,0,0,1,0,1,0,2,0,0,0,0,0,0,0,0,0,0,0,0,0,0,1,0,0,0,0,0,0,0,0,0,0,0,0,0,0,0,0,0,0,0,0,0,0,0,0,0,0,4,3,5,0,0,0,1,2,0,1,0,0,0,0,1,3,0,0,0,0,0,0,0,0,1,3,0,0,0,0,0,0,0,0,0,0,0,0,0,0,0,0,0,0,0,0,0,14,3,0,0,0,0,4,0,0,0,0,0,0,0,0,0,0,0,0,0,0,0,0,0,0,0,0,0,6,0,0,14,0,0,2,1,0,0,0,0,1,5,2,0,0,0
"InChI=1S/C10H7N3S/c14-10-9-8(11-5-12-10)6-3-1-2-4-7(6)13-9/h1-5,13H,(H,11,12,14)",1,2,0,0,0,0,0,1,1,0,2,2,0,0,1,0,0,0,0,0,1,0,1,0,0,0,0,0,0,0,0,0,0,0,0,0,0,2,0,1,0,0,0,0,0,0,0,0,0,0,0,0,0,0,0,0,0,0,0,0,0,0,0,0,3,3,5,0,0,0,1,2,0,0,0,0,0,0,1,2,2,0,0,0,0,0,0,0,1,3,0,0,0,0,0,0,0,0,0,0,0,0,0,0,0,0,0,0,0,0,0,13,3,0,0,0,0,3,0,0,0,0,0,0,0,0,0,0,0,0,0,0,0,0,0,0,0,0,0,6,0,0,13,0,0,1,2,0,0,0,1,0,3,4,0,0,0
"InChI=1S/C10H7N3S/c14-7-13-9-4-2-1-3-8(9)10-11-5-6-12-10/h1-6H,(H,11,12)",1,1,0,0,0,0,0,1,0,1,0,0,0,0,1,0,0,0,0,0,1,0,1,0,0,0,0,0,0,0,0,0,0,0,0,0,0,1,0,0,0,0,0,0,0,0,0,0,0,0,0,1,1,0,0,0,0,0,0,0,0,0,0,0,2,3,4,1,2,2,1,2,0,1,0,0,0,0,1,1,2,0,0,0,0,0,0,0,1,2,0,0,0,0,0,0,0,0,0,0,0,0,0,0,0,0,0,0,0,0,0,11,6,0,0,0,0,2,0,0,0,0,0,0,0,0,0,0,0,0,0,0,0,0,0,0,0,0,0,4,0,0,11,0,0,1,1,0,0,0,0,1,9,0,0,0,0
"InChI=1S/C10H7N3S/c14-7-13-9-3-1-8(2-4-9)10-11-5-6-12-10/h1-6H,(H,11,12)",1,1,0,0,0,0,0,1,0,1,0,0,0,0,1,0,0,0,0,0,1,0,1,0,0,0,0,0,0,0,0,0,0,0,0,0,0,1,0,0,0,0,0,0,0,0,0,0,0,0,0,1,1,0,0,0,0,0,0,0,0,0,0,0,2,3,4,1,2,2,1,2,0,1,0,0,0,0,1,1,0,0,0,0,0,0,0,0,1,2,0,0,0,0,0,0,0,0,0,0,0,0,0,0,0,0,0,0,0,0,0,11,6,0,0,0,0,2,0,0,0,0,0,0,0,0,0,0,0,0,0,0,0,0,0,0,0,0,0,4,0,0,11,0,0,1,1,0,0,0,0,1,9,0,0,0,0
"InChI=1S/C10H7N3S/c1-4-14-6-7(1)8-5-9-10(13-8)12-3-2-11-9/h1-6H,(H,12,13)",1,1,0,0,0,0,0,1,2,0,0,0,0,0,0,0,0,0,1,0,1,0,2,0,0,0,0,0,0,0,0,0,0,0,0,0,0,1,0,0,0,0,0,0,0,0,0,0,0,0,0,0,0,0,0,0,0,0,0,0,0,0,0,0,4,3,5,0,0,0,1,2,0,1,0,0,0,0,1,3,1,0,0,0,0,0,0,0,1,3,0,0,0,0,0,0,0,0,0,0,0,0,0,0,0,0,0,0,0,0,0,14,3,0,0,0,0,4,0,0,0,0,0,0,0,0,0,0,0,0,0,0,0,0,0,0,0,0,0,6,0,0,14,0,0,2,1,0,0,0,1,1,6,2,0,0,0
"InChI=1S/C10H7N3S/c1-2-4-8-7(3-1)12-9(13-8)10-11-5-6-14-10/h1-6H,(H,12,13)",1,1,0,0,0,0,0,1,2,0,0,0,0,0,1,0,0,0,1,0,1,0,2,0,0,0,0,0,0,0,0,0,0,0,0,0,0,1,0,0,0,0,0,0,0,0,0,0,0,0,0,0,0,0,0,0,0,0,0,0,0,0,0,0,4,3,5,0,0,0,1,2,0,1,0,0,0,0,1,3,0,0,0,0,0,0,0,0,1,3,0,0,0,0,0,0,0,0,0,0,0,0,0,0,0,0,0,0,0,0,0,14,4,0,0,0,0,4,0,0,0,0,0,0,0,0,0,0,0,0,0,0,0,0,0,0,0,0,0,6,0,0,14,0,0,2,1,0,0,0,0,1,5,2,0,0,0
"InChI=1S/C10H7N3S/c1-2-10-8(13-6-14-10)3-7(1)9-4-11-5-12-9/h1-6H,(H,11,12)",1,1,0,0,0,0,0,1,2,0,0,0,0,0,1,0,0,0,1,0,1,0,2,0,0,0,0,0,0,0,0,0,0,0,0,0,0,1,0,0,0,0,0,0,0,0,0,0,0,0,0,0,0,0,0,0,0,0,0,0,0,0,0,0,4,3,5,0,0,0,1,2,0,0,0,0,0,0,1,1,0,0,0,0,0,0,0,0,1,3,0,0,0,0,0,0,0,0,0,0,0,0,0,0,0,0,0,0,0,0,0,14,2,0,0,0,0,4,0,0,0,0,0,0,0,0,0,0,0,0,0,0,0,0,0,0,0,0,0,6,0,0,14,0,0,2,1,0,0,0,0,1,6,2,0,0,0
"InChI=1S/C10H7N3S/c1-2-8-10(14-6-13-8)3-7(1)9-4-11-5-12-9/h1-6H,(H,11,12)",1,1,0,0,0,0,0,1,2,0,0,0,0,0,1,0,0,0,1,0,1,0,2,0,0,0,0,0,0,0,0,0,0,0,0,0,0,1,0,0,0,0,0,0,0,0,0,0,0,0,0,0,0,0,0,0,0,0,0,0,0,0,0,0,4,3,5,0,0,0,1,2,0,0,0,0,0,0,1,1,0,0,0,0,0,0,0,0,1,3,0,0,0,0,0,0,0,0,0,0,0,0,0,0,0,0,0,0,0,0,0,14,2,0,0,0,0,4,0,0,0,0,0,0,0,0,0,0,0,0,0,0,0,0,0,0,0,0,0,6,0,0,14,0,0,2,1,0,0,0,0,1,6,2,0,0,0
"InChI=1S/C10H7N3S/c1-2-8(14-5-1)7-3-4-11-10-9(7)12-6-13-10/h1-6H,(H,11,12,13)",1,1,0,0,0,0,0,1,2,0,0,0,0,0,0,0,0,0,1,0,1,0,2,0,0,0,0,0,0,0,0,0,0,0,0,0,0,1,0,0,0,0,0,0,0,0,0,0,0,0,0,0,0,0,0,0,0,0,0,0,0,0,0,0,4,3,4,0,0,0,1,2,0,1,0,0,0,0,2,2,1,0,0,0,0,0,0,0,1,3,0,0,0,0,0,0,0,0,0,0,0,0,0,0,0,0,0,0,0,0,0,14,4,0,0,0,0,4,0,0,0,0,0,0,0,0,0,0,0,0,0,0,0,0,0,0,0,0,0,6,0,0,14,0,0,2,1,0,0,0,1,1,6,2,0,0,0
"InChI=1S/C10H7N3S/c1-7-2-3-8-9(4-7)11-5-10(13-8)12-6-14/h2-5H,1H3",1,2,1,0,0,0,0,1,0,1,0,0,0,0,1,0,0,0,0,0,0,0,0,0,0,0,0,0,0,0,0,0,0,0,0,0,0,0,0,0,0,0,0,0,0,0,0,0,0,0,0,1,1,0,0,0,0,0,0,0,0,0,0,0,2,3,4,1,2,2,0,0,0,1,0,0,0,0,1,3,0,0,0,0,0,0,0,0,0,2,0,0,0,0,0,0,0,0,0,0,0,0,0,0,0,0,0,0,0,0,0,10,4,0,0,0,0,2,0,0,0,0,1,0,0,0,0,1,0,0,0,0,0,0,0,0,0,0,0,4,0,0,10,0,0,0,2,0,0,0,1,0,4,2,0,0,0
"InChI=1S/C10H7N3S/c1-7-2-3-8-9(4-7)13-10(5-11-8)12-6-14/h2-5H,1H3",1,2,1,0,0,0,0,1,0,1,0,0,0,0,1,0,0,0,0,0,0,0,0,0,0,0,0,0,0,0,0,0,0,0,0,0,0,0,0,0,0,0,0,0,0,0,0,0,0,0,0,1,1,0,0,0,0,0,0,0,0,0,0,0,2,3,4,1,2,2,0,0,0,1,0,0,0,0,1,3,0,0,0,0,0,0,0,0,0,2,0,0,0,0,0,0,0,0,0,0,0,0,0,0,0,0,0,0,0,0,0,10,4,0,0,0,0,2,0,0,0,0,1,0,0,0,0,1,0,0,0,0,0,0,0,0,0,0,0,4,0,0,10,0,0,0,2,0,0,0,1,0,4,2,0,0,0
"InChI=1S/C10H7N3S/c1-2-9(14-5-1)7-6-8-10(13-7)12-4-3-11-8/h1-6H,(H,12,13)",1,1,0,0,0,0,0,1,2,0,0,0,0,0,0,0,0,0,1,0,1,0,2,0,0,0,0,0,0,0,0,0,0,0,0,0,0,1,0,0,0,0,0,0,0,0,0,0,0,0,0,0,0,0,0,0,0,0,0,0,0,0,0,0,4,3,5,0,0,0,1,2,0,1,0,0,0,0,1,3,1,0,0,0,0,0,0,0,1,3,0,0,0,0,0,0,0,0,0,0,0,0,0,0,0,0,0,0,0,0,0,14,4,0,0,0,0,4,0,0,0,0,0,0,0,0,0,0,0,0,0,0,0,0,0,0,0,0,0,6,0,0,14,0,0,2,1,0,0,0,1,1,6,2,0,0,0
"InChI=1S/C10H7N3S/c1-2-7(10-11-4-5-14-10)9-8(3-1)12-6-13-9/h1-6H,(H,12,13)",1,1,0,0,0,0,0,1,2,0,0,0,0,0,1,0,0,0,1,0,1,0,2,0,0,0,0,0,0,0,0,0,0,0,0,0,0,1,0,0,0,0,0,0,0,0,0,0,0,0,0,0,0,0,0,0,0,0,0,0,0,0,0,0,4,3,5,0,0,0,1,2,0,0,0,0,0,0,1,1,1,0,0,0,0,0,0,0,1,3,0,0,0,0,0,0,0,0,0,0,0,0,0,0,0,0,0,0,0,0,0,14,4,0,0,0,0,4,0,0,0,0,0,0,0,0,0,0,0,0,0,0,0,0,0,0,0,0,0,6,0,0,14,0,0,2,1,0,0,0,0,1,5,2,0,0,0
"InChI=1S/C10H7N3S/c1-2-4-9-8(3-1)12-10(13-9)7-5-11-14-6-7/h1-6H,(H,12,13)",1,1,0,0,0,0,0,1,1,0,0,0,0,0,0,0,0,0,1,0,1,0,2,1,0,1,0,0,1,0,1,0,0,0,0,0,0,1,0,0,0,0,0,0,0,0,0,0,0,0,0,0,0,0,0,0,0,0,0,0,0,0,0,0,4,3,4,0,0,0,1,2,1,1,0,0,0,0,1,1,2,0,0,0,0,0,0,0,1,3,0,0,0,0,0,0,0,0,0,0,0,0,0,0,0,0,0,0,0,0,0,14,3,0,0,0,0,4,0,0,0,0,0,0,0,0,0,0,0,0,0,0,0,0,0,0,0,0,0,5,0,0,14,0,0,2,1,0,0,0,0,1,6,2,0,0,0
"InChI=1S/C10H7N3S/c1-2-8-9(13-6-12-8)5-7(1)10-11-3-4-14-10/h1-6H,(H,12,13)",1,1,0,0,0,0,0,1,2,0,0,0,0,0,1,0,0,0,1,0,1,0,2,0,0,0,0,0,0,0,0,0,0,0,0,0,0,1,0,0,0,0,0,0,0,0,0,0,0,0,0,0,0,0,0,0,0,0,0,0,0,0,0,0,4,3,5,0,0,0,1,2,0,0,0,0,0,0,1,1,0,0,0,0,0,0,0,0,1,3,0,0,0,0,0,0,0,0,0,0,0,0,0,0,0,0,0,0,0,0,0,14,3,0,0,0,0,4,0,0,0,0,0,0,0,0,0,0,0,0,0,0,0,0,0,0,0,0,0,6,0,0,14,0,0,2,1,0,0,0,0,1,5,2,0,0,0
"InChI=1S/C10H7N3S/c11-10-9-8(12-5-13-10)6-3-1-2-4-7(6)14-9/h1-5H,(H2,11,12,13)",1,2,0,0,0,0,0,1,2,0,0,0,0,0,0,0,0,0,1,0,1,0,1,0,0,0,0,0,0,0,0,0,0,0,0,0,0,2,0,0,0,0,0,0,0,0,0,0,0,0,0,1,0,0,0,0,0,0,0,0,0,0,0,0,3,3,3,1,2,2,1,2,0,1,0,0,0,0,2,0,3,0,0,0,0,0,0,0,2,2,0,0,0,0,0,0,0,0,0,0,0,0,0,0,0,0,0,0,0,0,0,13,5,0,0,0,1,3,0,0,0,0,0,0,0,0,0,0,0,0,0,0,0,0,0,0,0,0,0,4,0,0,13,0,0,1,2,0,0,0,1,0,5,4,0,0,0
"InChI=1S/C10H7N3S/c11-10-13-9-6-2-1-5-12-7(6)3-4-8(9)14-10/h1-5H,(H2,11,13)",1,2,0,0,0,0,0,1,2,0,0,0,0,0,2,0,0,0,1,0,1,0,1,0,0,0,1,0,0,0,0,0,0,0,0,0,0,2,0,0,0,0,0,0,0,0,0,0,0,0,0,1,0,0,0,0,0,0,0,0,0,0,0,0,3,3,4,1,2,2,1,2,0,0,0,0,0,0,1,0,1,0,0,0,0,0,0,0,2,2,0,0,0,0,0,0,0,0,0,0,0,0,0,0,0,0,0,0,0,0,0,13,4,0,0,0,1,3,0,0,0,0,0,0,0,0,0,0,0,0,0,0,0,0,0,0,0,0,0,4,0,0,13,0,0,1,2,0,0,0,1,0,4,4,0,0,0
"InChI=1S/C10H7N3S/c1-2-7(9-4-14-6-13-9)10-8(3-1)11-5-12-10/h1-6H,(H,11,12)",1,1,0,0,0,0,0,1,2,0,0,0,0,0,1,0,0,0,1,0,1,0,2,0,0,0,0,0,0,0,0,0,0,0,0,0,0,1,0,0,0,0,0,0,0,0,0,0,0,0,0,0,0,0,0,0,0,0,0,0,0,0,0,0,4,3,5,0,0,0,1,2,0,0,0,0,0,0,1,1,1,0,0,0,0,0,0,0,1,3,0,0,0,0,0,0,0,0,0,0,0,0,0,0,0,0,0,0,0,0,0,14,3,0,0,0,0,4,0,0,0,0,0,0,0,0,0,0,0,0,0,0,0,0,0,0,0,0,0,6,0,0,14,0,0,2,1,0,0,0,0,1,5,2,0,0,0
"InChI=1S/C10H7N3S/c14-10-9-5-11-6-13(9)8-4-2-1-3-7(8)12-10/h1-6H,(H,12,14)",1,2,0,0,0,0,0,1,1,0,2,2,0,0,1,0,0,0,0,0,1,0,1,0,0,0,0,0,0,0,0,0,0,0,0,0,0,1,0,0,0,0,0,0,0,0,0,0,0,0,0,0,0,0,1,0,0,0,0,0,0,0,0,0,3,3,6,0,0,0,1,0,0,0,0,0,0,0,1,3,1,0,0,0,0,0,0,0,0,3,0,0,0,0,0,0,0,0,0,0,0,0,0,0,0,0,0,0,0,0,0,13,3,0,0,0,0,3,0,0,0,0,0,0,0,0,0,0,0,0,0,0,0,0,0,0,0,0,0,7,0,0,13,0,0,1,2,0,0,0,1,0,3,4,0,0,0
"InChI=1S/C10H7N3S/c1-6-11-9-10(14-6)13-8-5-3-2-4-7(8)12-9/h2-5H,1H3",1,2,1,0,0,0,0,1,2,0,0,0,0,0,2,0,0,0,1,0,0,0,1,0,0,0,0,0,0,0,0,0,0,0,0,0,0,0,0,0,0,0,0,0,0,0,0,0,0,0,0,0,0,0,0,0,0,0,0,0,0,0,0,0,4,3,5,0,0,0,0,0,0,1,0,0,0,0,1,3,1,0,0,0,0,0,0,0,0,3,0,0,0,0,0,0,0,0,0,0,0,0,0,0,0,0,0,0,0,0,0,13,3,0,0,0,0,4,0,0,0,0,1,0,0,0,0,1,0,0,0,0,0,0,0,0,0,0,0,6,0,0,13,0,0,1,2,0,0,0,1,0,3,4,0,0,0
"InChI=1S/C10H7N3S/c11-10-13-8-4-3-7-6(9(8)14-10)2-1-5-12-7/h1-5H,(H2,11,13)",1,2,0,0,0,0,0,1,2,0,0,0,0,0,2,0,0,0,1,0,1,0,1,0,0,0,1,0,0,0,0,0,0,0,0,0,0,2,0,0,0,0,0,0,0,0,0,0,0,0,0,1,0,0,0,0,0,0,0,0,0,0,0,0,3,3,4,1,2,2,1,2,0,0,0,0,0,0,1,0,0,0,0,0,0,0,0,0,2,2,0,0,0,0,0,0,0,0,0,0,0,0,0,0,0,0,0,0,0,0,0,13,4,0,0,0,1,3,0,0,0,0,0,0,0,0,0,0,0,0,0,0,0,0,0,0,0,0,0,4,0,0,13,0,0,1,2,0,0,0,1,0,4,4,0,0,0
"InChI=1S/C10H7N3S/c1-2-8-9(12-6-11-8)5-7(1)10-3-4-13-14-10/h1-6H,(H,11,12)",1,1,0,0,0,0,0,1,1,0,0,0,0,0,0,0,0,0,1,0,1,0,2,1,0,1,0,0,1,0,1,0,0,0,0,0,0,1,0,0,0,0,0,0,0,0,0,0,0,0,0,0,0,0,0,0,0,0,0,0,0,0,0,0,4,3,4,0,0,0,1,2,1,0,0,0,0,0,1,1,0,0,0,0,0,0,0,0,1,3,0,0,0,0,0,0,0,0,0,0,0,0,0,0,0,0,0,0,0,0,0,14,3,0,0,0,0,4,0,0,0,0,0,0,0,0,0,0,0,0,0,0,0,0,0,0,0,0,0,5,0,0,14,0,0,2,1,0,0,0,0,1,6,2,0,0,0
"InChI=1S/C10H7N3S/c11-10-13-8-2-1-6-5-12-4-3-7(6)9(8)14-10/h1-5H,(H2,11,13)",1,2,0,0,0,0,0,1,2,0,0,0,0,0,2,0,0,0,1,0,1,0,1,0,0,0,1,0,0,0,0,0,0,0,0,0,0,2,0,0,0,0,0,0,0,0,0,0,0,0,0,1,0,0,0,0,0,0,0,0,0,0,0,0,3,3,4,1,2,2,1,2,0,0,0,0,0,0,1,0,0,0,0,0,0,0,0,0,2,2,0,0,0,0,0,0,0,0,0,0,0,0,0,0,0,0,0,0,0,0,0,13,3,0,0,0,1,3,0,0,0,0,0,0,0,0,0,0,0,0,0,0,0,0,0,0,0,0,0,4,0,0,13,0,0,1,2,0,0,0,1,0,3,4,0,0,0
"InChI=1S/C10H7N3S/c1-3-11-10-8(1)9(12-6-13-10)7-2-4-14-5-7/h1-6H,(H,11,12,13)",1,1,0,0,0,0,0,1,2,0,0,0,0,0,0,0,0,0,1,0,1,0,2,0,0,0,0,0,0,0,0,0,0,0,0,0,0,1,0,0,0,0,0,0,0,0,0,0,0,0,0,0,0,0,0,0,0,0,0,0,0,0,0,0,4,3,4,0,0,0,1,2,0,1,0,0,0,0,2,0,3,0,0,0,0,0,0,0,1,3,0,0,0,0,0,0,0,0,0,0,0,0,0,0,0,0,0,0,0,0,0,14,3,0,0,0,0,4,0,0,0,0,0,0,0,0,0,0,0,0,0,0,0,0,0,0,0,0,0,6,0,0,14,0,0,2,1,0,0,0,1,1,5,2,0,0,0
"InChI=1S/C10H7N3S/c1-2-8-4-13-14-10(8)3-7(1)9-5-11-6-12-9/h1-6H,(H,11,12)",1,1,0,0,0,0,0,1,1,0,0,0,0,0,0,0,0,0,1,0,1,0,2,1,0,1,0,0,1,0,1,0,0,0,0,0,0,1,0,0,0,0,0,0,0,0,0,0,0,0,0,0,0,0,0,0,0,0,0,0,0,0,0,0,4,3,4,0,0,0,1,2,1,0,0,0,0,0,1,1,0,0,0,0,0,0,0,0,1,3,0,0,0,0,0,0,0,0,0,0,0,0,0,0,0,0,0,0,0,0,0,14,2,0,0,0,0,4,0,0,0,0,0,0,0,0,0,0,0,0,0,0,0,0,0,0,0,0,0,5,0,0,14,0,0,2,1,0,0,0,0,1,6,2,0,0,0
"InChI=1S/C10H7N3S/c11-10-13-8-2-1-6-3-4-12-5-7(6)9(8)14-10/h1-5H,(H2,11,13)",1,2,0,0,0,0,0,1,2,0,0,0,0,0,2,0,0,0,1,0,1,0,1,0,0,0,1,0,0,0,0,0,0,0,0,0,0,2,0,0,0,0,0,0,0,0,0,0,0,0,0,1,0,0,0,0,0,0,0,0,0,0,0,0,3,3,4,1,2,2,1,2,0,0,0,0,0,0,1,0,0,0,0,0,0,0,0,0,2,2,0,0,0,0,0,0,0,0,0,0,0,0,0,0,0,0,0,0,0,0,0,13,3,0,0,0,1,3,0,0,0,0,0,0,0,0,0,0,0,0,0,0,0,0,0,0,0,0,0,4,0,0,13,0,0,1,2,0,0,0,1,0,3,4,0,0,0
"InChI=1S/C10H7N3S/c1-2-7-3-4-9(14-7)8-5-6-12-10(11)13-8/h1,3-6H,(H2,11,12,13)",1,1,0,0,0,0,0,1,2,0,0,0,0,0,0,0,0,0,1,0,1,0,1,0,0,0,1,0,0,0,0,0,0,0,0,0,0,2,0,0,0,0,0,0,0,1,0,0,0,0,0,1,0,0,0,0,0,0,0,0,0,0,0,0,3,3,3,1,2,2,1,2,0,0,1,0,0,0,3,0,1,0,0,0,0,0,0,0,2,2,0,0,0,0,0,0,0,0,0,0,0,0,0,0,0,0,0,0,0,0,0,11,5,0,0,0,1,3,0,0,0,0,0,0,0,0,0,0,0,0,0,0,0,0,0,0,0,0,0,4,0,0,11,0,0,1,1,0,0,0,1,1,7,0,0,0,0
"InChI=1S/C10H7N3S/c11-10-13-9(7-14-10)4-3-8-2-1-5-12-6-8/h1-2,5-7H,(H2,11,13)",1,1,0,0,0,0,0,1,2,0,0,0,0,0,2,0,0,0,1,0,1,0,1,0,0,0,1,0,0,0,0,0,0,0,0,0,0,2,0,0,0,0,0,0,0,1,0,0,0,0,0,1,0,0,0,0,0,0,0,0,0,0,0,0,3,3,4,1,2,2,1,2,0,0,0,0,0,0,1,0,0,0,0,0,0,0,0,0,2,2,0,0,0,0,0,0,0,0,0,0,0,0,0,0,0,0,0,0,0,0,0,11,7,0,0,0,1,3,0,0,0,0,0,0,0,0,0,0,0,0,0,0,0,0,0,0,0,0,0,4,0,0,11,0,0,1,1,0,0,0,1,0,7,0,0,0,0
"InChI=1S/C10H7N3S/c1-2-10-8(4-13-14-10)3-7(1)9-5-11-6-12-9/h1-6H,(H,11,12)",1,1,0,0,0,0,0,1,1,0,0,0,0,0,0,0,0,0,1,0,1,0,2,1,0,1,0,0,1,0,1,0,0,0,0,0,0,1,0,0,0,0,0,0,0,0,0,0,0,0,0,0,0,0,0,0,0,0,0,0,0,0,0,0,4,3,4,0,0,0,1,2,1,0,0,0,0,0,1,1,0,0,0,0,0,0,0,0,1,3,0,0,0,0,0,0,0,0,0,0,0,0,0,0,0,0,0,0,0,0,0,14,2,0,0,0,0,4,0,0,0,0,0,0,0,0,0,0,0,0,0,0,0,0,0,0,0,0,0,5,0,0,14,0,0,2,1,0,0,0,0,1,6,2,0,0,0
"InChI=1S/C10H7N3S/c11-5-7-2-1-3-8(4-7)9-6-12-10(14)13-9/h1-4,6H,(H2,12,13,14)",1,1,0,0,0,0,0,1,1,0,2,2,0,0,2,0,0,0,0,0,1,0,1,0,0,0,1,0,0,0,0,0,0,0,0,0,0,2,0,0,0,0,0,0,0,0,0,0,0,0,0,0,0,1,0,0,0,0,0,0,0,0,0,0,2,3,3,0,0,0,1,2,0,0,0,0,0,0,1,1,0,0,0,0,0,0,0,0,1,2,0,0,0,0,0,0,0,0,0,0,0,0,0,0,0,0,0,0,0,0,0,11,5,0,0,0,1,2,0,0,0,0,0,0,0,0,0,0,0,0,0,0,0,0,0,0,0,0,0,4,0,0,11,0,0,1,1,0,0,0,0,1,9,0,0,0,0
"InChI=1S/C10H7N3S/c1-3-12-10-5-11-7-13(10)9(1)8-2-4-14-6-8/h1-7H",1,1,0,0,0,0,0,1,2,0,0,0,0,0,0,0,0,0,1,0,1,0,2,0,0,0,0,0,0,0,0,0,0,0,0,0,0,0,0,0,0,0,0,0,0,0,0,0,0,0,0,0,0,0,1,0,0,0,0,0,0,0,0,0,4,3,5,0,0,0,1,0,0,1,0,0,0,0,2,2,2,0,0,0,0,0,0,0,0,3,0,0,0,0,0,0,0,0,0,0,0,0,0,0,0,0,0,0,0,0,0,14,2,0,0,0,0,4,0,0,0,0,0,0,0,0,0,0,0,0,0,0,0,0,0,0,0,0,0,7,0,0,14,0,0,2,1,0,0,0,1,1,5,2,0,0,0
"InChI=1S/C10H7N3S/c1-2-9-10(11-4-1)13(7-12-9)8-3-5-14-6-8/h1-7H",1,1,0,0,0,0,0,1,2,0,0,0,0,0,0,0,0,0,1,0,1,0,2,0,0,0,0,0,0,0,0,0,0,0,0,0,0,0,0,0,0,0,0,0,0,0,0,0,0,0,0,0,0,0,1,0,0,0,0,0,0,0,0,0,4,3,5,0,0,2,1,2,0,1,0,0,0,0,2,2,1,0,0,0,0,0,0,0,0,3,0,0,0,0,0,0,0,0,0,0,0,0,0,0,0,0,0,0,0,0,0,14,3,0,0,0,0,4,0,0,0,0,0,0,0,0,0,0,0,0,0,0,0,0,0,0,0,0,0,7,0,0,14,0,0,2,1,0,0,0,1,1,6,2,0,0,0
"InChI=1S/C10H7N3S/c1-2-4-9-8(3-1)12-6-13(9)10-5-11-7-14-10/h1-7H",1,1,0,0,0,0,0,1,2,0,0,0,0,0,2,0,0,0,1,0,1,0,2,0,0,0,0,0,0,0,0,0,0,0,0,0,0,0,0,0,0,0,0,0,0,0,0,0,0,0,0,0,0,0,1,0,0,0,0,0,0,0,0,0,4,3,6,0,0,2,1,2,0,0,0,0,0,0,1,2,1,0,0,0,0,0,0,0,0,3,0,0,0,0,0,0,0,0,0,0,0,0,0,0,0,0,0,0,0,0,0,14,3,0,0,0,0,4,0,0,0,0,0,0,0,0,0,0,0,0,0,0,0,0,0,0,0,0,0,7,0,0,14,0,0,2,1,0,0,0,0,1,5,2,0,0,0
"InChI=1S/C10H7N3S/c1-2-7-8(10-12-4-5-14-10)6-13-9(7)11-3-1/h1-6H,(H,11,13)",1,1,0,0,0,0,0,1,2,0,0,0,0,0,1,0,0,0,1,0,1,0,2,0,0,0,0,0,0,0,0,0,0,0,0,0,0,1,0,0,0,0,0,0,0,0,0,0,0,0,0,0,0,0,0,0,0,0,0,0,0,0,0,0,4,3,5,0,0,0,1,2,0,1,0,0,0,0,1,0,1,0,0,0,0,0,0,0,1,3,0,0,0,0,0,0,0,0,0,0,0,0,0,0,0,0,0,0,0,0,0,14,4,0,0,0,0,4,0,0,0,0,0,0,0,0,0,0,0,0,0,0,0,0,0,0,0,0,0,6,0,0,14,0,0,2,1,0,0,0,1,1,5,2,0,0,0
"InChI=1S/C10H7N3S/c1-2-8(6-11-3-1)9-7-13-4-5-14-10(13)12-9/h1-7H",1,1,0,0,0,0,0,1,2,0,0,0,0,0,2,0,0,0,1,0,1,0,2,0,0,0,1,0,0,0,0,0,0,0,0,0,0,0,0,0,0,0,0,0,0,0,0,0,0,0,0,0,0,0,1,0,0,0,0,0,0,0,0,0,4,3,6,0,0,0,1,0,0,0,0,0,0,0,1,1,1,0,0,0,0,0,0,0,0,3,0,0,0,0,0,0,0,0,0,0,0,0,0,0,0,0,0,0,0,0,0,14,3,0,0,0,0,4,0,0,0,0,0,0,0,0,0,0,0,0,0,0,0,0,0,0,0,0,0,7,0,0,14,0,0,2,1,0,1,0,1,1,6,2,0,0,0
"InChI=1S/C10H7N3S/c1-2-7-13(6-1)10-12-8-4-3-5-11-9(8)14-10/h1-7H",1,1,0,0,0,0,0,1,2,0,0,0,0,0,3,0,0,0,1,0,1,0,2,0,0,0,1,0,0,0,0,0,0,0,0,0,0,0,0,0,0,0,0,0,0,0,0,0,0,0,0,0,0,0,1,0,0,0,0,0,0,0,0,0,4,3,6,0,0,2,1,2,0,0,0,0,0,0,1,1,2,0,0,0,0,0,0,0,0,3,0,0,0,0,0,0,0,0,0,0,0,0,0,0,0,0,0,0,0,0,0,14,5,0,0,0,0,4,0,0,0,0,0,0,0,0,0,0,0,0,0,0,0,0,0,0,0,0,0,7,0,0,14,0,0,2,1,0,0,0,1,1,7,2,0,0,0
"InChI=1S/C10H7N3S/c1-2-9-10(12-6-11-9)3-7(1)8-4-13-14-5-8/h1-6H,(H,11,12)",1,1,0,0,0,0,0,1,1,0,0,0,0,0,0,0,0,0,1,0,1,0,2,1,0,1,0,0,1,0,1,0,0,0,0,0,0,1,0,0,0,0,0,0,0,0,0,0,0,0,0,0,0,0,0,0,0,0,0,0,0,0,0,0,4,3,4,0,0,0,1,2,1,0,0,0,0,0,1,1,0,0,0,0,0,0,0,0,1,3,0,0,0,0,0,0,0,0,0,0,0,0,0,0,0,0,0,0,0,0,0,14,2,0,0,0,0,4,0,0,0,0,0,0,0,0,0,0,0,0,0,0,0,0,0,0,0,0,0,5,0,0,14,0,0,2,1,0,0,0,0,1,6,2,0,0,0
"InChI=1S/C10H7N3S/c14-10-7-3-6-1-2-11-8(6)4-9(7)12-5-13-10/h1-5,11H,(H,12,13,14)",1,2,0,0,0,0,0,1,1,0,2,2,0,0,1,0,0,0,0,0,1,0,1,0,0,0,0,0,0,0,0,0,0,0,0,0,0,2,0,0,0,0,0,0,0,0,0,0,0,0,0,0,0,0,0,0,0,0,0,0,0,0,0,0,3,3,5,0,0,0,1,2,0,0,0,0,0,0,1,0,2,0,0,0,0,0,0,0,1,3,0,0,0,0,0,0,0,0,0,0,0,0,0,0,0,0,0,0,0,0,0,13,2,0,0,0,0,3,0,0,0,0,0,0,0,0,0,0,0,0,0,0,0,0,0,0,0,0,0,6,0,0,13,0,0,1,2,0,0,0,1,0,2,4,0,0,0
"InChI=1S/C10H7N3S/c1-2-7(8-4-5-14-13-8)10-9(3-1)11-6-12-10/h1-6H,(H,11,12)",1,1,0,0,0,0,0,1,1,0,0,0,0,0,0,0,0,0,1,0,1,0,2,1,0,1,0,0,1,0,1,0,0,0,0,0,0,1,0,0,0,0,0,0,0,0,0,0,0,0,0,0,0,0,0,0,0,0,0,0,0,0,0,0,4,3,4,0,0,0,1,2,1,0,0,0,0,0,1,1,1,0,0,0,0,0,0,0,1,3,0,0,0,0,0,0,0,0,0,0,0,0,0,0,0,0,0,0,0,0,0,14,4,0,0,0,0,4,0,0,0,0,0,0,0,0,0,0,0,0,0,0,0,0,0,0,0,0,0,5,0,0,14,0,0,2,1,0,0,0,0,1,6,2,0,0,0
"InChI=1S/C10H7N3S/c1-2-4-11-8(3-1)9-7-13-6-5-12-10(13)14-9/h1-7H",1,1,0,0,0,0,0,1,2,0,0,0,0,0,2,0,0,0,1,0,1,0,2,0,0,0,1,0,0,0,0,0,0,0,0,0,0,0,0,0,0,0,0,0,0,0,0,0,0,0,0,0,0,0,1,0,0,0,0,0,0,0,0,0,4,3,6,0,0,0,1,0,0,0,0,0,0,0,1,1,1,0,0,0,0,0,0,0,0,3,0,0,0,0,0,0,0,0,0,0,0,0,0,0,0,0,0,0,0,0,0,14,4,0,0,0,0,4,0,0,0,0,0,0,0,0,0,0,0,0,0,0,0,0,0,0,0,0,0,7,0,0,14,0,0,2,1,0,1,0,1,1,6,2,0,0,0
"InChI=1S/C10H7N3S/c1-2-4-8-7(3-1)13-10-9(14-8)5-11-6-12-10/h1-6H,(H,11,12,13)",1,2,0,0,0,0,0,1,2,0,4,0,0,0,0,0,0,0,1,0,1,0,0,0,0,0,0,0,0,0,0,0,0,0,0,0,0,1,0,0,0,0,0,0,0,0,0,0,0,0,0,0,2,0,0,0,0,0,0,0,0,0,0,0,4,3,4,0,4,0,1,2,0,1,0,0,0,0,2,0,3,0,0,0,0,0,0,0,1,3,0,0,0,0,0,0,0,0,0,0,0,0,0,0,0,0,0,0,0,0,0,12,8,0,0,0,0,4,0,0,0,0,0,0,0,0,0,0,0,0,0,0,0,0,0,0,0,0,0,4,0,0,14,0,0,0,3,0,0,0,2,0,3,4,0,0,0
"InChI=1S/C10H7N3S/c1-2-9-10(12-6-11-9)5-7(1)8-3-4-14-13-8/h1-6H,(H,11,12)",1,1,0,0,0,0,0,1,1,0,0,0,0,0,0,0,0,0,1,0,1,0,2,1,0,1,0,0,1,0,1,0,0,0,0,0,0,1,0,0,0,0,0,0,0,0,0,0,0,0,0,0,0,0,0,0,0,0,0,0,0,0,0,0,4,3,4,0,0,0,1,2,1,0,0,0,0,0,1,1,0,0,0,0,0,0,0,0,1,3,0,0,0,0,0,0,0,0,0,0,0,0,0,0,0,0,0,0,0,0,0,14,3,0,0,0,0,4,0,0,0,0,0,0,0,0,0,0,0,0,0,0,0,0,0,0,0,0,0,5,0,0,14,0,0,2,1,0,0,0,0,1,6,2,0,0,0
"InChI=1S/C10H7N3S/c1-3-11-4-2-8(1)9-7-13-5-6-14-10(13)12-9/h1-7H",1,1,0,0,0,0,0,1,2,0,0,0,0,0,2,0,0,0,1,0,1,0,2,0,0,0,1,0,0,0,0,0,0,0,0,0,0,0,0,0,0,0,0,0,0,0,0,0,0,0,0,0,0,0,1,0,0,0,0,0,0,0,0,0,4,3,6,0,0,0,1,0,0,0,0,0,0,0,1,1,0,0,0,0,0,0,0,0,0,3,0,0,0,0,0,0,0,0,0,0,0,0,0,0,0,0,0,0,0,0,0,14,3,0,0,0,0,4,0,0,0,0,0,0,0,0,0,0,0,0,0,0,0,0,0,0,0,0,0,7,0,0,14,0,0,2,1,0,1,0,1,1,6,2,0,0,0
"InChI=1S/C10H7N3S/c1-3-11-4-2-8(1)9-7-14-10-12-5-6-13(9)10/h1-7H",1,1,0,0,0,0,0,1,2,0,0,0,0,0,2,0,0,0,1,0,1,0,2,0,0,0,1,0,0,0,0,0,0,0,0,0,0,0,0,0,0,0,0,0,0,0,0,0,0,0,0,0,0,0,1,0,0,0,0,0,0,0,0,0,4,3,6,0,0,0,1,0,0,0,0,0,0,0,1,1,0,0,0,0,0,0,0,0,0,3,0,0,0,0,0,0,0,0,0,0,0,0,0,0,0,0,0,0,0,0,0,14,3,0,0,0,0,4,0,0,0,0,0,0,0,0,0,0,0,0,0,0,0,0,0,0,0,0,0,7,0,0,14,0,0,2,1,0,1,0,1,1,6,2,0,0,0
"InChI=1S/C10H7N3S/c1-2-4-9-8(3-1)11-6-13(9)10-5-14-7-12-10/h1-7H",1,1,0,0,0,0,0,1,2,0,0,0,0,0,1,0,0,0,1,0,1,0,2,0,0,0,0,0,0,0,0,0,0,0,0,0,0,0,0,0,0,0,0,0,0,0,0,0,0,0,0,0,0,0,1,0,0,0,0,0,0,0,0,0,4,3,5,0,0,2,1,2,0,1,0,0,0,0,2,1,1,0,0,0,0,0,0,0,0,3,0,0,0,0,0,0,0,0,0,0,0,0,0,0,0,0,0,0,0,0,0,14,3,0,0,0,0,4,0,0,0,0,0,0,0,0,0,0,0,0,0,0,0,0,0,0,0,0,0,7,0,0,14,0,0,2,1,0,0,0,0,1,5,2,0,0,0
"InChI=1S/C10H7N3S/c14-10-9-5-7-3-1-2-4-8(7)13(9)6-11-12-10/h1-6H,(H,12,14)",1,2,0,0,0,0,0,1,1,0,2,2,0,0,1,0,0,0,0,0,1,0,1,0,0,1,0,0,0,0,1,0,0,0,0,0,0,1,0,0,0,0,0,0,0,0,0,0,0,0,0,0,0,0,1,0,0,0,0,0,0,0,0,0,3,3,4,0,0,0,1,0,0,0,0,0,0,1,1,2,1,0,0,0,0,0,0,0,0,3,0,0,0,0,0,0,0,0,0,0,0,0,0,0,0,0,0,0,0,0,0,13,3,0,0,0,0,3,0,0,0,0,0,0,0,0,0,0,0,0,0,0,0,0,0,0,0,0,0,5,0,0,13,0,0,1,2,0,0,0,1,0,3,4,0,0,0
"InChI=1S/C10H7N3S/c1-2-4-11-8(3-1)9-7-14-10-12-5-6-13(9)10/h1-7H",1,1,0,0,0,0,0,1,2,0,0,0,0,0,2,0,0,0,1,0,1,0,2,0,0,0,1,0,0,0,0,0,0,0,0,0,0,0,0,0,0,0,0,0,0,0,0,0,0,0,0,0,0,0,1,0,0,0,0,0,0,0,0,0,4,3,6,0,0,0,1,0,0,0,0,0,0,0,1,2,0,0,0,0,0,0,0,0,0,3,0,0,0,0,0,0,0,0,0,0,0,0,0,0,0,0,0,0,0,0,0,14,4,0,0,0,0,4,0,0,0,0,0,0,0,0,0,0,0,0,0,0,0,0,0,0,0,0,0,7,0,0,14,0,0,2,1,0,1,0,1,1,6,2,0,0,0
"InChI=1S/C10H7N3S/c1-2-4-11-8(3-1)9-7-13-5-6-14-10(13)12-9/h1-7H",1,1,0,0,0,0,0,1,2,0,0,0,0,0,2,0,0,0,1,0,1,0,2,0,0,0,1,0,0,0,0,0,0,0,0,0,0,0,0,0,0,0,0,0,0,0,0,0,0,0,0,0,0,0,1,0,0,0,0,0,0,0,0,0,4,3,6,0,0,0,1,0,0,0,0,0,0,0,1,2,1,0,0,0,0,0,0,0,0,3,0,0,0,0,0,0,0,0,0,0,0,0,0,0,0,0,0,0,0,0,0,14,4,0,0,0,0,4,0,0,0,0,0,0,0,0,0,0,0,0,0,0,0,0,0,0,0,0,0,7,0,0,14,0,0,2,1,0,1,0,1,1,6,2,0,0,0
"InChI=1S/C10H7N3S/c1-2-4-9-7(3-1)13-8-5-11-6-12-10(8)14-9/h1-6,13H",1,2,0,0,0,0,0,1,2,0,4,0,0,0,1,0,0,0,1,0,1,0,0,0,0,0,0,0,0,0,0,0,0,0,0,0,0,1,0,0,0,0,0,0,0,0,0,0,0,0,0,0,2,0,0,0,0,0,0,0,0,0,0,0,4,3,5,0,4,0,1,2,0,0,0,0,0,0,1,2,1,0,0,0,0,0,0,0,1,3,0,0,0,0,0,0,0,0,0,0,0,0,0,0,0,0,0,0,0,0,0,12,8,0,0,0,0,4,0,0,0,0,0,0,0,0,0,0,0,0,0,0,0,0,0,0,0,0,0,4,0,0,14,0,0,0,3,0,0,0,2,0,3,4,0,0,0
"InChI=1S/C10H7N3S/c1-2-5-13-7-8(12-9(13)3-1)10-11-4-6-14-10/h1-7H",1,1,0,0,0,0,0,1,2,0,0,0,0,0,1,0,0,0,1,0,1,0,2,0,0,0,0,0,0,0,0,0,0,0,0,0,0,0,0,0,0,0,0,0,0,0,0,0,0,0,0,0,0,0,1,0,0,0,0,0,0,0,0,0,4,3,6,0,0,0,1,0,0,1,0,0,0,0,1,2,1,0,0,0,0,0,0,0,0,3,0,0,0,0,0,0,0,0,0,0,0,0,0,0,0,0,0,0,0,0,0,14,4,0,0,0,0,4,0,0,0,0,0,0,0,0,0,0,0,0,0,0,0,0,0,0,0,0,0,7,0,0,14,0,0,2,1,0,0,0,1,1,5,2,0,0,0
"InChI=1S/C10H7N3S/c1-2-4-9-8(3-1)12-7-13(9)10-11-5-6-14-10/h1-7H",1,1,0,0,0,0,0,1,2,0,0,0,0,0,2,0,0,0,1,0,1,0,2,0,0,0,1,0,0,0,0,0,0,0,0,0,0,0,0,0,0,0,0,0,0,0,0,0,0,0,0,0,0,0,1,0,0,0,0,0,0,0,0,0,4,3,5,0,0,2,1,2,0,0,0,0,0,0,2,1,1,0,0,0,0,0,0,0,0,3,0,0,0,0,0,0,0,0,0,0,0,0,0,0,0,0,0,0,0,0,0,14,4,0,0,0,0,4,0,0,0,0,0,0,0,0,0,0,0,0,0,0,0,0,0,0,0,0,0,7,0,0,14,0,0,2,1,0,0,0,0,1,5,2,0,0,0
"InChI=1S/C10H7N3S/c1-2-4-9-8(3-1)10(14-12-9)13-6-5-11-7-13/h1-7H",1,1,0,0,0,0,0,1,1,0,0,0,0,0,1,0,0,0,1,0,1,0,2,1,0,1,0,0,1,0,1,0,0,0,0,0,0,0,0,0,0,0,0,0,0,0,0,0,0,0,0,0,0,0,1,0,0,0,0,0,0,0,0,0,4,3,5,0,0,2,1,2,1,0,0,0,0,0,1,2,1,0,0,0,0,0,0,0,0,3,0,0,0,0,0,0,0,0,0,0,0,0,0,0,0,0,0,0,0,0,0,14,4,0,0,0,0,4,0,0,0,0,0,0,0,0,0,0,0,0,0,0,0,0,0,0,0,0,0,6,0,0,14,0,0,2,1,0,0,0,0,1,6,2,0,0,0
"InChI=1S/C10H7N3S/c1-2-4-9-8(3-1)12-10(14-9)13-6-5-11-7-13/h1-7H",1,1,0,0,0,0,0,1,2,0,0,0,0,0,2,0,0,0,1,0,1,0,2,0,0,0,1,0,0,0,0,0,0,0,0,0,0,0,0,0,0,0,0,0,0,0,0,0,0,0,0,0,0,0,1,0,0,0,0,0,0,0,0,0,4,3,5,0,0,2,1,2,0,0,0,0,0,0,2,1,1,0,0,0,0,0,0,0,0,3,0,0,0,0,0,0,0,0,0,0,0,0,0,0,0,0,0,0,0,0,0,14,4,0,0,0,0,4,0,0,0,0,0,0,0,0,0,0,0,0,0,0,0,0,0,0,0,0,0,7,0,0,14,0,0,2,1,0,0,0,0,1,6,2,0,0,0
"InChI=1S/C10H7N3S/c1-2-5-13-8(7-12-9(13)3-1)10-11-4-6-14-10/h1-7H",1,1,0,0,0,0,0,1,2,0,0,0,0,0,1,0,0,0,1,0,1,0,2,0,0,0,0,0,0,0,0,0,0,0,0,0,0,0,0,0,0,0,0,0,0,0,0,0,0,0,0,0,0,0,1,0,0,0,0,0,0,0,0,0,4,3,6,0,0,0,1,0,0,1,0,0,0,0,1,2,1,0,0,0,0,0,0,0,0,3,0,0,0,0,0,0,0,0,0,0,0,0,0,0,0,0,0,0,0,0,0,14,4,0,0,0,0,4,0,0,0,0,0,0,0,0,0,0,0,0,0,0,0,0,0,0,0,0,0,7,0,0,14,0,0,2,1,0,0,0,1,1,5,2,0,0,0
"InChI=1S/C10H7N3S/c1-2-8-6-13-14-9(8)5-7(1)10-11-3-4-12-10/h1-6H,(H,11,12)",1,1,0,0,0,0,0,1,1,0,0,0,0,0,0,0,0,0,1,0,1,0,2,1,0,1,0,0,1,0,1,0,0,0,0,0,0,1,0,0,0,0,0,0,0,0,0,0,0,0,0,0,0,0,0,0,0,0,0,0,0,0,0,0,4,3,4,0,0,0,1,2,1,1,0,0,0,0,1,1,0,0,0,0,0,0,0,0,1,3,0,0,0,0,0,0,0,0,0,0,0,0,0,0,0,0,0,0,0,0,0,14,3,0,0,0,0,4,0,0,0,0,0,0,0,0,0,0,0,0,0,0,0,0,0,0,0,0,0,5,0,0,14,0,0,2,1,0,0,0,0,1,6,2,0,0,0
"InChI=1S/C10H7N3S/c11-10-5-4-7-8(12-6-14)2-1-3-9(7)13-10/h1-5H,(H2,11,13)",1,2,0,0,0,0,0,1,0,1,0,0,0,0,1,0,0,0,0,0,1,0,0,0,0,0,0,0,0,0,0,0,0,0,0,0,0,2,0,0,0,0,0,0,0,0,0,0,0,0,0,2,1,0,0,0,0,0,0,0,0,0,0,0,1,3,3,2,4,4,1,2,0,1,0,0,0,0,1,0,1,0,0,0,0,0,0,0,2,1,0,0,0,0,0,0,0,0,0,0,0,0,0,0,0,0,0,0,0,0,0,10,6,0,0,0,1,1,0,0,0,0,0,0,0,0,0,0,0,0,0,0,0,0,0,0,0,0,0,2,0,0,10,0,0,0,2,0,0,0,1,0,6,2,0,0,0
"InChI=1S/C10H7N3S/c1-2-8(10-12-6-14-13-10)5-9-7(1)3-4-11-9/h1-6,11H",1,1,0,0,0,0,0,1,1,0,0,0,0,0,1,0,0,0,1,0,1,0,2,1,0,1,0,0,1,0,1,0,0,0,0,0,0,1,0,0,0,0,0,0,0,0,0,0,0,0,0,0,0,0,0,0,0,0,0,0,0,0,0,0,4,3,4,0,0,0,1,2,1,1,0,0,0,0,1,1,0,0,0,0,0,0,0,0,1,3,0,0,0,0,0,0,0,0,0,0,0,0,0,0,0,0,0,0,0,0,0,14,3,0,0,0,0,4,0,0,0,0,0,0,0,0,0,0,0,0,0,0,0,0,0,0,0,0,0,5,0,0,14,0,0,2,1,0,0,0,0,1,5,2,0,0,0
"InChI=1S/C10H7N3S/c11-10-12-3-6-1-2-7-4-14-5-8(7)9(6)13-10/h1-5H,(H2,11,12,13)",1,2,0,0,0,0,0,1,2,0,0,0,0,0,0,0,0,0,1,0,1,0,1,0,0,0,1,0,0,0,0,0,0,0,0,0,0,2,0,0,0,0,0,0,0,0,0,0,0,0,0,1,0,0,0,0,0,0,0,0,0,0,0,0,3,3,3,1,2,2,1,2,0,0,1,0,0,0,3,0,1,0,0,0,0,0,0,0,2,2,0,0,0,0,0,0,0,0,0,0,0,0,0,0,0,0,0,0,0,0,0,13,3,0,0,0,1,3,0,0,0,0,0,0,0,0,0,0,0,0,0,0,0,0,0,0,0,0,0,4,0,0,13,0,0,1,2,0,0,0,1,0,3,4,0,0,0
"InChI=1S/C10H7N3S/c1-3-11-9-7(1)8(2-4-12-9)10-13-5-6-14-10/h1-6H,(H,11,12)",1,1,0,0,0,0,0,1,2,0,0,0,0,0,1,0,0,0,1,0,1,0,2,0,0,0,0,0,0,0,0,0,0,0,0,0,0,1,0,0,0,0,0,0,0,0,0,0,0,0,0,0,0,0,0,0,0,0,0,0,0,0,0,0,4,3,5,0,0,0,1,2,0,1,0,0,0,0,1,0,0,0,0,0,0,0,0,0,1,3,0,0,0,0,0,0,0,0,0,0,0,0,0,0,0,0,0,0,0,0,0,14,4,0,0,0,0,4,0,0,0,0,0,0,0,0,0,0,0,0,0,0,0,0,0,0,0,0,0,6,0,0,14,0,0,2,1,0,0,0,1,1,5,2,0,0,0
"InChI=1S/C10H7N3S/c1-2-4-10-9(3-1)11-7-13(10)8-5-12-14-6-8/h1-7H",1,1,0,0,0,0,0,1,1,0,0,0,0,0,0,0,0,0,1,0,1,0,2,1,0,1,0,0,1,0,1,0,0,0,0,0,0,0,0,0,0,0,0,0,0,0,0,0,0,0,0,0,0,0,1,0,0,0,0,0,0,0,0,0,4,3,5,0,0,2,1,2,1,0,0,0,0,0,1,2,1,0,0,0,0,0,0,0,0,3,0,0,0,0,0,0,0,0,0,0,0,0,0,0,0,0,0,0,0,0,0,14,3,0,0,0,0,4,0,0,0,0,0,0,0,0,0,0,0,0,0,0,0,0,0,0,0,0,0,6,0,0,14,0,0,2,1,0,0,0,0,1,6,2,0,0,0
"InChI=1S/C10H7N3S/c1-3-9(14-6-1)8-7-13-5-2-4-11-10(13)12-8/h1-7H",1,1,0,0,0,0,0,1,2,0,0,0,0,0,0,0,0,0,1,0,1,0,2,0,0,0,1,0,0,0,0,0,0,0,0,0,0,0,0,0,0,0,0,0,0,0,0,0,0,0,0,0,0,0,1,0,0,0,0,0,0,0,0,0,4,3,5,0,0,0,1,0,0,0,1,0,0,0,3,1,1,0,0,0,0,0,0,0,0,3,0,0,0,0,0,0,0,0,0,0,0,0,0,0,0,0,0,0,0,0,0,14,4,0,0,0,0,4,0,0,0,0,0,0,0,0,0,0,0,0,0,0,0,0,0,0,0,0,0,7,0,0,14,0,0,2,1,0,0,0,1,1,6,2,0,0,0
"InChI=1S/C10H7N3S/c1-2-9-8(6-13-14-9)5-7(1)10-11-3-4-12-10/h1-6H,(H,11,12)",1,1,0,0,0,0,0,1,1,0,0,0,0,0,0,0,0,0,1,0,1,0,2,1,0,1,0,0,1,0,1,0,0,0,0,0,0,1,0,0,0,0,0,0,0,0,0,0,0,0,0,0,0,0,0,0,0,0,0,0,0,0,0,0,4,3,4,0,0,0,1,2,1,1,0,0,0,0,1,1,0,0,0,0,0,0,0,0,1,3,0,0,0,0,0,0,0,0,0,0,0,0,0,0,0,0,0,0,0,0,0,14,3,0,0,0,0,4,0,0,0,0,0,0,0,0,0,0,0,0,0,0,0,0,0,0,0,0,0,5,0,0,14,0,0,2,1,0,0,0,0,1,6,2,0,0,0
"InChI=1S/C10H7N3S/c1-2-9-7(3-4-11-9)5-8(1)10-12-6-14-13-10/h1-6,11H",1,1,0,0,0,0,0,1,1,0,0,0,0,0,1,0,0,0,1,0,1,0,2,1,0,1,0,0,1,0,1,0,0,0,0,0,0,1,0,0,0,0,0,0,0,0,0,0,0,0,0,0,0,0,0,0,0,0,0,0,0,0,0,0,4,3,4,0,0,0,1,2,1,1,0,0,0,0,1,1,0,0,0,0,0,0,0,0,1,3,0,0,0,0,0,0,0,0,0,0,0,0,0,0,0,0,0,0,0,0,0,14,3,0,0,0,0,4,0,0,0,0,0,0,0,0,0,0,0,0,0,0,0,0,0,0,0,0,0,5,0,0,14,0,0,2,1,0,0,0,0,1,5,2,0,0,0
"InChI=1S/C10H7N3S/c1-4-10-12-8(7-13(10)11-5-1)9-3-2-6-14-9/h1-7H",1,1,0,0,0,0,0,1,2,0,0,0,0,0,0,0,0,0,1,0,1,0,2,0,0,1,0,0,0,0,1,0,0,0,0,0,0,0,0,0,0,0,0,0,0,0,0,0,0,0,0,0,0,0,0,0,0,0,0,0,0,0,0,0,4,3,5,0,0,0,1,0,0,1,0,0,0,1,1,2,1,0,0,0,0,0,0,0,0,3,0,0,0,0,0,0,0,0,0,0,0,0,0,0,0,0,0,0,0,0,0,14,4,0,0,0,0,4,0,0,0,0,0,0,0,0,0,0,0,0,0,0,0,0,0,0,0,0,0,5,0,0,14,0,0,2,1,0,0,0,1,1,6,2,0,0,0
"InChI=1S/C10H7N3S/c11-5-6-14-10-8-3-1-2-4-9(8)12-7-13-10/h1-4,7H,6H2",1,2,1,0,0,0,0,1,4,0,2,2,0,0,1,0,0,0,0,0,0,0,0,0,0,0,0,0,0,0,0,0,0,3,0,0,0,0,0,0,0,0,0,0,0,0,0,0,0,0,0,0,0,1,0,0,0,0,0,0,0,0,0,0,2,3,3,0,0,0,0,0,0,0,0,0,0,0,1,0,1,0,0,0,0,0,0,3,0,2,0,0,0,0,0,0,0,0,0,0,0,0,0,0,0,0,0,0,0,0,0,10,3,0,0,0,0,2,0,6,0,0,0,0,0,0,0,0,0,0,0,0,0,0,0,0,0,0,0,4,0,0,10,0,0,0,2,0,0,0,1,0,3,2,0,0,0
"InChI=1S/C10H7N3S/c11-9-7-5-6-3-1-2-4-8(6)12-10(7)14-13-9/h1-5H,(H2,11,13)",1,2,0,0,0,0,0,1,2,0,0,0,0,0,1,0,0,0,1,0,1,0,1,1,0,1,0,1,1,0,1,0,0,0,0,0,0,2,0,0,0,0,0,0,0,0,0,0,0,0,0,1,0,0,0,0,0,0,0,0,0,0,0,0,3,3,3,1,2,2,1,2,1,1,0,0,0,0,1,1,2,0,0,0,0,0,0,0,2,2,0,0,0,0,0,0,0,0,0,0,0,0,0,0,0,0,0,0,0,0,0,13,4,0,0,0,1,3,0,0,0,0,0,0,0,0,0,0,0,0,0,0,0,0,0,0,0,0,0,3,0,0,13,0,0,1,2,0,0,0,1,0,4,4,0,0,0
"InChI=1S/C10H7N3S/c11-6-1-2-8-7(3-6)10-9(14-8)4-12-5-13-10/h1-5H,11H2",1,2,0,0,0,0,0,1,2,0,0,0,0,0,0,0,0,0,1,0,1,0,1,0,0,0,0,0,0,0,0,0,0,0,0,0,0,1,0,0,0,0,0,0,0,0,0,0,0,0,0,0,1,0,0,0,0,0,0,0,0,0,0,0,3,3,4,0,2,2,1,0,0,0,0,0,0,0,1,0,1,0,0,0,0,0,0,0,1,2,0,0,0,0,0,0,0,0,0,0,0,0,0,0,0,0,0,0,0,0,0,13,3,0,0,0,0,3,0,0,0,0,0,0,0,0,0,0,0,0,0,0,0,0,0,0,0,0,0,4,1,0,13,0,0,1,2,0,0,0,1,0,3,4,0,0,0
"InChI=1S/C10H7N3S/c14-10-12-7-3-1-2-6-4-11-5-8(13-10)9(6)7/h1-5H,(H2,12,13,14)",1,3,0,0,0,0,0,1,1,0,2,2,0,0,2,0,0,0,0,0,1,0,0,0,0,0,1,0,0,0,0,0,0,0,0,0,0,2,0,0,0,0,0,0,0,0,0,0,0,0,0,0,0,0,0,0,0,0,0,0,0,0,0,0,3,3,5,0,0,0,1,2,0,0,0,0,0,0,1,1,1,0,0,0,0,0,0,0,1,3,0,0,0,0,0,0,0,0,0,0,0,0,0,0,0,0,0,0,0,0,0,13,3,0,0,0,1,3,0,0,0,0,0,0,0,0,0,0,0,0,0,0,0,0,0,0,0,0,0,6,0,0,13,0,0,0,3,0,0,0,2,0,3,4,0,0,0
"InChI=1S/C10H7N3S/c11-5-8-1-2-10(12-6-8)13-9-3-4-14-7-9/h1-4,6-7H,(H,12,13)",1,1,0,0,0,0,0,1,2,0,0,0,0,0,0,0,0,0,1,0,1,0,1,0,0,0,0,0,0,0,0,0,0,0,0,0,0,1,0,0,0,0,0,0,0,0,0,0,0,0,0,1,1,1,0,0,0,0,0,0,0,0,0,0,2,3,3,1,4,4,1,2,0,1,0,0,0,0,1,0,1,0,0,0,0,0,0,0,1,1,0,0,0,0,0,0,0,0,0,0,0,0,0,0,0,0,0,0,0,0,0,11,9,0,0,0,0,2,0,0,0,0,0,0,0,0,0,0,0,0,0,0,0,0,0,0,0,0,0,2,0,0,11,0,0,1,1,0,0,0,1,0,9,0,0,0,0
"InChI=1S/C10H7N3S/c1-2-4-8(5-3-1)9-6-13-10(12-9)14-7-11-13/h1-7H",1,1,0,0,0,0,0,1,2,0,0,0,0,0,3,0,0,0,1,0,1,0,2,0,0,1,1,0,0,0,1,0,0,0,0,0,0,0,0,0,0,0,0,0,0,0,0,0,0,0,0,0,0,0,0,0,0,0,0,0,0,0,0,0,4,3,5,0,0,0,1,0,0,0,0,0,0,1,1,2,3,0,0,0,0,0,0,0,0,3,0,0,0,0,0,0,0,0,0,0,0,0,0,0,0,0,0,0,0,0,0,14,4,0,0,0,0,4,0,0,0,0,0,0,0,0,0,0,0,0,0,0,0,0,0,0,0,0,0,5,0,0,14,0,0,2,1,0,1,0,0,1,7,2,0,0,0
"InChI=1S/C10H7N3S/c1-4-13-5-2-11-9(13)7-8(1)10-12-3-6-14-10/h1-7H",1,1,0,0,0,0,0,1,2,0,0,0,0,0,1,0,0,0,1,0,1,0,2,0,0,0,0,0,0,0,0,0,0,0,0,0,0,0,0,0,0,0,0,0,0,0,0,0,0,0,0,0,0,0,1,0,0,0,0,0,0,0,0,0,4,3,6,0,0,0,1,0,0,1,0,0,0,0,1,1,0,0,0,0,0,0,0,0,0,3,0,0,0,0,0,0,0,0,0,0,0,0,0,0,0,0,0,0,0,0,0,14,3,0,0,0,0,4,0,0,0,0,0,0,0,0,0,0,0,0,0,0,0,0,0,0,0,0,0,7,0,0,14,0,0,2,1,0,0,0,1,1,5,2,0,0,0
"InChI=1S/C10H7N3S/c1-2-4-8(5-3-1)9-6-11-10-13(9)12-7-14-10/h1-7H",1,1,0,0,0,0,0,1,2,0,0,0,0,0,3,0,0,0,1,0,1,0,2,0,0,1,1,0,0,0,1,0,0,0,0,0,0,0,0,0,0,0,0,0,0,0,0,0,0,0,0,0,0,0,0,0,0,0,0,0,0,0,0,0,4,3,5,0,0,0,1,0,0,0,0,0,0,1,1,2,3,0,0,0,0,0,0,0,0,3,0,0,0,0,0,0,0,0,0,0,0,0,0,0,0,0,0,0,0,0,0,14,4,0,0,0,0,4,0,0,0,0,0,0,0,0,0,0,0,0,0,0,0,0,0,0,0,0,0,5,0,0,14,0,0,2,1,0,1,0,0,1,7,2,0,0,0
"InChI=1S/C10H7N3S/c11-6-8-2-1-4-12-10(8)13-9-3-5-14-7-9/h1-5,7H,(H,12,13)",1,1,0,0,0,0,0,1,2,0,0,0,0,0,0,0,0,0,1,0,1,0,1,0,0,0,0,0,0,0,0,0,0,0,0,0,0,1,0,0,0,0,0,0,0,0,0,0,0,0,0,0,2,1,0,0,0,0,0,0,0,0,0,0,2,3,3,0,4,4,1,0,0,1,0,0,0,0,1,0,2,0,0,0,0,0,0,0,1,1,0,0,0,0,0,0,0,0,0,0,0,0,0,0,0,0,0,0,0,0,0,11,7,0,0,0,0,2,0,0,0,0,0,0,0,0,0,0,0,0,0,0,0,0,0,0,0,0,0,2,0,0,11,0,0,1,1,0,0,0,1,0,7,0,0,0,0
"InChI=1S/C10H7N3S/c11-5-8-2-3-9(14-8)7-1-4-10(12)13-6-7/h1-4,6H,(H2,12,13)",1,1,0,0,0,0,0,1,2,0,0,0,0,0,0,0,0,0,1,0,1,0,1,0,0,0,0,0,0,0,0,0,0,0,0,0,0,2,0,0,0,0,0,0,0,0,0,0,0,0,0,1,0,1,0,0,0,0,0,0,0,0,0,0,2,3,2,1,2,2,1,2,0,1,0,0,0,0,1,0,0,0,0,0,0,0,0,0,2,1,0,0,0,0,0,0,0,0,0,0,0,0,0,0,0,0,0,0,0,0,0,11,6,0,0,0,1,2,0,0,0,0,0,0,0,0,0,0,0,0,0,0,0,0,0,0,0,0,0,2,0,0,11,0,0,1,1,0,0,0,1,1,9,0,0,0,0
"InChI=1S/C10H7N3S/c1-4-11-10-2-5-12-13(10)9(1)8-3-6-14-7-8/h1-7H",1,1,0,0,0,0,0,1,2,0,0,0,0,0,0,0,0,0,1,0,1,0,2,0,0,1,0,0,0,0,1,0,0,0,0,0,0,0,0,0,0,0,0,0,0,0,0,0,0,0,0,0,0,0,0,0,0,0,0,0,0,0,0,0,4,3,5,0,0,0,1,0,0,1,0,0,0,1,1,1,3,0,0,0,0,0,0,0,0,3,0,0,0,0,0,0,0,0,0,0,0,0,0,0,0,0,0,0,0,0,0,14,3,0,0,0,0,4,0,0,0,0,0,0,0,0,0,0,0,0,0,0,0,0,0,0,0,0,0,5,0,0,14,0,0,2,1,0,0,0,1,1,6,2,0,0,0
"InChI=1S/C10H7N3S/c11-6-8-1-3-12-10(5-8)13-9-2-4-14-7-9/h1-5,7H,(H,12,13)",1,1,0,0,0,0,0,1,2,0,0,0,0,0,0,0,0,0,1,0,1,0,1,0,0,0,0,0,0,0,0,0,0,0,0,0,0,1,0,0,0,0,0,0,0,0,0,0,0,0,0,0,2,1,0,0,0,0,0,0,0,0,0,0,2,3,3,0,4,4,1,0,0,1,0,0,0,0,1,0,0,0,0,0,0,0,0,0,1,1,0,0,0,0,0,0,0,0,0,0,0,0,0,0,0,0,0,0,0,0,0,11,7,0,0,0,0,2,0,0,0,0,0,0,0,0,0,0,0,0,0,0,0,0,0,0,0,0,0,2,0,0,11,0,0,1,1,0,0,0,1,0,7,0,0,0,0
"InChI=1S/C10H7N3S/c1-2-4-7(5-3-1)9-13-8-10(14-9)12-6-11-8/h1-6H,(H,11,12)",1,1,0,0,0,0,0,1,2,0,0,0,0,0,2,0,0,0,1,0,1,0,2,0,0,0,0,0,0,0,0,0,0,0,0,0,0,1,0,0,0,0,0,0,0,0,0,0,0,0,0,0,0,0,0,0,0,0,0,0,0,0,0,0,4,3,4,0,0,0,1,2,0,1,0,0,0,0,2,2,2,0,0,0,0,0,0,0,1,3,0,0,0,0,0,0,0,0,0,0,0,0,0,0,0,0,0,0,0,0,0,14,5,0,0,0,0,4,0,0,0,0,0,0,0,0,0,0,0,0,0,0,0,0,0,0,0,0,0,6,0,0,14,0,0,2,1,0,1,0,0,1,7,2,0,0,0
"InChI=1S/C10H7N3S/c1-2-8(10-6-12-14-13-10)5-9-7(1)3-4-11-9/h1-6,11H",1,1,0,0,0,0,0,1,0,0,0,0,0,0,0,0,0,0,1,0,1,0,2,2,1,2,0,0,0,0,2,0,0,0,0,0,0,1,0,0,0,0,0,0,0,0,0,0,0,0,0,0,0,0,0,0,0,0,0,0,0,0,0,0,4,3,4,0,0,0,1,2,2,0,0,0,0,0,1,1,0,0,0,0,0,0,0,0,1,3,0,0,0,0,0,0,0,0,0,0,0,0,0,0,0,0,0,0,0,0,0,14,3,0,0,0,0,4,0,0,0,0,0,0,0,0,0,0,0,0,0,0,0,0,0,0,0,0,0,4,0,0,14,0,0,2,1,0,0,0,0,1,6,2,0,0,0
"InChI=1S/C10H7N3S/c1-3-7(8-5-2-6-11-8)10-9(4-1)12-14-13-10/h1-6,11H",1,1,0,0,0,0,0,1,0,0,0,0,0,0,0,0,0,0,1,0,1,0,2,2,1,2,0,0,0,0,2,0,0,0,0,0,0,1,0,0,0,0,0,0,0,0,0,0,0,0,0,0,0,0,0,0,0,0,0,0,0,0,0,0,4,3,4,0,0,0,1,2,2,0,0,0,0,0,1,1,1,0,0,0,0,0,0,0,1,3,0,0,0,0,0,0,0,0,0,0,0,0,0,0,0,0,0,0,0,0,0,14,5,0,0,0,0,4,0,0,0,0,0,0,0,0,0,0,0,0,0,0,0,0,0,0,0,0,0,4,0,0,14,0,0,2,1,0,0,0,0,1,8,2,0,0,0
"InChI=1S/C10H7N3S/c14-10-12-8-4-2-1-3-7(8)9-5-6-11-13(9)10/h1-6,11H",1,2,0,0,0,0,0,1,1,1,2,2,0,0,2,0,0,0,0,0,2,0,1,0,0,1,1,1,0,0,1,0,0,0,0,0,0,1,0,0,0,0,0,0,0,0,0,0,0,0,0,0,0,0,0,0,0,0,0,0,0,0,0,0,3,3,6,0,0,0,2,2,0,0,0,0,0,1,1,1,2,0,0,0,0,0,0,0,1,3,0,0,0,0,0,0,0,0,0,0,0,0,0,0,0,0,0,0,0,0,0,13,5,0,0,0,0,3,0,0,0,0,0,0,0,0,0,0,0,0,0,0,0,0,0,0,0,0,0,5,0,0,13,0,0,1,2,0,0,0,1,0,5,4,0,0,0
"InChI=1S/C10H7N3S/c11-6-8-2-1-3-10(12-8)13-9-4-5-14-7-9/h1-5,7H,(H,12,13)",1,1,0,0,0,0,0,1,2,0,0,0,0,0,0,0,0,0,1,0,1,0,1,0,0,0,0,0,0,0,0,0,0,0,0,0,0,1,0,0,0,0,0,0,0,0,0,0,0,0,0,0,2,1,0,0,0,0,0,0,0,0,0,0,2,3,3,0,4,4,1,0,0,1,0,0,0,0,1,1,0,0,0,0,0,0,0,0,1,1,0,0,0,0,0,0,0,0,0,0,0,0,0,0,0,0,0,0,0,0,0,11,7,0,0,0,0,2,0,0,0,0,0,0,0,0,0,0,0,0,0,0,0,0,0,0,0,0,0,2,0,0,11,0,0,1,1,0,0,0,1,0,7,0,0,0,0
"InChI=1S/C10H7N3S/c11-9-4-2-6-1-3-8-7(5-14-13-8)10(6)12-9/h1-5H,(H2,11,12)",1,2,0,0,0,0,0,1,1,0,0,0,0,0,0,0,0,0,1,0,1,0,1,1,0,1,0,0,1,0,1,0,0,0,0,0,0,2,0,0,0,0,0,0,0,0,0,0,0,0,0,1,0,0,0,0,0,0,0,0,0,0,0,0,3,3,3,1,2,2,1,2,1,1,0,0,0,0,1,0,1,0,0,0,0,0,0,0,2,2,0,0,0,0,0,0,0,0,0,0,0,0,0,0,0,0,0,0,0,0,0,13,4,0,0,0,1,3,0,0,0,0,0,0,0,0,0,0,0,0,0,0,0,0,0,0,0,0,0,3,0,0,13,0,0,1,2,0,0,0,1,0,4,4,0,0,0
"InChI=1S/C10H7N3S/c1-7-12-6-8(5-11)10(13-7)9-3-2-4-14-9/h2-4,6H,1H3",1,1,1,0,0,0,0,1,2,0,0,0,0,0,0,0,0,0,1,0,0,0,1,0,0,0,0,0,0,0,0,0,0,0,0,0,0,0,0,0,0,0,0,0,0,0,0,0,0,0,0,0,0,1,0,0,0,0,0,0,0,0,0,0,3,3,3,0,0,0,0,0,0,1,0,0,0,0,1,0,3,0,0,0,0,0,0,0,0,2,0,0,0,0,0,0,0,0,0,0,0,0,0,0,0,0,0,0,0,0,0,11,3,0,0,0,0,3,0,0,0,0,1,0,0,0,0,1,0,0,0,0,0,0,0,0,0,0,0,4,0,0,11,0,0,1,1,0,0,0,1,1,5,0,0,0,0
"InChI=1S/C10H7N3S/c1-2-9(14-7-1)8-3-5-11-10-4-6-12-13(8)10/h1-7H",1,1,0,0,0,0,0,1,2,0,0,0,0,0,0,0,0,0,1,0,1,0,2,0,0,1,0,0,0,0,1,0,0,0,0,0,0,0,0,0,0,0,0,0,0,0,0,0,0,0,0,0,0,0,0,0,0,0,0,0,0,0,0,0,4,3,5,0,0,0,1,0,0,1,0,0,0,1,1,1,3,0,0,0,0,0,0,0,0,3,0,0,0,0,0,0,0,0,0,0,0,0,0,0,0,0,0,0,0,0,0,14,4,0,0,0,0,4,0,0,0,0,0,0,0,0,0,0,0,0,0,0,0,0,0,0,0,0,0,5,0,0,14,0,0,2,1,0,0,0,1,1,6,2,0,0,0
"InChI=1S/C10H7N3S/c1-3-9(14-6-1)8-7-10-11-4-2-5-13(10)12-8/h1-7H",1,1,0,0,0,0,0,1,2,0,0,0,0,0,0,0,0,0,1,0,1,0,2,0,0,1,0,0,0,0,1,0,0,0,0,0,0,0,0,0,0,0,0,0,0,0,0,0,0,0,0,0,0,0,0,0,0,0,0,0,0,0,0,0,4,3,5,0,0,0,1,0,0,1,0,0,0,1,1,1,3,0,0,0,0,0,0,0,0,3,0,0,0,0,0,0,0,0,0,0,0,0,0,0,0,0,0,0,0,0,0,14,4,0,0,0,0,4,0,0,0,0,0,0,0,0,0,0,0,0,0,0,0,0,0,0,0,0,0,5,0,0,14,0,0,2,1,0,0,0,1,1,6,2,0,0,0
"InChI=1S/C10H7N3S/c1-2-4-9-8(3-1)5-13(12-9)10-6-14-7-11-10/h1-7H",1,1,0,0,0,0,0,1,2,0,0,0,0,0,1,0,0,0,1,0,1,0,2,0,0,1,0,0,0,0,1,0,0,0,0,0,0,0,0,0,0,0,0,0,0,0,0,0,0,0,0,0,0,0,0,0,0,0,0,0,0,0,0,0,4,3,5,0,0,2,1,2,0,1,0,0,0,1,1,1,1,0,0,0,0,0,0,0,0,3,0,0,0,0,0,0,0,0,0,0,0,0,0,0,0,0,0,0,0,0,0,14,3,0,0,0,0,4,0,0,0,0,0,0,0,0,0,0,0,0,0,0,0,0,0,0,0,0,0,5,0,0,14,0,0,2,1,0,0,0,0,1,5,2,0,0,0
"InChI=1S/C10H7N3S/c11-6-7-3-4-8(13-10(7)12)9-2-1-5-14-9/h1-5H,(H2,12,13)",1,1,0,0,0,0,0,1,2,0,0,0,0,0,0,0,0,0,1,0,1,0,1,0,0,0,0,0,0,0,0,0,0,0,0,0,0,2,0,0,0,0,0,0,0,0,0,0,0,0,0,1,0,1,0,0,0,0,0,0,0,0,0,0,2,3,2,1,2,2,1,2,0,1,0,0,0,0,1,0,2,0,0,0,0,0,0,0,2,1,0,0,0,0,0,0,0,0,0,0,0,0,0,0,0,0,0,0,0,0,0,11,6,0,0,0,1,2,0,0,0,0,0,0,0,0,0,0,0,0,0,0,0,0,0,0,0,0,0,2,0,0,11,0,0,1,1,0,0,0,1,1,9,0,0,0,0
"InChI=1S/C10H7N3S/c1-2-9-8(3-4-11-9)5-7(1)10-6-12-14-13-10/h1-6,11H",1,1,0,0,0,0,0,1,0,0,0,0,0,0,0,0,0,0,1,0,1,0,2,2,1,2,0,0,0,0,2,0,0,0,0,0,0,1,0,0,0,0,0,0,0,0,0,0,0,0,0,0,0,0,0,0,0,0,0,0,0,0,0,0,4,3,4,0,0,0,1,2,2,0,0,0,0,0,1,1,0,0,0,0,0,0,0,0,1,3,0,0,0,0,0,0,0,0,0,0,0,0,0,0,0,0,0,0,0,0,0,14,3,0,0,0,0,4,0,0,0,0,0,0,0,0,0,0,0,0,0,0,0,0,0,0,0,0,0,4,0,0,14,0,0,2,1,0,0,0,0,1,6,2,0,0,0
"InChI=1S/C10H7N3S/c1-2-9(8-4-5-14-6-8)13-7-11-12-10(13)3-1/h1-7H",1,1,0,0,0,0,0,1,2,0,0,0,0,0,0,0,0,0,1,0,1,0,2,0,0,1,0,0,0,0,1,0,0,0,0,0,0,0,0,0,0,0,0,0,0,0,0,0,0,0,0,0,0,0,1,0,0,0,0,0,0,0,0,0,4,3,3,0,0,0,1,0,0,1,0,0,0,1,2,2,1,0,0,0,0,0,0,0,0,3,0,0,0,0,0,0,0,0,0,0,0,0,0,0,0,0,0,0,0,0,0,14,3,0,0,0,0,4,0,0,0,0,0,0,0,0,0,0,0,0,0,0,0,0,0,0,0,0,0,5,0,0,14,0,0,2,1,0,0,0,1,1,6,2,0,0,0
"InChI=1S/C10H7N3S/c1-6-7-4-2-3-5-8(7)11-10-9(6)14-13-12-10/h2-5H,1H3",1,2,1,0,0,0,0,1,1,0,0,0,0,0,1,0,0,0,1,0,0,0,1,1,0,2,0,0,1,0,2,1,0,0,0,0,0,0,0,0,0,0,0,0,0,0,0,0,0,0,0,0,0,0,0,0,0,0,0,0,0,0,0,0,4,3,2,0,0,0,0,0,1,1,0,0,0,1,1,1,2,0,0,0,0,0,0,0,0,3,0,0,0,0,0,0,0,0,0,0,0,0,0,0,0,0,0,0,0,0,0,13,3,0,0,0,0,4,0,0,0,0,1,0,0,0,0,1,0,0,0,0,0,0,0,0,0,0,0,3,0,0,13,0,0,1,2,0,0,0,1,0,3,4,0,0,0
"InChI=1S/C10H7N3S/c1-2-9(14-5-1)7-3-4-11-10-8(7)6-12-13-10/h1-6H,(H,11,12,13)",1,1,0,0,0,0,0,1,2,0,0,0,0,0,0,0,0,0,1,0,1,0,2,0,0,1,0,1,0,0,1,0,0,0,0,0,0,1,0,0,0,0,0,0,0,0,0,0,0,0,0,0,0,0,0,0,0,0,0,0,0,0,0,0,4,3,4,0,0,0,1,2,0,1,0,0,0,1,1,1,2,0,0,0,0,0,0,0,1,3,0,0,0,0,0,0,0,0,0,0,0,0,0,0,0,0,0,0,0,0,0,14,3,0,0,0,0,4,0,0,0,0,0,0,0,0,0,0,0,0,0,0,0,0,0,0,0,0,0,4,0,0,14,0,0,2,1,0,0,0,1,1,5,2,0,0,0
"InChI=1S/C10H7N3S/c14-10-12-11-9-8-4-2-1-3-7(8)5-6-13(9)10/h1-6H,(H,12,14)",1,2,0,0,0,0,0,1,1,0,2,2,0,0,2,0,0,0,0,0,1,0,1,0,0,1,1,0,0,0,1,0,0,0,0,0,0,1,0,0,0,0,0,0,0,0,0,0,0,0,0,0,0,0,1,0,0,0,0,0,0,0,0,0,3,3,3,0,0,0,1,0,0,1,0,0,0,1,2,2,1,0,0,0,0,0,0,0,0,3,0,0,0,0,0,0,0,0,0,0,0,0,0,0,0,0,0,0,0,0,0,13,4,0,0,0,0,3,0,0,0,0,0,0,0,0,0,0,0,0,0,0,0,0,0,0,0,0,0,5,0,0,13,0,0,1,2,0,0,0,1,0,4,4,0,0,0
"InChI=1S/C10H7N3S/c14-8-12-9-1-3-10(4-2-9)13-6-5-11-7-13/h1-7H",1,1,0,0,0,0,0,1,0,1,0,0,0,0,1,0,0,0,0,0,1,0,1,0,0,0,0,0,0,0,0,0,0,0,0,0,0,0,0,0,0,0,0,0,0,0,0,0,0,0,0,1,1,0,1,0,0,0,0,0,0,0,0,0,2,3,5,1,2,4,1,2,0,0,0,0,0,0,1,1,0,0,0,0,0,0,0,0,0,2,0,0,0,0,0,0,0,0,0,0,0,0,0,0,0,0,0,0,0,0,0,11,5,0,0,0,0,2,0,0,0,0,0,0,0,0,0,0,0,0,0,0,0,0,0,0,0,0,0,5,0,0,11,0,0,1,1,0,0,0,0,1,9,0,0,0,0
"InChI=1S/C10H7N3S/c11-6-9-7-12-10(14-9)13-8-4-2-1-3-5-8/h1-5,7H,(H,12,13)",1,1,0,0,0,0,0,1,2,0,0,0,0,0,2,0,0,0,1,0,1,0,1,0,0,0,1,0,0,0,0,0,0,0,0,0,0,1,0,0,0,0,0,0,0,0,0,0,0,0,0,1,1,1,0,0,0,0,0,0,0,0,0,0,2,3,3,1,4,4,1,2,0,0,0,0,0,0,1,0,1,0,0,0,0,0,0,0,1,1,0,0,0,0,0,0,0,0,0,0,0,0,0,0,0,0,0,0,0,0,0,11,9,0,0,0,0,2,0,0,0,0,0,0,0,0,0,0,0,0,0,0,0,0,0,0,0,0,0,2,0,0,11,0,0,1,1,0,0,0,0,0,9,0,0,0,0
"InChI=1S/C10H7N3S/c14-10-12-11-9-6-5-7-3-1-2-4-8(7)13(9)10/h1-6H,(H,12,14)",1,2,0,0,0,0,0,1,1,0,2,2,0,0,2,0,0,0,0,0,1,0,1,0,0,1,1,0,0,0,1,0,0,0,0,0,0,1,0,0,0,0,0,0,0,0,0,0,0,0,0,0,0,0,1,0,0,0,0,0,0,0,0,0,3,3,3,0,0,0,1,0,0,1,0,0,0,1,2,2,1,0,0,0,0,0,0,0,0,3,0,0,0,0,0,0,0,0,0,0,0,0,0,0,0,0,0,0,0,0,0,13,4,0,0,0,0,3,0,0,0,0,0,0,0,0,0,0,0,0,0,0,0,0,0,0,0,0,0,5,0,0,13,0,0,1,2,0,0,0,1,0,4,4,0,0,0
"InChI=1S/C10H7N3S/c1-2-8-10(12-4-1)14-9-6-11-5-3-7(9)13-8/h1-6,13H",1,2,0,0,0,0,0,1,2,0,4,0,0,0,1,0,0,0,1,0,1,0,0,0,0,0,0,0,0,0,0,0,0,0,0,0,0,1,0,0,0,0,0,0,0,0,0,0,0,0,0,0,2,0,0,0,0,0,0,0,0,0,0,0,4,3,6,0,4,0,1,2,0,0,0,0,0,0,0,1,2,0,0,0,0,0,0,0,1,3,0,0,0,0,0,0,0,0,0,0,0,0,0,0,0,0,0,0,0,0,0,12,8,0,0,0,0,4,0,0,0,0,0,0,0,0,0,0,0,0,0,0,0,0,0,0,0,0,0,4,0,0,14,0,0,0,3,0,0,0,3,0,3,4,0,0,0
"InChI=1S/C10H7N3S/c1-7-6-14-10(13-7)8-3-4-9(11-2)12-5-8/h3-6H,1H3",1,1,1,2,0,0,0,1,2,0,0,0,0,0,1,0,0,0,1,0,0,0,1,0,0,0,0,0,0,0,0,0,0,0,0,0,0,0,0,0,0,0,0,0,0,0,0,0,0,0,0,0,1,1,0,0,0,0,0,0,0,0,0,0,3,3,4,0,2,2,0,0,0,1,0,0,0,0,1,0,1,0,0,0,0,0,0,0,0,2,0,0,0,0,0,0,0,0,0,0,0,0,0,0,0,0,0,0,0,0,0,11,3,0,0,0,0,3,0,0,0,0,1,0,0,0,0,1,0,0,0,0,0,0,0,0,0,0,0,4,0,0,11,0,0,1,1,0,0,0,1,1,5,0,0,0,0
"InChI=1S/C10H7N3S/c1-2-4-9-8(3-1)7-12-13(9)10-11-5-6-14-10/h1-7H",1,1,0,0,0,0,0,1,2,0,0,0,0,0,2,0,0,0,1,0,1,0,2,0,0,1,1,0,0,0,1,0,0,0,0,0,0,0,0,0,0,0,0,0,0,0,0,0,0,0,0,0,0,0,0,0,0,0,0,0,0,0,0,0,4,3,5,0,0,2,1,2,0,0,0,0,0,1,1,1,1,0,0,0,0,0,0,0,0,3,0,0,0,0,0,0,0,0,0,0,0,0,0,0,0,0,0,0,0,0,0,14,4,0,0,0,0,4,0,0,0,0,0,0,0,0,0,0,0,0,0,0,0,0,0,0,0,0,0,5,0,0,14,0,0,2,1,0,0,0,0,1,4,2,0,0,0
"InChI=1S/C10H7N3S/c14-9-5-7-3-1-2-4-8(7)10-12-11-6-13(9)10/h1-6,12H",1,2,0,0,0,0,0,1,1,1,2,2,0,0,1,0,0,0,0,0,2,0,1,0,0,1,0,1,0,0,1,0,0,0,0,0,0,1,0,0,0,0,0,0,0,0,0,0,0,0,0,0,0,0,1,0,0,0,0,0,0,0,0,0,3,3,4,0,0,0,2,2,0,1,0,0,0,1,2,2,1,0,0,0,0,0,0,0,1,3,0,0,0,0,0,0,0,0,0,0,0,0,0,0,0,0,0,0,0,0,0,13,4,0,0,0,0,3,0,0,0,0,0,0,0,0,0,0,0,0,0,0,0,0,0,0,0,0,0,5,0,0,13,0,0,1,2,0,0,0,1,0,4,4,0,0,0
"InChI=1S/C10H7N3S/c11-7-12-10-13-9(6-14-10)8-4-2-1-3-5-8/h1-6H,(H,12,13)",1,1,0,0,0,0,0,1,2,0,0,0,0,0,2,0,0,0,1,0,1,0,1,0,0,0,1,0,0,0,0,0,0,0,0,0,0,1,0,0,0,0,0,0,0,0,0,0,0,0,0,1,1,1,0,0,0,0,0,0,0,0,0,0,2,3,2,1,2,2,1,2,0,0,0,0,0,0,2,0,1,0,0,0,0,0,0,0,1,1,0,0,0,0,0,0,0,0,0,0,0,0,0,0,0,0,0,0,0,0,0,11,5,0,0,0,0,2,0,0,0,0,0,0,0,0,0,0,0,0,0,0,0,0,0,0,0,0,0,2,0,0,11,0,0,1,1,0,0,0,0,1,9,0,0,0,0
"InChI=1S/C10H7N3S/c11-6-10-5-8(1-3-12-10)13-9-2-4-14-7-9/h1-5,7H,(H,12,13)",1,1,0,0,0,0,0,1,2,0,0,0,0,0,0,0,0,0,1,0,1,0,1,0,0,0,0,0,0,0,0,0,0,0,0,0,0,1,0,0,0,0,0,0,0,0,0,0,0,0,0,1,1,1,0,0,0,0,0,0,0,0,0,0,2,3,4,1,4,4,1,2,0,0,0,0,0,0,0,1,2,0,0,0,0,0,0,0,1,1,0,0,0,0,0,0,0,0,0,0,0,0,0,0,0,0,0,0,0,0,0,11,9,0,0,0,0,2,0,0,0,0,0,0,0,0,0,0,0,0,0,0,0,0,0,0,0,0,0,2,0,0,11,0,0,1,1,0,0,0,1,0,9,0,0,0,0
"InChI=1S/C10H7N3S/c1-2-4-8(5-3-1)9-12-10-11-6-7-13(10)14-9/h1-7H",1,1,0,0,0,0,0,1,2,0,0,0,0,0,1,0,0,0,1,0,1,0,2,1,0,1,1,0,1,0,1,0,0,0,0,0,0,0,0,0,0,0,0,0,0,0,0,0,0,0,0,0,0,0,0,0,0,0,0,0,0,0,0,0,4,3,4,0,0,0,1,0,1,0,1,0,0,0,3,2,0,0,0,0,0,0,0,0,0,3,0,0,0,0,0,0,0,0,0,0,0,0,0,0,0,0,0,0,0,0,0,14,5,0,0,0,0,4,0,0,0,0,0,0,0,0,0,0,0,0,0,0,0,0,0,0,0,0,0,6,0,0,14,0,0,2,1,0,1,0,0,1,7,2,0,0,0
"InChI=1S/C10H7N3S/c1-2-5-9-8(4-1)12-10(14-9)13-7-3-6-11-13/h1-7H",1,1,0,0,0,0,0,1,2,0,0,0,0,0,2,0,0,0,1,0,1,0,2,0,0,1,1,0,0,0,1,0,0,0,0,0,0,0,0,0,0,0,0,0,0,0,0,0,0,0,0,0,0,0,0,0,0,0,0,0,0,0,0,0,4,3,5,0,0,2,1,2,0,0,0,0,0,1,1,1,1,0,0,0,0,0,0,0,0,3,0,0,0,0,0,0,0,0,0,0,0,0,0,0,0,0,0,0,0,0,0,14,5,0,0,0,0,4,0,0,0,0,0,0,0,0,0,0,0,0,0,0,0,0,0,0,0,0,0,5,0,0,14,0,0,2,1,0,0,0,0,1,6,2,0,0,0
"InChI=1S/C10H7N3S/c1-6-13-8-3-2-7-9(10(8)14-6)12-5-4-11-7/h2-5H,1H3",1,2,1,0,0,0,0,1,2,0,0,0,0,0,1,0,0,0,1,0,0,0,1,0,0,0,0,0,0,0,0,0,0,0,0,0,0,0,0,0,0,0,0,0,0,0,0,0,0,0,0,0,0,0,0,0,0,0,0,0,0,0,0,0,4,3,6,0,0,0,0,0,0,0,0,0,0,0,0,2,1,0,0,0,0,0,0,0,0,3,0,0,0,0,0,0,0,0,0,0,0,0,0,0,0,0,0,0,0,0,0,13,2,0,0,0,0,4,0,0,0,0,1,0,0,0,0,1,0,0,0,0,0,0,0,0,0,0,0,6,0,0,13,0,0,1,2,0,0,0,1,0,2,4,0,0,0
"InChI=1S/C10H7N3S/c1-2-9(14-5-1)8-3-4-10-12-11-7-13(10)6-8/h1-7H",1,1,0,0,0,0,0,1,2,0,0,0,0,0,0,0,0,0,1,0,1,0,2,0,0,1,0,0,0,0,1,0,0,0,0,0,0,0,0,0,0,0,0,0,0,0,0,0,0,0,0,0,0,0,1,0,0,0,0,0,0,0,0,0,4,3,3,0,0,0,1,0,0,1,0,0,0,1,2,2,1,0,0,0,0,0,0,0,0,3,0,0,0,0,0,0,0,0,0,0,0,0,0,0,0,0,0,0,0,0,0,14,3,0,0,0,0,4,0,0,0,0,0,0,0,0,0,0,0,0,0,0,0,0,0,0,0,0,0,5,0,0,14,0,0,2,1,0,0,0,1,1,6,2,0,0,0
"InChI=1S/C10H7N3S/c11-9-8-6-3-1-2-4-7(6)14-10(8)13-5-12-9/h1-5H,(H2,11,12,13)",1,2,0,0,0,0,0,1,2,0,0,0,0,0,1,0,0,0,1,0,1,0,1,0,0,0,0,0,0,0,0,0,0,0,0,0,0,1,0,0,0,0,0,0,0,0,0,0,0,0,0,0,1,0,0,0,0,0,0,0,0,0,0,0,3,3,3,0,2,2,1,0,0,1,0,0,0,0,2,0,3,0,0,0,0,0,0,0,1,2,0,0,0,0,0,0,0,0,0,0,0,0,0,0,0,0,0,0,0,0,0,13,3,0,0,0,0,3,0,0,0,0,0,0,0,0,0,0,0,0,0,0,0,0,0,0,0,0,0,4,1,0,13,0,0,1,2,0,0,0,1,0,3,4,0,0,0
"InChI=1S/C10H7N3S/c1-12-8-4-2-7(3-5-8)9-6-14-10(11)13-9/h2-6H,(H2,11,13)",1,1,0,2,0,0,0,1,2,0,0,0,0,0,2,0,0,0,1,0,1,0,1,0,0,0,1,0,0,0,0,0,0,0,0,0,0,2,0,0,0,0,0,0,0,0,0,0,0,0,0,1,1,1,0,0,0,0,0,0,0,0,0,0,2,3,3,1,4,4,1,2,0,0,0,0,0,0,1,0,0,0,0,0,0,0,0,0,2,1,0,0,0,0,0,0,0,0,0,0,0,0,0,0,0,0,0,0,0,0,0,11,5,0,0,0,1,2,0,0,0,0,0,0,0,0,0,0,0,0,0,0,0,0,0,0,0,0,0,2,0,0,11,0,0,1,1,0,0,0,0,1,9,0,0,0,0
"InChI=1S/C10H7N3S/c11-6-8-9(13-10(12)14-8)7-4-2-1-3-5-7/h1-5H,(H2,12,13)",1,1,0,0,0,0,0,1,2,0,0,0,0,0,2,0,0,0,1,0,1,0,1,0,0,0,1,0,0,0,0,0,0,0,0,0,0,2,0,0,0,0,0,0,0,0,0,0,0,0,0,1,0,1,0,0,0,0,0,0,0,0,0,0,2,3,2,1,2,2,1,2,0,0,0,0,0,0,1,0,1,0,0,0,0,0,0,0,2,1,0,0,0,0,0,0,0,0,0,0,0,0,0,0,0,0,0,0,0,0,0,11,5,0,0,0,1,2,0,0,0,0,0,0,0,0,0,0,0,0,0,0,0,0,0,0,0,0,0,2,0,0,11,0,0,1,1,0,0,0,0,1,9,0,0,0,0
"InChI=1S/C10H7N3S/c11-5-4-8-7-13-10(14-8)9-3-1-2-6-12-9/h1-3,6-7H,4H2",1,1,1,0,0,0,0,1,2,0,0,0,0,0,1,0,0,0,1,0,0,0,1,0,0,0,0,0,0,0,0,0,0,0,0,0,0,0,0,0,0,0,0,0,0,0,0,0,0,0,0,0,0,1,0,0,0,0,0,0,0,0,0,0,3,3,4,0,0,0,0,0,0,0,0,0,0,0,0,1,0,0,0,0,0,0,0,3,0,2,0,0,0,0,0,0,0,0,0,0,0,0,0,0,0,0,0,0,0,0,0,11,4,0,0,0,0,3,0,6,0,0,0,0,0,0,0,0,0,0,0,0,0,0,0,0,0,0,0,4,0,0,11,0,0,1,1,0,0,0,1,1,5,0,0,0,0
"InChI=1S/C10H7N3S/c11-5-4-10-13-9(7-14-10)8-3-1-2-6-12-8/h1-3,6-7H,4H2",1,1,1,0,0,0,0,1,2,0,0,0,0,0,1,0,0,0,1,0,0,0,1,0,0,0,0,0,0,0,0,0,0,0,0,0,0,0,0,0,0,0,0,0,0,0,0,0,0,0,0,0,0,1,0,0,0,0,0,0,0,0,0,0,3,3,4,0,0,0,0,0,0,0,0,0,0,0,0,1,1,0,0,0,0,0,0,6,0,2,0,0,0,0,0,0,0,0,0,0,0,0,0,0,0,0,0,0,0,0,0,11,3,0,0,0,0,3,0,6,0,0,0,0,0,0,0,0,0,0,0,0,0,0,0,0,0,0,0,4,0,0,11,0,0,1,1,0,0,0,1,1,5,0,0,0,0
"InChI=1S/C10H7N3S/c11-6-7-3-4-9(14-7)8-2-1-5-13-10(8)12/h1-5H,(H2,12,13)",1,1,0,0,0,0,0,1,2,0,0,0,0,0,0,0,0,0,1,0,1,0,1,0,0,0,0,0,0,0,0,0,0,0,0,0,0,1,0,0,0,0,0,0,0,0,0,0,0,0,0,0,1,1,0,0,0,0,0,0,0,0,0,0,2,3,2,0,2,2,1,0,0,1,0,0,0,0,1,0,0,0,0,0,0,0,0,0,1,1,0,0,0,0,0,0,0,0,0,0,0,0,0,0,0,0,0,0,0,0,0,11,4,0,0,0,0,2,0,0,0,0,0,0,0,0,0,0,0,0,0,0,0,0,0,0,0,0,0,2,1,0,11,0,0,1,1,0,0,0,1,1,7,0,0,0,0
"InChI=1S/C10H7N3S/c1-2-6-13-9(5-1)11-10(12-13)8-4-3-7-14-8/h1-7H",1,1,0,0,0,0,0,1,2,0,0,0,0,0,0,0,0,0,1,0,1,0,2,0,0,1,0,0,0,0,1,0,0,0,0,0,0,0,0,0,0,0,0,0,0,0,0,0,0,0,0,0,0,0,0,0,0,0,0,0,0,0,0,0,4,3,4,0,0,0,1,0,0,2,0,0,0,1,2,2,1,0,0,0,0,0,0,0,0,3,0,0,0,0,0,0,0,0,0,0,0,0,0,0,0,0,0,0,0,0,0,14,5,0,0,0,0,4,0,0,0,0,0,0,0,0,0,0,0,0,0,0,0,0,0,0,0,0,0,5,0,0,14,0,0,2,1,0,0,0,1,1,6,2,0,0,0
"InChI=1S/C10H7N3S/c1-3-12-6-10-7(1)13-8-5-11-4-2-9(8)14-10/h1-6,13H",1,2,0,0,0,0,0,1,2,0,4,0,0,0,0,0,0,0,1,0,1,0,0,0,0,0,0,0,0,0,0,0,0,0,0,0,0,1,0,0,0,0,0,0,0,0,0,0,0,0,0,0,2,0,0,0,0,0,0,0,0,0,0,0,4,3,6,0,4,0,1,2,0,0,0,0,0,0,0,1,2,0,0,0,0,0,0,0,1,3,0,0,0,0,0,0,0,0,0,0,0,0,0,0,0,0,0,0,0,0,0,12,8,0,0,0,0,4,0,0,0,0,0,0,0,0,0,0,0,0,0,0,0,0,0,0,0,0,0,4,0,0,14,0,0,0,3,0,0,0,3,0,2,4,0,0,0
"InChI=1S/C10H7N3S/c11-6-7-4-5-9(14-7)8-2-1-3-10(12)13-8/h1-5H,(H2,12,13)",1,1,0,0,0,0,0,1,2,0,0,0,0,0,0,0,0,0,1,0,1,0,1,0,0,0,0,0,0,0,0,0,0,0,0,0,0,1,0,0,0,0,0,0,0,0,0,0,0,0,0,0,1,1,0,0,0,0,0,0,0,0,0,0,2,3,2,0,2,2,1,0,0,1,0,0,0,0,1,0,0,0,0,0,0,0,0,0,1,1,0,0,0,0,0,0,0,0,0,0,0,0,0,0,0,0,0,0,0,0,0,11,5,0,0,0,0,2,0,0,0,0,0,0,0,0,0,0,0,0,0,0,0,0,0,0,0,0,0,2,1,0,11,0,0,1,1,0,0,0,1,1,7,0,0,0,0
"InChI=1S/C10H7N3S/c1-3-8-7-13(9-4-2-6-14-9)12-10(8)11-5-1/h1-7H",1,1,0,0,0,0,0,1,2,0,0,0,0,0,1,0,0,0,1,0,1,0,2,0,0,1,0,0,0,0,1,0,0,0,0,0,0,0,0,0,0,0,0,0,0,0,0,0,0,0,0,0,0,0,0,0,0,0,0,0,0,0,0,0,4,3,5,0,0,2,1,2,0,1,0,0,0,1,1,1,2,0,0,0,0,0,0,0,0,3,0,0,0,0,0,0,0,0,0,0,0,0,0,0,0,0,0,0,0,0,0,14,4,0,0,0,0,4,0,0,0,0,0,0,0,0,0,0,0,0,0,0,0,0,0,0,0,0,0,5,0,0,14,0,0,2,1,0,0,0,1,1,6,2,0,0,0
"InChI=1S/C10H7N3S/c11-4-3-10-13-9(7-14-10)8-2-1-5-12-6-8/h1-2,5-7H,3H2",1,1,1,0,0,0,0,1,2,0,0,0,0,0,1,0,0,0,1,0,0,0,1,0,0,0,0,0,0,0,0,0,0,0,0,0,0,0,0,0,0,0,0,0,0,0,0,0,0,0,0,0,0,1,0,0,0,0,0,0,0,0,0,0,3,3,4,0,0,0,0,0,0,0,0,0,0,0,0,0,2,0,0,0,0,0,0,6,0,2,0,0,0,0,0,0,0,0,0,0,0,0,0,0,0,0,0,0,0,0,0,11,2,0,0,0,0,3,0,6,0,0,0,0,0,0,0,0,0,0,0,0,0,0,0,0,0,0,0,4,0,0,11,0,0,1,1,0,0,0,1,1,5,0,0,0,0
"InChI=1S/C10H7N3S/c1-7-10(14-9(6-11)13-7)8-2-4-12-5-3-8/h2-5H,1H3",1,1,1,0,0,0,0,1,2,0,0,0,0,0,1,0,0,0,1,0,0,0,1,0,0,0,0,0,0,0,0,0,0,0,0,0,0,0,0,0,0,0,0,0,0,0,0,0,0,0,0,0,0,1,0,0,0,0,0,0,0,0,0,0,3,3,4,0,0,0,0,0,0,0,0,0,0,0,0,1,0,0,0,0,0,0,0,0,0,2,0,0,0,0,0,0,0,0,0,0,0,0,0,0,0,0,0,0,0,0,0,11,2,0,0,0,0,3,0,0,0,0,1,0,0,0,0,1,0,0,0,0,0,0,0,0,0,0,0,4,0,0,11,0,0,1,1,0,0,0,1,1,5,0,0,0,0
"InChI=1S/C10H7N3S/c11-4-1-10-13-9(7-14-10)8-2-5-12-6-3-8/h2-3,5-7H,1H2",1,1,1,0,0,0,0,1,2,0,0,0,0,0,1,0,0,0,1,0,0,0,1,0,0,0,0,0,0,0,0,0,0,0,0,0,0,0,0,0,0,0,0,0,0,0,0,0,0,0,0,0,0,1,0,0,0,0,0,0,0,0,0,0,3,3,4,0,0,0,0,0,0,0,0,0,0,0,0,0,1,0,0,0,0,0,0,6,0,2,0,0,0,0,0,0,0,0,0,0,0,0,0,0,0,0,0,0,0,0,0,11,2,0,0,0,0,3,0,6,0,0,0,0,0,0,0,0,0,0,0,0,0,0,0,0,0,0,0,4,0,0,11,0,0,1,1,0,0,0,1,1,5,0,0,0,0
"InChI=1S/C10H7N3S/c11-6-3-4-12-7-1-2-8-10(9(6)7)13-5-14-8/h1-5H,(H2,11,12)",1,2,0,0,0,0,0,1,2,0,0,0,0,0,1,0,0,0,1,0,1,0,1,0,0,0,0,0,0,0,0,0,0,0,0,0,0,1,0,0,0,0,0,0,0,0,0,0,0,0,0,0,1,0,0,0,0,0,0,0,0,0,0,0,3,3,5,0,2,2,1,0,0,0,0,0,0,0,0,0,4,0,0,0,0,0,0,0,1,2,0,0,0,0,0,0,0,0,0,0,0,0,0,0,0,0,0,0,0,0,0,13,3,0,0,0,0,3,0,0,0,0,0,0,0,0,0,0,0,0,0,0,0,0,0,0,0,0,0,4,1,0,13,0,0,1,2,0,0,0,1,0,3,4,0,0,0
"InChI=1S/C10H7N3S/c1-2-4-9-8(3-1)12-7-13-6-5-11-10(13)14-9/h1-7H",1,1,0,0,0,0,0,1,2,0,4,0,0,0,2,0,0,0,1,0,1,0,1,0,0,0,1,0,0,0,0,0,0,0,0,0,0,0,0,0,0,0,0,0,0,0,0,0,0,0,0,1,2,0,1,0,0,0,0,0,0,0,0,0,4,3,5,1,2,0,1,0,0,0,0,0,0,0,2,1,1,0,0,0,0,0,0,0,0,3,0,0,0,0,0,0,0,0,0,0,0,0,0,0,0,0,0,0,0,0,0,11,9,0,0,0,0,4,0,0,0,0,0,0,0,0,0,0,0,0,0,0,0,0,0,0,0,0,0,4,0,0,14,0,0,1,1,1,0,0,0,0,4,4,0,0,0
"InChI=1S/C10H7N3S/c11-5-4-8-7-14-10(13-8)9-3-1-2-6-12-9/h1-3,6-7H,4H2",1,1,1,0,0,0,0,1,2,0,0,0,0,0,1,0,0,0,1,0,0,0,1,0,0,0,0,0,0,0,0,0,0,0,0,0,0,0,0,0,0,0,0,0,0,0,0,0,0,0,0,0,0,1,0,0,0,0,0,0,0,0,0,0,3,3,4,0,0,0,0,0,0,0,0,0,0,0,0,1,1,0,0,0,0,0,0,6,0,2,0,0,0,0,0,0,0,0,0,0,0,0,0,0,0,0,0,0,0,0,0,11,4,0,0,0,0,3,0,6,0,0,0,0,0,0,0,0,0,0,0,0,0,0,0,0,0,0,0,4,0,0,11,0,0,1,1,0,0,0,1,1,5,0,0,0,0
"InChI=1S/C10H7N3S/c1-2-9-8(5-11-6-12-9)10-7(1)3-4-13-14-10/h1-6,13H",1,2,0,0,0,0,0,1,2,0,2,0,0,0,0,0,0,0,1,0,1,0,0,1,0,1,0,1,1,0,1,0,0,0,0,0,0,1,0,0,0,0,0,1,2,0,0,0,0,0,1,0,1,0,0,0,0,0,0,0,0,0,0,0,4,3,4,0,0,0,1,2,1,0,0,0,0,0,1,0,1,0,0,0,0,0,0,0,1,3,0,0,0,0,0,0,0,0,0,0,0,0,0,0,0,0,0,0,0,0,0,10,3,0,0,0,0,4,0,0,0,0,0,0,0,0,0,0,0,0,0,0,0,0,0,0,0,0,0,4,0,0,14,0,0,0,3,0,0,0,2,0,3,4,0,0,0
"InChI=1S/C10H7N3S/c11-6-7-3-4-9(14-7)10-8(12)2-1-5-13-10/h1-5H,12H2",1,1,0,0,0,0,0,1,2,0,0,0,0,0,0,0,0,0,1,0,1,0,1,0,0,0,0,0,0,0,0,0,0,0,0,0,0,1,0,0,0,0,0,0,0,0,0,0,0,0,0,0,1,1,0,0,0,0,0,0,0,0,0,0,2,3,3,0,2,2,1,0,0,0,0,0,0,0,0,1,0,0,0,0,0,0,0,0,1,1,0,0,0,0,0,0,0,0,0,0,0,0,0,0,0,0,0,0,0,0,0,11,5,0,0,0,0,2,0,0,0,0,0,0,0,0,0,0,0,0,0,0,0,0,0,0,0,0,0,2,1,0,11,0,0,1,1,0,0,0,1,1,7,0,0,0,0
"InChI=1S/C10H7N3S/c1-2-6-13-9(5-1)11-12-10(13)8-4-3-7-14-8/h1-7H",1,1,0,0,0,0,0,1,2,0,0,0,0,0,0,0,0,0,1,0,1,0,2,0,0,1,0,0,0,0,1,0,0,0,0,0,0,0,0,0,0,0,0,0,0,0,0,0,0,0,0,0,0,0,1,0,0,0,0,0,0,0,0,0,4,3,3,0,0,0,1,0,0,2,0,0,0,1,2,2,1,0,0,0,0,0,0,0,0,3,0,0,0,0,0,0,0,0,0,0,0,0,0,0,0,0,0,0,0,0,0,14,5,0,0,0,0,4,0,0,0,0,0,0,0,0,0,0,0,0,0,0,0,0,0,0,0,0,0,5,0,0,14,0,0,2,1,0,0,0,1,1,6,2,0,0,0
"InChI=1S/C10H7N3S/c11-5-7-1-2-9(13-10(7)12)8-3-4-14-6-8/h1-4,6H,(H2,12,13)",1,1,0,0,0,0,0,1,2,0,0,0,0,0,0,0,0,0,1,0,1,0,1,0,0,0,0,0,0,0,0,0,0,0,0,0,0,1,0,0,0,0,0,0,0,0,0,0,0,0,0,0,1,1,0,0,0,0,0,0,0,0,0,0,2,3,2,0,2,2,1,0,0,1,0,0,0,0,1,0,2,0,0,0,0,0,0,0,1,1,0,0,0,0,0,0,0,0,0,0,0,0,0,0,0,0,0,0,0,0,0,11,4,0,0,0,0,2,0,0,0,0,0,0,0,0,0,0,0,0,0,0,0,0,0,0,0,0,0,2,1,0,11,0,0,1,1,0,0,0,1,1,7,0,0,0,0
"InChI=1S/C10H7N3S/c1-2-4-8(5-3-1)9-6-14-10-11-7-12-13(9)10/h1-7H",1,1,0,0,0,0,0,1,2,0,0,0,0,0,2,0,0,0,1,0,1,0,2,0,0,1,1,0,0,0,1,0,0,0,0,0,0,0,0,0,0,0,0,0,0,0,0,0,0,0,0,0,0,0,0,0,0,0,0,0,0,0,0,0,4,3,4,0,0,0,1,0,0,0,0,0,0,1,2,2,1,0,0,0,0,0,0,0,0,3,0,0,0,0,0,0,0,0,0,0,0,0,0,0,0,0,0,0,0,0,0,14,4,0,0,0,0,4,0,0,0,0,0,0,0,0,0,0,0,0,0,0,0,0,0,0,0,0,0,5,0,0,14,0,0,2,1,0,1,0,0,1,7,2,0,0,0
"InChI=1S/C10H7N3S/c1-7-6-14-10(13-7)8-2-3-9(4-11)12-5-8/h2-3,5-6H,1H3",1,1,1,0,0,0,0,1,2,0,0,0,0,0,1,0,0,0,1,0,0,0,1,0,0,0,0,0,0,0,0,0,0,0,0,0,0,0,0,0,0,0,0,0,0,0,0,0,0,0,0,0,0,1,0,0,0,0,0,0,0,0,0,0,3,3,4,0,0,0,0,0,0,0,0,0,0,0,0,1,1,0,0,0,0,0,0,0,0,2,0,0,0,0,0,0,0,0,0,0,0,0,0,0,0,0,0,0,0,0,0,11,3,0,0,0,0,3,0,0,0,0,1,0,0,0,0,1,0,0,0,0,0,0,0,0,0,0,0,4,0,0,11,0,0,1,1,0,0,0,1,1,5,0,0,0,0
"InChI=1S/C10H7N3S/c11-7-8-2-1-3-9(6-8)13-5-4-12-10(13)14/h1-6H,(H,12,14)",1,1,0,0,0,0,0,1,1,0,2,2,0,0,2,0,0,0,0,0,1,0,1,0,0,0,1,0,0,0,0,0,0,0,0,0,0,1,0,0,0,0,0,0,0,0,0,0,0,0,0,0,0,1,1,0,0,0,0,0,0,0,0,0,2,3,4,0,0,2,1,2,0,0,0,0,0,0,1,1,0,0,0,0,0,0,0,0,0,2,0,0,0,0,0,0,0,0,0,0,0,0,0,0,0,0,0,0,0,0,0,11,5,0,0,0,0,2,0,0,0,0,0,0,0,0,0,0,0,0,0,0,0,0,0,0,0,0,0,5,0,0,11,0,0,1,1,0,0,0,0,1,9,0,0,0,0
"InChI=1S/C10H7N3S/c11-5-7-1-3-8(4-2-7)9-6-14-10(12)13-9/h1-4,6H,(H2,12,13)",1,1,0,0,0,0,0,1,2,0,0,0,0,0,2,0,0,0,1,0,1,0,1,0,0,0,1,0,0,0,0,0,0,0,0,0,0,2,0,0,0,0,0,0,0,0,0,0,0,0,0,1,0,1,0,0,0,0,0,0,0,0,0,0,2,3,2,1,2,2,1,2,0,0,0,0,0,0,1,0,0,0,0,0,0,0,0,0,2,1,0,0,0,0,0,0,0,0,0,0,0,0,0,0,0,0,0,0,0,0,0,11,5,0,0,0,1,2,0,0,0,0,0,0,0,0,0,0,0,0,0,0,0,0,0,0,0,0,0,2,0,0,11,0,0,1,1,0,0,0,0,1,9,0,0,0,0
"InChI=1S/C10H7N3S/c11-4-1-9-7-14-10(13-9)8-2-5-12-6-3-8/h2-3,5-7H,1H2",1,1,1,0,0,0,0,1,2,0,0,0,0,0,1,0,0,0,1,0,0,0,1,0,0,0,0,0,0,0,0,0,0,0,0,0,0,0,0,0,0,0,0,0,0,0,0,0,0,0,0,0,0,1,0,0,0,0,0,0,0,0,0,0,3,3,4,0,0,0,0,0,0,0,0,0,0,0,0,0,1,0,0,0,0,0,0,6,0,2,0,0,0,0,0,0,0,0,0,0,0,0,0,0,0,0,0,0,0,0,0,11,3,0,0,0,0,3,0,6,0,0,0,0,0,0,0,0,0,0,0,0,0,0,0,0,0,0,0,4,0,0,11,0,0,1,1,0,0,0,1,1,5,0,0,0,0
"InChI=1S/C10H7N3S/c11-7-8-1-3-9(4-2-8)13-6-5-12-10(13)14/h1-6H,(H,12,14)",1,1,0,0,0,0,0,1,1,0,2,2,0,0,2,0,0,0,0,0,1,0,1,0,0,0,1,0,0,0,0,0,0,0,0,0,0,1,0,0,0,0,0,0,0,0,0,0,0,0,0,0,0,1,1,0,0,0,0,0,0,0,0,0,2,3,4,0,0,2,1,2,0,0,0,0,0,0,1,1,0,0,0,0,0,0,0,0,0,2,0,0,0,0,0,0,0,0,0,0,0,0,0,0,0,0,0,0,0,0,0,11,5,0,0,0,0,2,0,0,0,0,0,0,0,0,0,0,0,0,0,0,0,0,0,0,0,0,0,5,0,0,11,0,0,1,1,0,0,0,0,1,9,0,0,0,0
"InChI=1S/C10H7N3S/c11-5-7-2-1-3-8(4-7)9-6-14-10(12)13-9/h1-4,6H,(H2,12,13)",1,1,0,0,0,0,0,1,2,0,0,0,0,0,2,0,0,0,1,0,1,0,1,0,0,0,1,0,0,0,0,0,0,0,0,0,0,2,0,0,0,0,0,0,0,0,0,0,0,0,0,1,0,1,0,0,0,0,0,0,0,0,0,0,2,3,2,1,2,2,1,2,0,0,0,0,0,0,1,0,0,0,0,0,0,0,0,0,2,1,0,0,0,0,0,0,0,0,0,0,0,0,0,0,0,0,0,0,0,0,0,11,5,0,0,0,1,2,0,0,0,0,0,0,0,0,0,0,0,0,0,0,0,0,0,0,0,0,0,2,0,0,11,0,0,1,1,0,0,0,0,1,9,0,0,0,0
"InChI=1S/C10H7N3S/c1-3-11-5-9-7(1)13-8-2-4-12-6-10(8)14-9/h1-6,13H",1,2,0,0,0,0,0,1,2,0,4,0,0,0,0,0,0,0,1,0,1,0,0,0,0,0,0,0,0,0,0,0,0,0,0,0,0,1,0,0,0,0,0,0,0,0,0,0,0,0,0,0,2,0,0,0,0,0,0,0,0,0,0,0,4,3,6,0,4,0,1,2,0,0,0,0,0,0,0,0,4,0,0,0,0,0,0,0,1,3,0,0,0,0,0,0,0,0,0,0,0,0,0,0,0,0,0,0,0,0,0,12,8,0,0,0,0,4,0,0,0,0,0,0,0,0,0,0,0,0,0,0,0,0,0,0,0,0,0,4,0,0,14,0,0,0,3,0,0,0,3,0,2,4,0,0,0
"InChI=1S/C10H7N3S/c11-7-4-6-2-1-3-12-8(6)10-9(7)13-5-14-10/h1-5H,11H2",1,2,0,0,0,0,0,1,2,0,0,0,0,0,1,0,0,0,1,0,1,0,1,0,0,0,0,0,0,0,0,0,0,0,0,0,0,1,0,0,0,0,0,0,0,0,0,0,0,0,0,0,1,0,0,0,0,0,0,0,0,0,0,0,3,3,5,0,2,2,1,0,0,0,0,0,0,0,0,1,1,0,0,0,0,0,0,0,1,2,0,0,0,0,0,0,0,0,0,0,0,0,0,0,0,0,0,0,0,0,0,13,3,0,0,0,0,3,0,0,0,0,0,0,0,0,0,0,0,0,0,0,0,0,0,0,0,0,0,4,1,0,13,0,0,1,2,0,0,0,1,0,3,4,0,0,0
"InChI=1S/C10H7N3S/c1-2-8(11-5-1)7-3-4-10-9(6-7)12-13-14-10/h1-6,11H",1,1,0,0,0,0,0,1,1,0,0,0,0,0,1,0,0,0,1,0,1,0,2,1,0,2,0,0,1,0,2,1,0,0,0,0,0,1,0,0,0,0,0,0,0,0,0,0,0,0,0,0,0,0,0,0,0,0,0,0,0,0,0,0,4,3,3,0,0,0,1,2,1,0,0,0,0,1,0,0,1,0,0,0,0,0,0,0,1,3,0,0,0,0,0,0,0,0,0,0,0,0,0,0,0,0,0,0,0,0,0,14,4,0,0,0,0,4,0,0,0,0,0,0,0,0,0,0,0,0,0,0,0,0,0,0,0,0,0,3,0,0,14,0,0,2,1,0,0,0,0,1,8,2,0,0,0
"InChI=1S/C10H7N3S/c1-7-9(6-11)14-10(13-7)8-2-4-12-5-3-8/h2-5H,1H3",1,1,1,0,0,0,0,1,2,0,0,0,0,0,1,0,0,0,1,0,0,0,1,0,0,0,0,0,0,0,0,0,0,0,0,0,0,0,0,0,0,0,0,0,0,0,0,0,0,0,0,0,0,1,0,0,0,0,0,0,0,0,0,0,3,3,4,0,0,0,0,0,0,0,0,0,0,0,0,0,1,0,0,0,0,0,0,0,0,2,0,0,0,0,0,0,0,0,0,0,0,0,0,0,0,0,0,0,0,0,0,11,3,0,0,0,0,3,0,0,0,0,1,0,0,0,0,1,0,0,0,0,0,0,0,0,0,0,0,4,0,0,11,0,0,1,1,0,0,0,1,1,5,0,0,0,0
"InChI=1S/C10H7N3S/c11-4-3-9-7-14-10(13-9)8-2-1-5-12-6-8/h1-2,5-7H,3H2",1,1,1,0,0,0,0,1,2,0,0,0,0,0,1,0,0,0,1,0,0,0,1,0,0,0,0,0,0,0,0,0,0,0,0,0,0,0,0,0,0,0,0,0,0,0,0,0,0,0,0,0,0,1,0,0,0,0,0,0,0,0,0,0,3,3,4,0,0,0,0,0,0,0,0,0,0,0,0,0,2,0,0,0,0,0,0,6,0,2,0,0,0,0,0,0,0,0,0,0,0,0,0,0,0,0,0,0,0,0,0,11,3,0,0,0,0,3,0,6,0,0,0,0,0,0,0,0,0,0,0,0,0,0,0,0,0,0,0,4,0,0,11,0,0,1,1,0,0,0,1,1,5,0,0,0,0
"InChI=1S/C10H7N3S/c1-2-8(11-5-1)7-3-4-9-10(6-7)14-13-12-9/h1-6,11H",1,1,0,0,0,0,0,1,1,0,0,0,0,0,1,0,0,0,1,0,1,0,2,1,0,2,0,0,1,0,2,1,0,0,0,0,0,1,0,0,0,0,0,0,0,0,0,0,0,0,0,0,0,0,0,0,0,0,0,0,0,0,0,0,4,3,3,0,0,0,1,2,1,0,0,0,0,1,0,0,1,0,0,0,0,0,0,0,1,3,0,0,0,0,0,0,0,0,0,0,0,0,0,0,0,0,0,0,0,0,0,14,4,0,0,0,0,4,0,0,0,0,0,0,0,0,0,0,0,0,0,0,0,0,0,0,0,0,0,3,0,0,14,0,0,2,1,0,0,0,0,1,8,2,0,0,0
"InChI=1S/C10H7N3S/c11-6-3-4-12-7-1-2-8-10(9(6)7)14-5-13-8/h1-5H,(H2,11,12)",1,2,0,0,0,0,0,1,2,0,0,0,0,0,1,0,0,0,1,0,1,0,1,0,0,0,0,0,0,0,0,0,0,0,0,0,0,1,0,0,0,0,0,0,0,0,0,0,0,0,0,0,1,0,0,0,0,0,0,0,0,0,0,0,3,3,5,0,2,2,1,0,0,0,0,0,0,0,0,0,2,0,0,0,0,0,0,0,1,2,0,0,0,0,0,0,0,0,0,0,0,0,0,0,0,0,0,0,0,0,0,13,3,0,0,0,0,3,0,0,0,0,0,0,0,0,0,0,0,0,0,0,0,0,0,0,0,0,0,4,1,0,13,0,0,1,2,0,0,0,1,0,3,4,0,0,0
"InChI=1S/C10H7N3S/c1-7-9(5-11)14-10(13-7)8-3-2-4-12-6-8/h2-4,6H,1H3",1,1,1,0,0,0,0,1,2,0,0,0,0,0,1,0,0,0,1,0,0,0,1,0,0,0,0,0,0,0,0,0,0,0,0,0,0,0,0,0,0,0,0,0,0,0,0,0,0,0,0,0,0,1,0,0,0,0,0,0,0,0,0,0,3,3,4,0,0,0,0,0,0,0,0,0,0,0,0,0,2,0,0,0,0,0,0,0,0,2,0,0,0,0,0,0,0,0,0,0,0,0,0,0,0,0,0,0,0,0,0,11,3,0,0,0,0,3,0,0,0,0,1,0,0,0,0,1,0,0,0,0,0,0,0,0,0,0,0,4,0,0,11,0,0,1,1,0,0,0,1,1,5,0,0,0,0
"InChI=1S/C10H7N3S/c1-2-10-9(12-13-14-10)5-7(1)8-3-4-11-6-8/h1-6,11H",1,1,0,0,0,0,0,1,1,0,0,0,0,0,1,0,0,0,1,0,1,0,2,1,0,2,0,0,1,0,2,1,0,0,0,0,0,1,0,0,0,0,0,0,0,0,0,0,0,0,0,0,0,0,0,0,0,0,0,0,0,0,0,0,4,3,3,0,0,0,1,2,1,0,0,0,0,1,0,0,1,0,0,0,0,0,0,0,1,3,0,0,0,0,0,0,0,0,0,0,0,0,0,0,0,0,0,0,0,0,0,14,4,0,0,0,0,4,0,0,0,0,0,0,0,0,0,0,0,0,0,0,0,0,0,0,0,0,0,3,0,0,14,0,0,2,1,0,0,0,0,1,8,2,0,0,0
"InChI=1S/C10H7N3S/c1-2-4-8(5-3-1)9-10-13(12-11-9)6-7-14-10/h1-7H",1,1,0,0,0,0,0,1,2,0,0,0,0,0,1,0,0,0,1,0,1,0,2,0,0,2,0,0,0,0,2,1,0,0,0,0,0,0,0,0,0,0,0,0,0,0,0,0,0,0,0,0,0,0,0,0,0,0,0,0,0,0,0,0,4,3,4,0,0,0,1,0,0,0,0,0,0,2,1,1,1,0,0,0,0,0,0,0,0,3,0,0,0,0,0,0,0,0,0,0,0,0,0,0,0,0,0,0,0,0,0,14,5,0,0,0,0,4,0,0,0,0,0,0,0,0,0,0,0,0,0,0,0,0,0,0,0,0,0,3,0,0,14,0,0,2,1,0,1,0,0,1,7,2,0,0,0
"InChI=1S/C10H7N3S/c1-2-9-10(14-13-12-9)5-7(1)8-3-4-11-6-8/h1-6,11H",1,1,0,0,0,0,0,1,1,0,0,0,0,0,1,0,0,0,1,0,1,0,2,1,0,2,0,0,1,0,2,1,0,0,0,0,0,1,0,0,0,0,0,0,0,0,0,0,0,0,0,0,0,0,0,0,0,0,0,0,0,0,0,0,4,3,3,0,0,0,1,2,1,0,0,0,0,1,0,0,1,0,0,0,0,0,0,0,1,3,0,0,0,0,0,0,0,0,0,0,0,0,0,0,0,0,0,0,0,0,0,14,4,0,0,0,0,4,0,0,0,0,0,0,0,0,0,0,0,0,0,0,0,0,0,0,0,0,0,3,0,0,14,0,0,2,1,0,0,0,0,1,8,2,0,0,0
"InChI=1S/C10H7N3S/c11-7-8-1-3-9(4-2-8)13-10-12-5-6-14-10/h1-6H,(H,12,13)",1,1,0,0,0,0,0,1,2,0,0,0,0,0,2,0,0,0,1,0,1,0,1,0,0,0,1,0,0,0,0,0,0,0,0,0,0,1,0,0,0,0,0,0,0,0,0,0,0,0,0,0,2,1,0,0,0,0,0,0,0,0,0,0,2,3,3,0,4,4,1,0,0,0,0,0,0,0,1,0,0,0,0,0,0,0,0,0,1,1,0,0,0,0,0,0,0,0,0,0,0,0,0,0,0,0,0,0,0,0,0,11,7,0,0,0,0,2,0,0,0,0,0,0,0,0,0,0,0,0,0,0,0,0,0,0,0,0,0,2,0,0,11,0,0,1,1,0,0,0,0,0,7,0,0,0,0
"InChI=1S/C10H7N3S/c1-2-9-8(11-4-1)6-10(14-9)7-3-5-12-13-7/h1-6H,(H,12,13)",1,1,0,0,0,0,0,1,2,0,0,0,0,0,0,0,0,0,1,0,1,0,2,0,0,1,0,1,0,0,1,0,0,0,0,0,0,1,0,0,0,0,0,0,0,0,0,0,0,0,0,0,0,0,0,0,0,0,0,0,0,0,0,0,4,3,5,0,0,0,1,2,0,0,0,0,0,1,0,0,1,0,0,0,0,0,0,0,1,3,0,0,0,0,0,0,0,0,0,0,0,0,0,0,0,0,0,0,0,0,0,14,4,0,0,0,0,4,0,0,0,0,0,0,0,0,0,0,0,0,0,0,0,0,0,0,0,0,0,4,0,0,14,0,0,2,1,0,0,0,1,1,6,2,0,0,0
"InChI=1S/C10H7N3S/c11-7-8-3-1-2-4-9(8)13-10-12-5-6-14-10/h1-6H,(H,12,13)",1,1,0,0,0,0,0,1,2,0,0,0,0,0,2,0,0,0,1,0,1,0,1,0,0,0,1,0,0,0,0,0,0,0,0,0,0,1,0,0,0,0,0,0,0,0,0,0,0,0,0,0,2,1,0,0,0,0,0,0,0,0,0,0,2,3,3,0,4,4,1,0,0,0,0,0,0,0,1,0,1,0,0,0,0,0,0,0,1,1,0,0,0,0,0,0,0,0,0,0,0,0,0,0,0,0,0,0,0,0,0,11,7,0,0,0,0,2,0,0,0,0,0,0,0,0,0,0,0,0,0,0,0,0,0,0,0,0,0,2,0,0,11,0,0,1,1,0,0,0,0,0,7,0,0,0,0
"InChI=1S/C10H7N3S/c1-2-4-8-7(3-1)12-10-9(14-8)5-6-11-13-10/h1-6H,(H,12,13)",1,2,0,0,0,0,0,1,2,0,4,0,0,0,0,0,0,0,1,0,1,0,0,0,0,1,0,0,0,0,1,0,0,0,0,0,0,1,0,0,0,0,0,0,0,0,0,0,0,0,0,0,2,0,0,0,0,0,0,0,0,0,0,0,4,3,3,0,4,0,1,2,0,1,0,0,0,1,1,1,0,0,0,0,0,0,0,0,1,3,0,0,0,0,0,0,0,0,0,0,0,0,0,0,0,0,0,0,0,0,0,12,9,0,0,0,0,4,0,0,0,0,0,0,0,0,0,0,0,0,0,0,0,0,0,0,0,0,0,2,0,0,14,0,0,0,3,0,0,0,2,0,4,4,0,0,0
"InChI=1S/C10H7N3S/c1-12-8-5-9(14-10(8)11)7-3-2-4-13-6-7/h2-6H,11H2",1,1,0,2,0,0,0,1,2,0,0,0,0,0,1,0,0,0,1,0,1,0,1,0,0,0,0,0,0,0,0,0,0,0,0,0,0,1,0,0,0,0,0,0,0,0,0,0,0,0,0,0,2,1,0,0,0,0,0,0,0,0,0,0,2,3,4,0,4,4,1,0,0,0,0,0,0,0,0,1,0,0,0,0,0,0,0,0,1,1,0,0,0,0,0,0,0,0,0,0,0,0,0,0,0,0,0,0,0,0,0,11,4,0,0,0,0,2,0,0,0,0,0,0,0,0,0,0,0,0,0,0,0,0,0,0,0,0,0,2,1,0,11,0,0,1,1,0,0,0,1,1,7,0,0,0,0
"InChI=1S/C10H7N3S/c1-2-8-4-5-12-13(8)9(3-1)10-11-6-7-14-10/h1-7H",1,1,0,0,0,0,0,1,2,0,0,0,0,0,1,0,0,0,1,0,1,0,2,0,0,1,0,0,0,0,1,0,0,0,0,0,0,0,0,0,0,0,0,0,0,0,0,0,0,0,0,0,0,0,0,0,0,0,0,0,0,0,0,0,4,3,6,0,0,0,1,0,0,0,0,0,0,1,0,1,2,0,0,0,0,0,0,0,0,3,0,0,0,0,0,0,0,0,0,0,0,0,0,0,0,0,0,0,0,0,0,14,4,0,0,0,0,4,0,0,0,0,0,0,0,0,0,0,0,0,0,0,0,0,0,0,0,0,0,5,0,0,14,0,0,2,1,0,0,0,1,1,5,2,0,0,0
"InChI=1S/C10H7N3S/c1-2-5-13-8(3-1)7-9(12-13)10-11-4-6-14-10/h1-7H",1,1,0,0,0,0,0,1,2,0,0,0,0,0,1,0,0,0,1,0,1,0,2,0,0,1,0,0,0,0,1,0,0,0,0,0,0,0,0,0,0,0,0,0,0,0,0,0,0,0,0,0,0,0,0,0,0,0,0,0,0,0,0,0,4,3,6,0,0,0,1,0,0,0,0,0,0,1,0,1,2,0,0,0,0,0,0,0,0,3,0,0,0,0,0,0,0,0,0,0,0,0,0,0,0,0,0,0,0,0,0,14,4,0,0,0,0,4,0,0,0,0,0,0,0,0,0,0,0,0,0,0,0,0,0,0,0,0,0,5,0,0,14,0,0,2,1,0,0,0,1,1,5,2,0,0,0
"InChI=1S/C10H7N3S/c1-2-4-8-7(3-1)9(13-12-8)10-11-5-6-14-10/h1-6H,(H,12,13)",1,1,0,0,0,0,0,1,2,0,0,0,0,0,1,0,0,0,1,0,1,0,2,0,0,1,0,1,0,0,1,0,0,0,0,0,0,1,0,0,0,0,0,0,0,0,0,0,0,0,0,0,0,0,0,0,0,0,0,0,0,0,0,0,4,3,5,0,0,0,1,2,0,0,0,0,0,1,0,1,2,0,0,0,0,0,0,0,1,3,0,0,0,0,0,0,0,0,0,0,0,0,0,0,0,0,0,0,0,0,0,14,4,0,0,0,0,4,0,0,0,0,0,0,0,0,0,0,0,0,0,0,0,0,0,0,0,0,0,4,0,0,14,0,0,2,1,0,0,0,0,1,4,2,0,0,0
"InChI=1S/C10H7N3S/c1-2-4-8(5-3-1)9-12-13-7-6-11-10(13)14-9/h1-7H",1,1,0,0,0,0,0,1,2,0,0,0,0,0,3,0,0,0,1,0,1,0,2,0,0,1,1,0,0,0,1,0,0,0,0,0,0,0,0,0,0,0,0,0,0,0,0,0,0,0,0,0,0,0,0,0,0,0,0,0,0,0,0,0,4,3,5,0,0,0,1,0,0,0,0,0,0,1,1,2,3,0,0,0,0,0,0,0,0,3,0,0,0,0,0,0,0,0,0,0,0,0,0,0,0,0,0,0,0,0,0,14,5,0,0,0,0,4,0,0,0,0,0,0,0,0,0,0,0,0,0,0,0,0,0,0,0,0,0,5,0,0,14,0,0,2,1,0,1,0,0,1,7,2,0,0,0
"InChI=1S/C10H7N3S/c11-6-9-10(13-7-12-9)14-8-4-2-1-3-5-8/h1-5,7H,(H,12,13)",1,1,0,0,0,0,0,1,2,0,4,4,0,0,1,0,0,0,0,0,1,0,1,0,0,0,0,0,0,0,0,0,0,0,0,0,0,1,0,0,0,0,0,0,0,0,0,0,0,0,0,0,0,1,0,0,0,0,0,0,0,0,0,0,2,3,3,0,0,0,1,2,0,0,0,0,0,0,1,2,1,0,0,0,0,0,0,0,1,2,0,0,0,0,0,0,0,0,0,0,0,0,0,0,0,0,0,0,0,0,0,11,9,0,0,0,0,2,0,0,0,0,0,0,0,0,0,0,0,0,0,0,0,0,0,0,0,0,0,4,0,0,11,0,0,1,1,0,0,0,0,0,9,0,0,0,0
"InChI=1S/C10H7N3S/c1-2-4-8(5-3-1)9-11-10-13(12-9)6-7-14-10/h1-7H",1,1,0,0,0,0,0,1,2,0,0,0,0,0,2,0,0,0,1,0,1,0,2,0,0,1,1,0,0,0,1,0,0,0,0,0,0,0,0,0,0,0,0,0,0,0,0,0,0,0,0,0,0,0,0,0,0,0,0,0,0,0,0,0,4,3,4,0,0,0,1,0,0,1,0,0,0,1,2,2,1,0,0,0,0,0,0,0,0,3,0,0,0,0,0,0,0,0,0,0,0,0,0,0,0,0,0,0,0,0,0,14,5,0,0,0,0,4,0,0,0,0,0,0,0,0,0,0,0,0,0,0,0,0,0,0,0,0,0,5,0,0,14,0,0,2,1,0,1,0,0,1,7,2,0,0,0
"InChI=1S/C10H7N3S/c1-2-9-7(3-4-11-9)5-8(1)10-6-12-13-14-10/h1-6,11H",1,1,0,0,0,0,0,1,1,0,0,0,0,0,1,0,0,0,1,0,1,0,2,1,0,2,0,0,1,0,2,1,0,0,0,0,0,1,0,0,0,0,0,0,0,0,0,0,0,0,0,0,0,0,0,0,0,0,0,0,0,0,0,0,4,3,3,0,0,0,1,2,1,0,0,0,0,1,0,0,1,0,0,0,0,0,0,0,1,3,0,0,0,0,0,0,0,0,0,0,0,0,0,0,0,0,0,0,0,0,0,14,3,0,0,0,0,4,0,0,0,0,0,0,0,0,0,0,0,0,0,0,0,0,0,0,0,0,0,3,0,0,14,0,0,2,1,0,0,0,0,1,6,2,0,0,0
"InChI=1S/C10H7N3S/c1-2-5-13-9(3-1)8(7-12-13)10-11-4-6-14-10/h1-7H",1,1,0,0,0,0,0,1,2,0,0,0,0,0,1,0,0,0,1,0,1,0,2,0,0,1,0,0,0,0,1,0,0,0,0,0,0,0,0,0,0,0,0,0,0,0,0,0,0,0,0,0,0,0,0,0,0,0,0,0,0,0,0,0,4,3,6,0,0,0,1,0,0,0,0,0,0,1,0,0,3,0,0,0,0,0,0,0,0,3,0,0,0,0,0,0,0,0,0,0,0,0,0,0,0,0,0,0,0,0,0,14,4,0,0,0,0,4,0,0,0,0,0,0,0,0,0,0,0,0,0,0,0,0,0,0,0,0,0,5,0,0,14,0,0,2,1,0,0,0,1,1,5,2,0,0,0
"InChI=1S/C10H7N3S/c1-2-4-8-7(3-1)10(13-12-8)9-5-11-6-14-9/h1-6H,(H,12,13)",1,1,0,0,0,0,0,1,2,0,0,0,0,0,1,0,0,0,1,0,1,0,2,0,0,1,0,1,0,0,1,0,0,0,0,0,0,1,0,0,0,0,0,0,0,0,0,0,0,0,0,0,0,0,0,0,0,0,0,0,0,0,0,0,4,3,5,0,0,0,1,2,0,0,0,0,0,1,0,0,2,0,0,0,0,0,0,0,1,3,0,0,0,0,0,0,0,0,0,0,0,0,0,0,0,0,0,0,0,0,0,14,3,0,0,0,0,4,0,0,0,0,0,0,0,0,0,0,0,0,0,0,0,0,0,0,0,0,0,4,0,0,14,0,0,2,1,0,0,0,0,1,4,2,0,0,0
"InChI=1S/C10H7N3S/c1-2-4-8-7(3-1)10(13-12-8)9-5-14-6-11-9/h1-6H,(H,12,13)",1,1,0,0,0,0,0,1,2,0,0,0,0,0,1,0,0,0,1,0,1,0,2,0,0,1,0,1,0,0,1,0,0,0,0,0,0,1,0,0,0,0,0,0,0,0,0,0,0,0,0,0,0,0,0,0,0,0,0,0,0,0,0,0,4,3,5,0,0,0,1,2,0,0,0,0,0,1,0,1,2,0,0,0,0,0,0,0,1,3,0,0,0,0,0,0,0,0,0,0,0,0,0,0,0,0,0,0,0,0,0,14,3,0,0,0,0,4,0,0,0,0,0,0,0,0,0,0,0,0,0,0,0,0,0,0,0,0,0,4,0,0,14,0,0,2,1,0,0,0,0,1,4,2,0,0,0
"InChI=1S/C10H7N3S/c1-2-4-9-7(3-1)12-10(14-9)8-5-6-11-13-8/h1-6H,(H,11,13)",1,1,0,0,0,0,0,1,2,0,0,0,0,0,1,0,0,0,1,0,1,0,2,0,0,1,0,1,0,0,1,0,0,0,0,0,0,1,0,0,0,0,0,0,0,0,0,0,0,0,0,0,0,0,0,0,0,0,0,0,0,0,0,0,4,3,5,0,0,0,1,2,0,0,0,0,0,1,0,1,2,0,0,0,0,0,0,0,1,3,0,0,0,0,0,0,0,0,0,0,0,0,0,0,0,0,0,0,0,0,0,14,5,0,0,0,0,4,0,0,0,0,0,0,0,0,0,0,0,0,0,0,0,0,0,0,0,0,0,4,0,0,14,0,0,2,1,0,0,0,0,1,6,2,0,0,0
"InChI=1S/C10H7N3S/c1-2-10-9(11-6-14-10)5-7(1)8-3-4-12-13-8/h1-6H,(H,12,13)",1,1,0,0,0,0,0,1,2,0,0,0,0,0,1,0,0,0,1,0,1,0,2,0,0,1,0,1,0,0,1,0,0,0,0,0,0,1,0,0,0,0,0,0,0,0,0,0,0,0,0,0,0,0,0,0,0,0,0,0,0,0,0,0,4,3,5,0,0,0,1,2,0,0,0,0,0,1,0,0,1,0,0,0,0,0,0,0,1,3,0,0,0,0,0,0,0,0,0,0,0,0,0,0,0,0,0,0,0,0,0,14,3,0,0,0,0,4,0,0,0,0,0,0,0,0,0,0,0,0,0,0,0,0,0,0,0,0,0,4,0,0,14,0,0,2,1,0,0,0,0,1,6,2,0,0,0
"InChI=1S/C10H7N3S/c11-5-10-8(12)4-9(14-10)7-2-1-3-13-6-7/h1-4,6H,12H2",1,1,0,0,0,0,0,1,2,0,0,0,0,0,0,0,0,0,1,0,1,0,1,0,0,0,0,0,0,0,0,0,0,0,0,0,0,1,0,0,0,0,0,0,0,0,0,0,0,0,0,0,1,1,0,0,0,0,0,0,0,0,0,0,2,3,3,0,2,2,1,0,0,0,0,0,0,0,0,0,1,0,0,0,0,0,0,0,1,1,0,0,0,0,0,0,0,0,0,0,0,0,0,0,0,0,0,0,0,0,0,11,4,0,0,0,0,2,0,0,0,0,0,0,0,0,0,0,0,0,0,0,0,0,0,0,0,0,0,2,1,0,11,0,0,1,1,0,0,0,1,1,7,0,0,0,0
"InChI=1S/C10H7N3S/c1-2-4-9-8(3-1)13-10(14-9)7-5-11-12-6-7/h1-6H,(H,11,12)",1,1,0,0,0,0,0,1,2,0,0,0,0,0,1,0,0,0,1,0,1,0,2,0,0,1,0,1,0,0,1,0,0,0,0,0,0,1,0,0,0,0,0,0,0,0,0,0,0,0,0,0,0,0,0,0,0,0,0,0,0,0,0,0,4,3,5,0,0,0,1,2,0,0,0,0,0,1,0,0,3,0,0,0,0,0,0,0,1,3,0,0,0,0,0,0,0,0,0,0,0,0,0,0,0,0,0,0,0,0,0,14,4,0,0,0,0,4,0,0,0,0,0,0,0,0,0,0,0,0,0,0,0,0,0,0,0,0,0,4,0,0,14,0,0,2,1,0,0,0,0,1,6,2,0,0,0
"InChI=1S/C10H7N3S/c1-2-9-10(14-6-11-9)5-7(1)8-3-4-12-13-8/h1-6H,(H,12,13)",1,1,0,0,0,0,0,1,2,0,0,0,0,0,1,0,0,0,1,0,1,0,2,0,0,1,0,1,0,0,1,0,0,0,0,0,0,1,0,0,0,0,0,0,0,0,0,0,0,0,0,0,0,0,0,0,0,0,0,0,0,0,0,0,4,3,5,0,0,0,1,2,0,0,0,0,0,1,0,0,1,0,0,0,0,0,0,0,1,3,0,0,0,0,0,0,0,0,0,0,0,0,0,0,0,0,0,0,0,0,0,14,3,0,0,0,0,4,0,0,0,0,0,0,0,0,0,0,0,0,0,0,0,0,0,0,0,0,0,4,0,0,14,0,0,2,1,0,0,0,0,1,6,2,0,0,0
"InChI=1S/C10H7N3S/c14-10-9-7(5-11-13-10)6-3-1-2-4-8(6)12-9/h1-5,11H,(H,13,14)",1,2,0,0,0,0,0,1,1,1,2,2,0,0,1,0,0,0,0,0,2,0,1,0,0,1,0,1,0,0,1,0,0,0,0,0,0,2,1,0,0,0,0,0,0,0,0,0,0,0,0,0,0,0,0,0,0,0,0,0,0,0,0,0,3,3,6,0,0,0,2,4,0,0,0,0,0,1,0,1,2,0,0,0,0,0,0,0,2,3,0,0,0,0,0,0,0,0,0,0,0,0,0,0,0,0,0,0,0,0,0,13,6,0,0,0,0,3,0,0,0,0,0,0,0,0,0,0,0,0,0,0,0,0,0,0,0,0,0,4,0,0,13,0,0,1,2,0,0,0,1,0,6,4,0,0,0
"InChI=1S/C10H7N3S/c11-6-10-8(12)5-9(14-10)7-1-3-13-4-2-7/h1-5H,12H2",1,1,0,0,0,0,0,1,2,0,0,0,0,0,0,0,0,0,1,0,1,0,1,0,0,0,0,0,0,0,0,0,0,0,0,0,0,1,0,0,0,0,0,0,0,0,0,0,0,0,0,0,1,1,0,0,0,0,0,0,0,0,0,0,2,3,3,0,2,2,1,0,0,0,0,0,0,0,0,0,1,0,0,0,0,0,0,0,1,1,0,0,0,0,0,0,0,0,0,0,0,0,0,0,0,0,0,0,0,0,0,11,4,0,0,0,0,2,0,0,0,0,0,0,0,0,0,0,0,0,0,0,0,0,0,0,0,0,0,2,1,0,11,0,0,1,1,0,0,0,1,1,7,0,0,0,0
"InChI=1S/C10H7N3S/c1-2-10-9(11-6-14-10)3-7(1)8-4-12-13-5-8/h1-6H,(H,12,13)",1,1,0,0,0,0,0,1,2,0,0,0,0,0,1,0,0,0,1,0,1,0,2,0,0,1,0,1,0,0,1,0,0,0,0,0,0,1,0,0,0,0,0,0,0,0,0,0,0,0,0,0,0,0,0,0,0,0,0,0,0,0,0,0,4,3,5,0,0,0,1,2,0,0,0,0,0,1,0,0,1,0,0,0,0,0,0,0,1,3,0,0,0,0,0,0,0,0,0,0,0,0,0,0,0,0,0,0,0,0,0,14,2,0,0,0,0,4,0,0,0,0,0,0,0,0,0,0,0,0,0,0,0,0,0,0,0,0,0,4,0,0,14,0,0,2,1,0,0,0,0,1,6,2,0,0,0
"InChI=1S/C10H7N3S/c11-5-8-4-9(14-10(8)12)7-2-1-3-13-6-7/h1-4,6H,12H2",1,1,0,0,0,0,0,1,2,0,0,0,0,0,1,0,0,0,1,0,1,0,1,0,0,0,0,0,0,0,0,0,0,0,0,0,0,1,0,0,0,0,0,0,0,0,0,0,0,0,0,0,1,1,0,0,0,0,0,0,0,0,0,0,2,3,3,0,2,2,1,0,0,0,0,0,0,0,0,0,1,0,0,0,0,0,0,0,1,1,0,0,0,0,0,0,0,0,0,0,0,0,0,0,0,0,0,0,0,0,0,11,4,0,0,0,0,2,0,0,0,0,0,0,0,0,0,0,0,0,0,0,0,0,0,0,0,0,0,2,1,0,11,0,0,1,1,0,0,0,1,1,7,0,0,0,0
"InChI=1S/C10H7N3S/c11-4-8-9(6-14-10(8)12)7-2-1-3-13-5-7/h1-3,5-6H,12H2",1,1,0,0,0,0,0,1,2,0,0,0,0,0,1,0,0,0,1,0,1,0,1,0,0,0,0,0,0,0,0,0,0,0,0,0,0,1,0,0,0,0,0,0,0,0,0,0,0,0,0,0,1,1,0,0,0,0,0,0,0,0,0,0,2,3,3,0,2,2,1,0,0,0,0,0,0,0,0,0,1,0,0,0,0,0,0,0,1,1,0,0,0,0,0,0,0,0,0,0,0,0,0,0,0,0,0,0,0,0,0,11,3,0,0,0,0,2,0,0,0,0,0,0,0,0,0,0,0,0,0,0,0,0,0,0,0,0,0,2,1,0,11,0,0,1,1,0,0,0,1,1,7,0,0,0,0
"InChI=1S/C10H7N3S/c1-2-9-10(14-6-11-9)3-7(1)8-4-12-13-5-8/h1-6H,(H,12,13)",1,1,0,0,0,0,0,1,2,0,0,0,0,0,1,0,0,0,1,0,1,0,2,0,0,1,0,1,0,0,1,0,0,0,0,0,0,1,0,0,0,0,0,0,0,0,0,0,0,0,0,0,0,0,0,0,0,0,0,0,0,0,0,0,4,3,5,0,0,0,1,2,0,0,0,0,0,1,0,0,1,0,0,0,0,0,0,0,1,3,0,0,0,0,0,0,0,0,0,0,0,0,0,0,0,0,0,0,0,0,0,14,2,0,0,0,0,4,0,0,0,0,0,0,0,0,0,0,0,0,0,0,0,0,0,0,0,0,0,4,0,0,14,0,0,2,1,0,0,0,0,1,6,2,0,0,0
"InChI=1S/C10H7N3S/c1-2-4-8-7(3-1)5-10-9(12-8)6-11-13-14-10/h1-6,13H",1,2,0,0,0,0,0,1,2,0,2,0,0,0,1,0,0,0,1,0,1,0,0,1,0,2,0,2,1,0,2,1,0,0,0,0,0,1,0,0,0,0,0,0,0,0,0,0,0,0,0,1,0,0,0,0,0,0,0,0,0,0,0,0,4,3,4,1,0,0,1,2,1,0,0,0,0,1,0,1,2,0,0,0,0,0,0,0,1,3,0,0,0,0,0,0,0,0,0,0,0,0,0,0,0,0,0,0,0,0,0,10,5,0,0,0,0,4,0,0,0,0,0,0,0,0,0,0,0,0,0,0,0,0,0,0,0,0,0,2,0,0,14,0,0,0,3,0,0,0,2,0,3,4,0,0,0
"InChI=1S/C10H7N3S/c1-2-5-9-8(4-1)11-12-13(9)10-6-3-7-14-10/h1-7H",1,1,0,0,0,0,0,1,2,0,0,0,0,0,1,0,0,0,1,0,1,0,2,0,0,2,0,0,0,0,2,1,0,0,0,0,0,0,0,0,0,0,0,0,0,0,0,0,0,0,0,0,0,0,0,0,0,0,0,0,0,0,0,0,4,3,4,0,0,2,1,2,0,0,0,0,0,2,1,1,1,0,0,0,0,0,0,0,0,3,0,0,0,0,0,0,0,0,0,0,0,0,0,0,0,0,0,0,0,0,0,14,5,0,0,0,0,4,0,0,0,0,0,0,0,0,0,0,0,0,0,0,0,0,0,0,0,0,0,3,0,0,14,0,0,2,1,0,0,0,0,1,6,2,0,0,0
"InChI=1S/C10H7N3S/c11-5-8-9(6-14-10(8)12)7-1-3-13-4-2-7/h1-4,6H,12H2",1,1,0,0,0,0,0,1,2,0,0,0,0,0,1,0,0,0,1,0,1,0,1,0,0,0,0,0,0,0,0,0,0,0,0,0,0,1,0,0,0,0,0,0,0,0,0,0,0,0,0,0,1,1,0,0,0,0,0,0,0,0,0,0,2,3,3,0,2,2,1,0,0,0,0,0,0,0,0,0,1,0,0,0,0,0,0,0,1,1,0,0,0,0,0,0,0,0,0,0,0,0,0,0,0,0,0,0,0,0,0,11,3,0,0,0,0,2,0,0,0,0,0,0,0,0,0,0,0,0,0,0,0,0,0,0,0,0,0,2,1,0,11,0,0,1,1,0,0,0,1,1,7,0,0,0,0
"InChI=1S/C10H7N3S/c11-5-7-2-1-3-8(4-7)9-6-13-10(12)14-9/h1-4,6H,(H2,12,13)",1,1,0,0,0,0,0,1,2,0,0,0,0,0,2,0,0,0,1,0,1,0,1,0,0,0,1,0,0,0,0,0,0,0,0,0,0,2,0,0,0,0,0,0,0,0,0,0,0,0,0,1,0,1,0,0,0,0,0,0,0,0,0,0,2,3,2,1,2,2,1,2,0,0,0,0,0,0,1,0,0,0,0,0,0,0,0,0,2,1,0,0,0,0,0,0,0,0,0,0,0,0,0,0,0,0,0,0,0,0,0,11,6,0,0,0,1,2,0,0,0,0,0,0,0,0,0,0,0,0,0,0,0,0,0,0,0,0,0,2,0,0,11,0,0,1,1,0,0,0,0,1,9,0,0,0,0
"InChI=1S/C10H7N3S/c1-4-11-5-2-8(1)9-7-13-10(14-9)3-6-12-13/h1-7H",1,1,0,0,0,0,0,1,2,0,0,0,0,0,1,0,0,0,1,0,1,0,2,0,0,1,0,0,0,0,1,0,0,0,0,0,0,0,0,0,0,0,0,0,0,0,0,0,0,0,0,0,0,0,0,0,0,0,0,0,0,0,0,0,4,3,6,0,0,0,1,0,0,0,0,0,0,1,0,0,1,0,0,0,0,0,0,0,0,3,0,0,0,0,0,0,0,0,0,0,0,0,0,0,0,0,0,0,0,0,0,14,3,0,0,0,0,4,0,0,0,0,0,0,0,0,0,0,0,0,0,0,0,0,0,0,0,0,0,5,0,0,14,0,0,2,1,0,1,0,1,1,6,2,0,0,0
"InChI=1S/C10H7N3S/c11-6-8(10-2-1-5-14-10)9-7-12-3-4-13-9/h1-5,7-8H",1,1,1,0,0,0,0,1,2,0,0,0,0,0,0,0,0,0,1,0,0,0,1,0,0,0,0,0,0,0,0,0,0,0,0,0,0,0,0,0,0,0,0,0,0,0,0,0,1,0,0,0,0,1,0,0,0,0,0,0,0,0,0,0,3,3,4,0,0,0,0,0,0,0,0,0,0,0,0,2,1,0,0,0,0,0,0,0,0,2,0,0,0,0,0,0,0,0,0,0,0,0,0,0,0,0,0,0,0,0,0,11,5,0,0,0,0,3,0,0,0,0,0,0,0,0,0,0,0,0,0,0,0,0,0,0,0,0,0,4,0,0,11,0,0,1,1,0,0,0,1,0,5,0,0,0,0
"InChI=1S/C10H7N3S/c1-2-7(10-11-4-5-14-10)8-6-12-13-9(8)3-1/h1-6H,(H,12,13)",1,1,0,0,0,0,0,1,2,0,0,0,0,0,1,0,0,0,1,0,1,0,2,0,0,1,0,1,0,0,1,0,0,0,0,0,0,1,0,0,0,0,0,0,0,0,0,0,0,0,0,0,0,0,0,0,0,0,0,0,0,0,0,0,4,3,5,0,0,0,1,2,0,0,0,0,0,1,0,0,1,0,0,0,0,0,0,0,1,3,0,0,0,0,0,0,0,0,0,0,0,0,0,0,0,0,0,0,0,0,0,14,3,0,0,0,0,4,0,0,0,0,0,0,0,0,0,0,0,0,0,0,0,0,0,0,0,0,0,4,0,0,14,0,0,2,1,0,0,0,0,1,4,2,0,0,0
"InChI=1S/C10H7N3S/c11-6-8-9(12)13-10(14-8)7-4-2-1-3-5-7/h1-5H,12H2",1,1,0,0,0,0,0,1,2,0,0,0,0,0,1,0,0,0,1,0,1,0,1,0,0,0,0,0,0,0,0,0,0,0,0,0,0,1,0,0,0,0,0,0,0,0,0,0,0,0,0,0,1,1,0,0,0,0,0,0,0,0,0,0,2,3,2,0,2,2,1,0,0,1,0,0,0,0,1,0,2,0,0,0,0,0,0,0,1,1,0,0,0,0,0,0,0,0,0,0,0,0,0,0,0,0,0,0,0,0,0,11,5,0,0,0,0,2,0,0,0,0,0,0,0,0,0,0,0,0,0,0,0,0,0,0,0,0,0,2,1,0,11,0,0,1,1,0,0,0,0,1,7,0,0,0,0
"InChI=1S/C10H7N3S/c11-6-8-5-7-3-1-2-4-9(7)13-10(8)14-12/h1-5H,12H2",1,2,0,0,0,0,0,1,2,0,2,2,0,0,1,0,0,0,0,0,1,0,0,1,0,1,0,1,1,0,1,0,0,0,0,0,0,1,0,0,0,0,0,0,0,0,0,0,0,0,0,0,0,1,0,0,0,0,0,0,0,0,0,0,1,3,2,0,0,0,1,0,1,0,0,0,0,0,0,1,1,0,0,0,0,0,0,0,1,1,0,0,0,0,0,0,0,0,0,0,0,0,0,0,0,0,0,0,0,0,0,10,5,0,0,0,0,1,0,0,0,0,0,0,0,0,0,0,0,0,0,0,0,0,0,0,0,0,0,2,1,0,10,0,0,0,2,0,0,0,1,0,5,2,0,0,0
"InChI=1S/C10H7N3S/c1-2-4-9-7(3-1)12-8-5-6-11-13-10(8)14-9/h1-6,12H",1,2,0,0,0,0,0,1,2,0,4,0,0,0,1,0,0,0,1,0,1,0,0,0,0,1,0,0,0,0,1,0,0,0,0,0,0,1,0,0,0,0,0,0,0,0,0,0,0,0,0,0,2,0,0,0,0,0,0,0,0,0,0,0,4,3,4,0,4,0,1,2,0,0,0,0,0,1,0,1,2,0,0,0,0,0,0,0,1,3,0,0,0,0,0,0,0,0,0,0,0,0,0,0,0,0,0,0,0,0,0,12,9,0,0,0,0,4,0,0,0,0,0,0,0,0,0,0,0,0,0,0,0,0,0,0,0,0,0,2,0,0,14,0,0,0,3,0,0,0,2,0,4,4,0,0,0
"InChI=1S/C10H7N3S/c11-6-8-7-13(14-10(8)12)9-4-2-1-3-5-9/h1-5,7,12H",1,1,0,0,0,0,0,1,2,0,0,0,0,0,1,0,0,0,1,0,1,0,1,1,0,1,0,0,1,0,1,0,0,0,0,0,0,1,0,0,0,0,0,0,0,0,0,0,0,0,0,1,0,1,0,0,0,0,0,0,0,0,0,0,2,3,3,1,2,4,1,2,1,0,0,0,0,0,0,1,3,0,0,0,0,0,0,0,1,1,0,0,0,0,0,0,0,0,0,0,0,0,0,0,0,0,0,0,0,0,0,11,6,0,0,0,0,2,0,0,0,0,0,0,0,0,0,0,0,0,0,0,0,0,0,0,0,0,0,2,0,0,11,0,0,1,1,0,0,0,0,1,9,0,0,0,0
"InChI=1S/C10H7N3S/c1-2-5-9-8(4-1)10(14-12-9)13-7-3-6-11-13/h1-7H",1,1,0,0,0,0,0,1,1,0,0,0,0,0,1,0,0,0,1,0,1,0,2,1,0,2,0,0,1,0,2,0,0,0,0,0,0,0,0,0,0,0,0,0,0,0,0,0,0,0,0,0,0,0,0,0,0,0,0,0,0,0,0,0,4,3,5,0,0,2,1,2,1,0,0,0,0,1,0,1,3,0,0,0,0,0,0,0,0,3,0,0,0,0,0,0,0,0,0,0,0,0,0,0,0,0,0,0,0,0,0,14,5,0,0,0,0,4,0,0,0,0,0,0,0,0,0,0,0,0,0,0,0,0,0,0,0,0,0,4,0,0,14,0,0,2,1,0,0,0,0,1,6,2,0,0,0
"InChI=1S/C10H7N3S/c1-2-11-6-9-7(1)8-5-12-3-4-13-10(8)14-9/h1-2,4-6H,3H2",1,1,1,0,0,0,0,1,2,0,0,0,0,0,1,0,0,0,1,0,0,0,1,0,0,0,0,0,0,0,0,0,0,3,0,0,0,0,0,0,0,0,0,0,0,0,0,0,0,0,0,2,2,0,0,0,0,0,0,0,0,0,0,0,4,3,8,2,2,0,0,0,0,0,0,0,0,0,0,1,1,0,0,0,0,0,3,3,0,3,0,0,0,0,0,0,0,0,0,0,0,0,0,0,0,0,0,0,0,0,0,9,2,0,0,0,0,4,0,1,0,0,0,0,0,0,0,0,0,0,0,0,0,0,0,0,0,0,0,2,0,0,14,0,0,1,1,1,0,0,1,0,3,4,0,0,0
"InChI=1S/C10H7N3S/c11-5-7-1-3-8(4-2-7)9-10(12)14-6-13-9/h1-4,6H,12H2",1,1,0,0,0,0,0,1,2,0,0,0,0,0,2,0,0,0,1,0,1,0,1,0,0,0,0,0,0,0,0,0,0,0,0,0,0,1,0,0,0,0,0,0,0,0,0,0,0,0,0,0,1,1,0,0,0,0,0,0,0,0,0,0,2,3,3,0,2,2,1,0,0,0,0,0,0,0,0,1,1,0,0,0,0,0,0,0,1,1,0,0,0,0,0,0,0,0,0,0,0,0,0,0,0,0,0,0,0,0,0,11,4,0,0,0,0,2,0,0,0,0,0,0,0,0,0,0,0,0,0,0,0,0,0,0,0,0,0,2,1,0,11,0,0,1,1,0,0,0,0,1,7,0,0,0,0
"InChI=1S/C10H7N3S/c11-5-7-2-1-3-8(4-7)9-10(12)14-6-13-9/h1-4,6H,12H2",1,1,0,0,0,0,0,1,2,0,0,0,0,0,2,0,0,0,1,0,1,0,1,0,0,0,0,0,0,0,0,0,0,0,0,0,0,1,0,0,0,0,0,0,0,0,0,0,0,0,0,0,1,1,0,0,0,0,0,0,0,0,0,0,2,3,3,0,2,2,1,0,0,0,0,0,0,0,0,1,1,0,0,0,0,0,0,0,1,1,0,0,0,0,0,0,0,0,0,0,0,0,0,0,0,0,0,0,0,0,0,11,4,0,0,0,0,2,0,0,0,0,0,0,0,0,0,0,0,0,0,0,0,0,0,0,0,0,0,2,1,0,11,0,0,1,1,0,0,0,0,1,7,0,0,0,0
"InChI=1S/C10H7N3S/c1-2-4-9-7(3-1)13-8-5-11-12-6-10(8)14-9/h1-6,13H",1,2,0,0,0,0,0,1,2,0,4,0,0,0,0,0,0,0,1,0,1,0,0,0,0,1,0,0,0,0,1,0,0,0,0,0,0,1,0,0,0,0,0,0,0,0,0,0,0,0,0,0,2,0,0,0,0,0,0,0,0,0,0,0,4,3,4,0,4,0,1,2,0,0,0,0,0,1,0,1,2,0,0,0,0,0,0,0,1,3,0,0,0,0,0,0,0,0,0,0,0,0,0,0,0,0,0,0,0,0,0,12,9,0,0,0,0,4,0,0,0,0,0,0,0,0,0,0,0,0,0,0,0,0,0,0,0,0,0,2,0,0,14,0,0,0,3,0,0,0,2,0,3,4,0,0,0
"InChI=1S/C10H7N3S/c1-2-8-5-3-4-6-9(8)13-7-11-12-10(13)14/h1,3-7H,(H,12,14)",1,1,0,0,0,0,0,1,1,0,2,2,0,0,2,0,0,0,0,0,1,0,1,0,0,1,1,0,0,0,1,0,0,0,0,0,0,1,0,0,0,0,0,0,0,1,0,0,0,0,0,0,0,0,1,0,0,0,0,0,0,0,0,0,3,3,3,0,0,2,1,2,0,0,0,0,0,1,2,2,1,0,0,0,0,0,0,0,0,3,0,0,0,0,0,0,0,0,0,0,0,0,0,0,0,0,0,0,0,0,0,11,4,0,0,0,0,3,0,0,0,0,0,0,0,0,0,0,0,0,0,0,0,0,0,0,0,0,0,5,0,0,11,0,0,1,1,0,0,0,0,1,8,0,0,0,0
"InChI=1S/C10H7N3S/c1-2-4-9-7(3-1)8(5-14-9)10-11-6-12-13-10/h1-6H,(H,11,12,13)",1,1,0,0,0,0,0,1,2,0,0,0,0,0,0,0,0,0,1,0,1,0,2,0,0,1,0,1,0,0,1,0,0,0,0,0,0,1,0,0,0,0,0,0,0,0,0,0,0,0,0,0,0,0,0,0,0,0,0,0,0,0,0,0,4,3,3,0,0,0,1,2,0,1,0,0,0,1,2,2,1,0,0,0,0,0,0,0,1,3,0,0,0,0,0,0,0,0,0,0,0,0,0,0,0,0,0,0,0,0,0,14,4,0,0,0,0,4,0,0,0,0,0,0,0,0,0,0,0,0,0,0,0,0,0,0,0,0,0,4,0,0,14,0,0,2,1,0,0,0,0,1,5,2,0,0,0
"InChI=1S/C10H7N3S/c11-6-8-9(12)14-10(13-8)7-4-2-1-3-5-7/h1-5H,12H2",1,1,0,0,0,0,0,1,2,0,0,0,0,0,2,0,0,0,1,0,1,0,1,0,0,0,0,0,0,0,0,0,0,0,0,0,0,1,0,0,0,0,0,0,0,0,0,0,0,0,0,0,1,1,0,0,0,0,0,0,0,0,0,0,2,3,3,0,2,2,1,0,0,0,0,0,0,0,0,2,2,0,0,0,0,0,0,0,1,1,0,0,0,0,0,0,0,0,0,0,0,0,0,0,0,0,0,0,0,0,0,11,5,0,0,0,0,2,0,0,0,0,0,0,0,0,0,0,0,0,0,0,0,0,0,0,0,0,0,2,1,0,11,0,0,1,1,0,0,0,0,1,7,0,0,0,0
"InChI=1S/C10H7N3S/c14-8-11-9-2-4-10(5-3-9)13-7-1-6-12-13/h1-7H",1,1,0,0,0,0,0,1,0,1,0,0,0,0,1,0,0,0,0,0,1,0,1,0,0,1,0,0,0,0,1,0,0,0,0,0,0,0,0,0,0,0,0,0,0,0,0,0,0,0,0,1,1,0,0,0,0,0,0,0,0,0,0,0,2,3,5,1,2,4,1,2,0,0,0,0,0,1,0,0,1,0,0,0,0,0,0,0,0,2,0,0,0,0,0,0,0,0,0,0,0,0,0,0,0,0,0,0,0,0,0,11,6,0,0,0,0,2,0,0,0,0,0,0,0,0,0,0,0,0,0,0,0,0,0,0,0,0,0,3,0,0,11,0,0,1,1,0,0,0,0,1,9,0,0,0,0
"InChI=1S/C10H7N3S/c11-6-7-1-2-9(12)8(5-7)10-13-3-4-14-10/h1-5H,12H2",1,1,0,0,0,0,0,1,2,0,0,0,0,0,1,0,0,0,1,0,1,0,1,0,0,0,0,0,0,0,0,0,0,0,0,0,0,1,0,0,0,0,0,0,0,0,0,0,0,0,0,0,1,1,0,0,0,0,0,0,0,0,0,0,2,3,3,0,2,2,1,0,0,0,0,0,0,0,0,0,1,0,0,0,0,0,0,0,1,1,0,0,0,0,0,0,0,0,0,0,0,0,0,0,0,0,0,0,0,0,0,11,5,0,0,0,0,2,0,0,0,0,0,0,0,0,0,0,0,0,0,0,0,0,0,0,0,0,0,2,1,0,11,0,0,1,1,0,0,0,0,1,7,0,0,0,0
"InChI=1S/C10H7N3S/c1-8-13-10(6-14-8)3-2-9-4-11-7-12-5-9/h4-7H,1H3",1,1,1,0,0,0,0,1,2,0,0,0,0,0,1,0,0,0,1,0,0,0,1,0,0,0,0,0,0,0,0,0,0,0,0,0,0,0,0,0,0,0,0,0,0,1,0,0,0,0,0,0,0,0,0,0,0,0,0,0,0,0,0,0,4,3,5,0,0,0,0,0,0,0,0,0,0,0,1,0,1,0,0,0,0,0,0,0,0,3,0,0,0,0,0,0,0,0,0,0,0,0,0,0,0,0,0,0,0,0,0,11,3,0,0,0,0,4,0,0,0,0,1,0,0,0,0,1,0,0,0,0,0,0,0,0,0,0,0,6,0,0,11,0,0,1,1,0,0,0,1,0,3,0,0,0,0
"InChI=1S/C10H7N3S/c1-2-8(10-11-6-12-13-10)5-9-7(1)3-4-14-9/h1-6H,(H,11,12,13)",1,1,0,0,0,0,0,1,2,0,0,0,0,0,0,0,0,0,1,0,1,0,2,0,0,1,0,1,0,0,1,0,0,0,0,0,0,1,0,0,0,0,0,0,0,0,0,0,0,0,0,0,0,0,0,0,0,0,0,0,0,0,0,0,4,3,3,0,0,0,1,2,0,1,0,0,0,1,2,2,1,0,0,0,0,0,0,0,1,3,0,0,0,0,0,0,0,0,0,0,0,0,0,0,0,0,0,0,0,0,0,14,3,0,0,0,0,4,0,0,0,0,0,0,0,0,0,0,0,0,0,0,0,0,0,0,0,0,0,4,0,0,14,0,0,2,1,0,0,0,0,1,5,2,0,0,0
"InChI=1S/C10H7N3S/c1-2-9-7(3-4-14-9)5-8(1)10-11-6-12-13-10/h1-6H,(H,11,12,13)",1,1,0,0,0,0,0,1,2,0,0,0,0,0,0,0,0,0,1,0,1,0,2,0,0,1,0,1,0,0,1,0,0,0,0,0,0,1,0,0,0,0,0,0,0,0,0,0,0,0,0,0,0,0,0,0,0,0,0,0,0,0,0,0,4,3,3,0,0,0,1,2,0,1,0,0,0,1,2,2,1,0,0,0,0,0,0,0,1,3,0,0,0,0,0,0,0,0,0,0,0,0,0,0,0,0,0,0,0,0,0,14,3,0,0,0,0,4,0,0,0,0,0,0,0,0,0,0,0,0,0,0,0,0,0,0,0,0,0,4,0,0,14,0,0,2,1,0,0,0,0,1,5,2,0,0,0
"InChI=1S/C10H7N3S/c11-6-7-2-1-3-8(12)9(7)10-13-4-5-14-10/h1-5H,12H2",1,1,0,0,0,0,0,1,2,0,0,0,0,0,1,0,0,0,1,0,1,0,1,0,0,0,0,0,0,0,0,0,0,0,0,0,0,1,0,0,0,0,0,0,0,0,0,0,0,0,0,0,1,1,0,0,0,0,0,0,0,0,0,0,2,3,3,0,2,2,1,0,0,0,0,0,0,0,0,0,1,0,0,0,0,0,0,0,1,1,0,0,0,0,0,0,0,0,0,0,0,0,0,0,0,0,0,0,0,0,0,11,5,0,0,0,0,2,0,0,0,0,0,0,0,0,0,0,0,0,0,0,0,0,0,0,0,0,0,2,1,0,11,0,0,1,1,0,0,0,0,1,7,0,0,0,0
"InChI=1S/C10H7N3S/c1-2-10(14-5-1)7-3-4-8-9(6-7)12-13-11-8/h1-6H,(H,11,12,13)",1,1,0,0,0,0,0,1,2,0,0,0,0,0,0,0,0,0,1,0,1,0,2,0,0,2,0,1,0,0,2,1,0,0,0,0,0,1,0,0,0,0,0,0,0,0,0,0,0,0,0,0,0,0,0,0,0,0,0,0,0,0,0,0,4,3,3,0,0,0,1,2,0,0,0,0,0,2,1,1,1,0,0,0,0,0,0,0,1,3,0,0,0,0,0,0,0,0,0,0,0,0,0,0,0,0,0,0,0,0,0,14,3,0,0,0,0,4,0,0,0,0,0,0,0,0,0,0,0,0,0,0,0,0,0,0,0,0,0,2,0,0,14,0,0,2,1,0,0,0,0,1,6,2,0,0,0
"InChI=1S/C10H7N3S/c14-10-9-5-11-6-13(9)8-4-2-1-3-7(8)12-10/h1-6,8H",1,0,1,0,0,0,0,1,1,1,0,2,0,0,1,0,0,0,0,0,1,0,1,0,0,0,0,0,0,0,0,0,0,0,0,0,0,0,0,0,0,0,0,2,4,0,0,0,0,0,0,1,2,0,1,0,0,0,0,0,0,0,0,0,3,3,8,1,0,0,1,0,0,0,0,0,0,0,1,3,1,0,0,0,0,0,0,0,0,3,0,0,0,0,0,0,0,0,0,0,0,0,0,0,0,0,0,0,0,0,0,5,3,0,0,0,0,3,0,0,0,0,0,0,0,0,0,0,0,0,0,0,0,0,0,0,0,0,0,4,0,0,13,0,0,1,2,0,0,0,1,0,4,4,0,0,0
"InChI=1S/C10H7N3S/c1-2-5-9-8(4-1)11-13(12-9)10-6-3-7-14-10/h1-7H",1,1,0,0,0,0,0,1,2,0,0,0,0,0,1,0,0,0,1,0,1,0,2,0,0,2,0,0,0,0,2,1,0,0,0,0,0,0,0,0,0,0,0,0,0,0,0,0,0,0,0,0,0,0,0,0,0,0,0,0,0,0,0,0,4,3,4,0,0,2,1,2,0,0,0,0,0,2,1,1,1,0,0,0,0,0,0,0,0,3,0,0,0,0,0,0,0,0,0,0,0,0,0,0,0,0,0,0,0,0,0,14,5,0,0,0,0,4,0,0,0,0,0,0,0,0,0,0,0,0,0,0,0,0,0,0,0,0,0,3,0,0,14,0,0,2,1,0,0,0,0,1,6,2,0,0,0
"InChI=1S/C10H7N3S/c1-7-5-8-9(11-6-14)3-2-4-10(8)13-12-7/h2-5H,1H3",1,2,1,0,0,0,0,1,0,1,0,0,0,0,1,0,0,0,0,0,0,0,0,0,0,1,0,0,0,0,1,0,0,0,0,0,0,0,0,0,0,0,0,0,0,0,0,0,0,0,0,1,1,0,0,0,0,0,0,0,0,0,0,0,2,3,3,1,2,2,0,0,0,0,0,0,0,1,0,0,1,0,0,0,0,0,0,0,0,2,0,0,0,0,0,0,0,0,0,0,0,0,0,0,0,0,0,0,0,0,0,10,4,0,0,0,0,2,0,0,0,0,1,0,0,0,0,1,0,0,0,0,0,0,0,0,0,0,0,2,0,0,10,0,0,0,2,0,0,0,1,0,4,2,0,0,0
"InChI=1S/C10H7N3S/c1-2-8-6-11-13-9(8)5-7(1)10-3-4-12-14-10/h1-6H,(H,11,13)",1,1,0,0,0,0,0,1,1,0,0,0,0,0,0,0,0,0,1,0,1,0,2,1,0,2,0,1,1,0,2,0,0,0,0,0,0,1,0,0,0,0,0,0,0,0,0,0,0,0,0,0,0,0,0,0,0,0,0,0,0,0,0,0,4,3,4,0,0,0,1,2,1,0,0,0,0,1,0,0,1,0,0,0,0,0,0,0,1,3,0,0,0,0,0,0,0,0,0,0,0,0,0,0,0,0,0,0,0,0,0,14,3,0,0,0,0,4,0,0,0,0,0,0,0,0,0,0,0,0,0,0,0,0,0,0,0,0,0,3,0,0,14,0,0,2,1,0,0,0,0,1,6,2,0,0,0
"InChI=1S/C10H7N3S/c1-2-8-6-12-14-10(8)5-7(1)9-3-4-11-13-9/h1-6H,(H,11,13)",1,1,0,0,0,0,0,1,1,0,0,0,0,0,0,0,0,0,1,0,1,0,2,1,0,2,0,1,1,0,2,0,0,0,0,0,0,1,0,0,0,0,0,0,0,0,0,0,0,0,0,0,0,0,0,0,0,0,0,0,0,0,0,0,4,3,4,0,0,0,1,2,1,0,0,0,0,1,0,0,1,0,0,0,0,0,0,0,1,3,0,0,0,0,0,0,0,0,0,0,0,0,0,0,0,0,0,0,0,0,0,14,3,0,0,0,0,4,0,0,0,0,0,0,0,0,0,0,0,0,0,0,0,0,0,0,0,0,0,3,0,0,14,0,0,2,1,0,0,0,0,1,6,2,0,0,0
"InChI=1S/C10H7N3S/c1-2-8-6-11-12-10(8)5-7(1)9-3-4-14-13-9/h1-6H,(H,11,12)",1,1,0,0,0,0,0,1,1,0,0,0,0,0,0,0,0,0,1,0,1,0,2,1,0,2,0,1,1,0,2,0,0,0,0,0,0,1,0,0,0,0,0,0,0,0,0,0,0,0,0,0,0,0,0,0,0,0,0,0,0,0,0,0,4,3,4,0,0,0,1,2,1,0,0,0,0,1,0,0,1,0,0,0,0,0,0,0,1,3,0,0,0,0,0,0,0,0,0,0,0,0,0,0,0,0,0,0,0,0,0,14,3,0,0,0,0,4,0,0,0,0,0,0,0,0,0,0,0,0,0,0,0,0,0,0,0,0,0,3,0,0,14,0,0,2,1,0,0,0,0,1,6,2,0,0,0
"InChI=1S/C10H7N3S/c1-2-9-8(6-11-13-9)5-7(1)10-3-4-12-14-10/h1-6H,(H,11,13)",1,1,0,0,0,0,0,1,1,0,0,0,0,0,0,0,0,0,1,0,1,0,2,1,0,2,0,1,1,0,2,0,0,0,0,0,0,1,0,0,0,0,0,0,0,0,0,0,0,0,0,0,0,0,0,0,0,0,0,0,0,0,0,0,4,3,4,0,0,0,1,2,1,0,0,0,0,1,0,0,1,0,0,0,0,0,0,0,1,3,0,0,0,0,0,0,0,0,0,0,0,0,0,0,0,0,0,0,0,0,0,14,3,0,0,0,0,4,0,0,0,0,0,0,0,0,0,0,0,0,0,0,0,0,0,0,0,0,0,3,0,0,14,0,0,2,1,0,0,0,0,1,6,2,0,0,0
"InChI=1S/C10H7N3S/c1-2-4-8-7(3-1)13-10(14-8)9-11-5-6-12-9/h1-6,13H",1,1,0,0,0,0,0,1,2,0,0,0,0,0,1,0,0,0,1,0,1,0,2,0,0,0,0,0,0,0,0,0,0,0,0,0,0,1,0,0,0,0,0,1,2,0,0,2,0,0,3,2,2,0,0,0,0,0,0,0,0,0,0,0,4,3,5,2,0,0,1,2,0,1,0,0,0,0,1,3,0,0,0,0,0,0,0,0,1,3,0,0,0,0,0,0,0,0,0,0,0,0,0,0,0,0,0,0,0,0,0,9,4,0,0,0,0,4,0,0,0,0,0,0,0,0,0,0,0,0,0,0,0,0,0,0,0,0,0,2,0,0,14,0,0,2,1,0,0,0,0,1,5,2,0,0,0
"InChI=1S/C10H7N3S/c11-8-3-1-2-7-6(8)4-5-9-10(7)13-14-12-9/h1-5H,11H2",1,2,0,0,0,0,0,1,0,0,0,0,0,0,0,0,0,0,1,0,1,0,1,2,1,2,0,0,0,0,2,0,0,0,0,0,0,1,0,0,0,0,0,0,0,0,0,0,0,0,0,0,1,0,0,0,0,0,0,0,0,0,0,0,3,3,3,0,2,2,1,0,2,0,0,0,0,0,1,1,0,0,0,0,0,0,0,0,1,2,0,0,0,0,0,0,0,0,0,0,0,0,0,0,0,0,0,0,0,0,0,13,4,0,0,0,0,3,0,0,0,0,0,0,0,0,0,0,0,0,0,0,0,0,0,0,0,0,0,2,1,0,13,0,0,1,2,0,0,0,0,0,4,4,0,0,0
"InChI=1S/C10H7N3S/c1-2-10-8(6-12-14-10)5-7(1)9-3-4-11-13-9/h1-6H,(H,11,13)",1,1,0,0,0,0,0,1,1,0,0,0,0,0,0,0,0,0,1,0,1,0,2,1,0,2,0,1,1,0,2,0,0,0,0,0,0,1,0,0,0,0,0,0,0,0,0,0,0,0,0,0,0,0,0,0,0,0,0,0,0,0,0,0,4,3,4,0,0,0,1,2,1,0,0,0,0,1,0,0,1,0,0,0,0,0,0,0,1,3,0,0,0,0,0,0,0,0,0,0,0,0,0,0,0,0,0,0,0,0,0,14,3,0,0,0,0,4,0,0,0,0,0,0,0,0,0,0,0,0,0,0,0,0,0,0,0,0,0,3,0,0,14,0,0,2,1,0,0,0,0,1,6,2,0,0,0
"InChI=1S/C10H7N3S/c1-2-8-4-11-13-10(8)3-7(1)9-5-12-14-6-9/h1-6H,(H,11,13)",1,1,0,0,0,0,0,1,1,0,0,0,0,0,0,0,0,0,1,0,1,0,2,1,0,2,0,1,1,0,2,0,0,0,0,0,0,1,0,0,0,0,0,0,0,0,0,0,0,0,0,0,0,0,0,0,0,0,0,0,0,0,0,0,4,3,4,0,0,0,1,2,1,0,0,0,0,1,0,0,1,0,0,0,0,0,0,0,1,3,0,0,0,0,0,0,0,0,0,0,0,0,0,0,0,0,0,0,0,0,0,14,2,0,0,0,0,4,0,0,0,0,0,0,0,0,0,0,0,0,0,0,0,0,0,0,0,0,0,3,0,0,14,0,0,2,1,0,0,0,0,1,6,2,0,0,0
"InChI=1S/C10H7N3S/c14-10-12-8-4-2-1-3-7(8)9-5-6-11-13(9)10/h1-7H",1,0,1,0,0,0,0,1,1,1,0,2,0,0,2,0,0,0,0,0,1,0,1,0,0,1,1,0,0,0,1,0,0,0,0,0,0,0,0,0,0,0,0,2,4,0,0,0,1,0,0,1,2,0,0,0,0,0,0,0,0,0,0,0,3,3,5,1,0,0,1,0,0,0,0,0,0,1,1,1,2,0,0,0,0,0,0,0,0,3,0,0,0,0,0,0,0,0,0,0,0,0,0,0,0,0,0,0,0,0,0,5,3,0,0,0,0,3,0,0,0,0,0,0,0,0,0,0,0,0,0,0,0,0,0,0,0,0,0,2,0,0,13,0,0,1,2,0,0,0,1,0,5,4,0,0,0
"InChI=1S/C10H7N3S/c1-2-9-8(6-11-12-9)5-7(1)10-3-4-14-13-10/h1-6H,(H,11,12)",1,1,0,0,0,0,0,1,1,0,0,0,0,0,0,0,0,0,1,0,1,0,2,1,0,2,0,1,1,0,2,0,0,0,0,0,0,1,0,0,0,0,0,0,0,0,0,0,0,0,0,0,0,0,0,0,0,0,0,0,0,0,0,0,4,3,4,0,0,0,1,2,1,0,0,0,0,1,0,0,1,0,0,0,0,0,0,0,1,3,0,0,0,0,0,0,0,0,0,0,0,0,0,0,0,0,0,0,0,0,0,14,3,0,0,0,0,4,0,0,0,0,0,0,0,0,0,0,0,0,0,0,0,0,0,0,0,0,0,3,0,0,14,0,0,2,1,0,0,0,0,1,6,2,0,0,0
"InChI=1S/C10H7N3S/c11-6-8-9(14-13-10(8)12)7-4-2-1-3-5-7/h1-5H,(H2,12,13)",1,1,0,0,0,0,0,1,2,0,0,0,0,0,0,0,0,0,1,0,1,0,1,1,0,1,0,1,1,0,1,0,0,0,0,0,0,2,0,0,0,0,0,0,0,0,0,0,0,0,0,1,0,1,0,0,0,0,0,0,0,0,0,0,2,3,1,1,2,2,1,2,1,1,0,0,0,0,1,0,2,0,0,0,0,0,0,0,2,1,0,0,0,0,0,0,0,0,0,0,0,0,0,0,0,0,0,0,0,0,0,11,6,0,0,0,1,2,0,0,0,0,0,0,0,0,0,0,0,0,0,0,0,0,0,0,0,0,0,1,0,0,11,0,0,1,1,0,0,0,0,1,9,0,0,0,0
"InChI=1S/C10H7N3S/c1-2-10-8(4-11-13-10)3-7(1)9-5-12-14-6-9/h1-6H,(H,11,13)",1,1,0,0,0,0,0,1,1,0,0,0,0,0,0,0,0,0,1,0,1,0,2,1,0,2,0,1,1,0,2,0,0,0,0,0,0,1,0,0,0,0,0,0,0,0,0,0,0,0,0,0,0,0,0,0,0,0,0,0,0,0,0,0,4,3,4,0,0,0,1,2,1,0,0,0,0,1,0,0,1,0,0,0,0,0,0,0,1,3,0,0,0,0,0,0,0,0,0,0,0,0,0,0,0,0,0,0,0,0,0,14,2,0,0,0,0,4,0,0,0,0,0,0,0,0,0,0,0,0,0,0,0,0,0,0,0,0,0,3,0,0,14,0,0,2,1,0,0,0,0,1,6,2,0,0,0
"InChI=1S/C10H7N3S/c1-2-4-8-7(3-1)5-9(12-8)10-13-11-6-14-10/h1-4,6H,5H2",1,1,1,0,0,0,0,1,2,0,0,0,0,0,2,0,0,0,1,0,0,0,2,0,0,1,0,0,0,0,1,0,0,0,0,0,0,0,0,0,0,0,0,0,0,0,0,0,0,0,0,1,1,0,0,0,0,0,0,0,0,0,0,0,4,3,4,1,2,0,0,0,0,0,0,0,0,1,0,1,2,0,0,0,0,0,0,3,0,3,0,0,0,0,0,0,0,0,0,0,0,0,0,0,0,0,0,0,0,0,0,11,6,0,0,0,0,4,0,1,0,0,0,0,0,0,0,0,0,0,0,0,0,0,0,0,0,0,0,2,0,0,14,0,0,2,1,0,0,0,0,1,5,2,0,0,0
"InChI=1S/C10H7N3S/c11-6-5-9-7-3-1-2-4-8(7)10(14)13-12-9/h1-4H,5H2,(H,13,14)",1,2,1,0,0,0,0,1,1,0,2,2,0,0,1,0,0,0,0,0,0,0,0,0,0,1,0,0,0,0,1,0,0,0,0,0,0,1,0,0,0,0,0,0,0,0,0,0,0,0,0,0,0,1,0,0,0,0,0,0,0,0,0,0,2,3,2,0,0,0,0,0,0,0,0,0,0,1,0,0,1,0,0,0,0,0,0,6,0,2,0,0,0,0,0,0,0,0,0,0,0,0,0,0,0,0,0,0,0,0,0,10,3,0,0,0,0,2,0,6,0,0,0,0,0,0,0,0,0,0,0,0,0,0,0,0,0,0,0,2,0,0,10,0,0,0,2,0,0,0,1,0,3,2,0,0,0
"InChI=1S/C10H7N3S/c1-2-9(13-11-5-6-12-13)8-4-7-14-10(8)3-1/h1-7H",1,1,0,0,0,0,0,1,2,0,0,0,0,0,0,0,0,0,1,0,1,0,2,0,0,2,0,0,0,0,2,1,0,0,0,0,0,0,0,0,0,0,0,0,0,0,0,0,0,0,0,0,0,0,0,0,0,0,0,0,0,0,0,0,4,3,4,0,0,2,1,2,0,0,0,0,0,2,1,1,1,0,0,0,0,0,0,0,0,3,0,0,0,0,0,0,0,0,0,0,0,0,0,0,0,0,0,0,0,0,0,14,4,0,0,0,0,4,0,0,0,0,0,0,0,0,0,0,0,0,0,0,0,0,0,0,0,0,0,3,0,0,14,0,0,2,1,0,0,0,0,1,5,2,0,0,0
"InChI=1S/C10H7N3S/c1-8-13-10(7-14-8)3-2-9-6-11-4-5-12-9/h4-7H,1H3",1,1,1,0,0,0,0,1,2,0,0,0,0,0,1,0,0,0,1,0,0,0,1,0,0,0,0,0,0,0,0,0,0,0,0,0,0,0,0,0,0,0,0,0,0,1,0,0,0,0,0,0,0,0,0,0,0,0,0,0,0,0,0,0,4,3,6,0,0,0,0,0,0,0,0,0,0,0,0,2,0,0,0,0,0,0,0,0,0,3,0,0,0,0,0,0,0,0,0,0,0,0,0,0,0,0,0,0,0,0,0,11,3,0,0,0,0,4,0,0,0,0,1,0,0,0,0,1,0,0,0,0,0,0,0,0,0,0,0,6,0,0,11,0,0,1,1,0,0,0,1,0,3,0,0,0,0
"InChI=1S/C10H7N3S/c1-2-4-8-7(3-1)13-9-10(14-8)12-6-5-11-9/h1-6H,(H,11,13)",1,2,0,0,0,0,0,1,2,0,4,0,0,0,1,0,0,0,1,0,1,0,0,0,0,0,0,0,0,0,0,0,0,0,0,0,0,1,0,0,0,0,0,0,0,0,0,0,0,0,0,1,1,0,0,0,0,0,0,0,0,0,0,0,4,3,5,1,4,0,1,2,0,1,0,0,0,0,1,3,0,0,0,0,0,0,0,0,1,3,0,0,0,0,0,0,0,0,0,0,0,0,0,0,0,0,0,0,0,0,0,12,10,0,0,0,0,4,0,0,0,0,0,0,0,0,0,0,0,0,0,0,0,0,0,0,0,0,0,4,0,0,14,0,0,0,3,0,0,0,2,0,5,4,0,0,0
"InChI=1S/C10H7N3S/c1-2-4-8-7(3-1)12-10(13-8)9-5-14-6-11-9/h1-7H",1,0,1,0,0,0,0,1,2,0,0,0,0,0,1,0,0,0,1,0,0,0,2,0,0,0,0,0,0,0,0,0,0,0,0,0,0,0,0,0,0,0,0,2,4,0,0,0,0,0,0,2,2,0,0,0,0,0,0,0,0,0,0,0,4,3,7,2,0,0,0,0,0,1,0,0,0,0,1,3,0,0,0,0,0,0,0,0,0,3,0,0,0,0,0,0,0,0,0,0,0,0,0,0,0,0,0,0,0,0,0,5,1,0,0,0,0,4,0,0,0,0,0,0,0,0,0,0,0,0,0,0,0,0,0,0,0,0,0,2,0,0,14,0,0,2,1,0,0,0,0,1,5,2,0,0,0
"InChI=1S/C10H7N3S/c11-6-8-9(13-14-10(8)12)7-4-2-1-3-5-7/h1-5H,12H2",1,1,0,0,0,0,0,1,1,0,0,0,0,0,1,0,0,0,1,0,1,0,1,1,0,1,0,0,1,0,1,0,0,0,0,0,0,1,0,0,0,0,0,0,0,0,0,0,0,0,0,0,1,1,0,0,0,0,0,0,0,0,0,0,2,3,2,0,2,2,1,0,1,0,0,0,0,0,0,1,3,0,0,0,0,0,0,0,1,1,0,0,0,0,0,0,0,0,0,0,0,0,0,0,0,0,0,0,0,0,0,11,5,0,0,0,0,2,0,0,0,0,0,0,0,0,0,0,0,0,0,0,0,0,0,0,0,0,0,1,1,0,11,0,0,1,1,0,0,0,0,1,8,0,0,0,0
"InChI=1S/C10H7N3S/c1-2-8-6-13-14-10(8)3-7(1)9-4-11-12-5-9/h1-6H,(H,11,12)",1,1,0,0,0,0,0,1,1,0,0,0,0,0,0,0,0,0,1,0,1,0,2,1,0,2,0,1,1,0,2,0,0,0,0,0,0,1,0,0,0,0,0,0,0,0,0,0,0,0,0,0,0,0,0,0,0,0,0,0,0,0,0,0,4,3,4,0,0,0,1,2,1,0,0,0,0,1,0,0,1,0,0,0,0,0,0,0,1,3,0,0,0,0,0,0,0,0,0,0,0,0,0,0,0,0,0,0,0,0,0,14,2,0,0,0,0,4,0,0,0,0,0,0,0,0,0,0,0,0,0,0,0,0,0,0,0,0,0,3,0,0,14,0,0,2,1,0,0,0,0,1,6,2,0,0,0
"InChI=1S/C10H7N3S/c1-2-10-8(6-13-14-10)3-7(1)9-4-11-12-5-9/h1-6H,(H,11,12)",1,1,0,0,0,0,0,1,1,0,0,0,0,0,0,0,0,0,1,0,1,0,2,1,0,2,0,1,1,0,2,0,0,0,0,0,0,1,0,0,0,0,0,0,0,0,0,0,0,0,0,0,0,0,0,0,0,0,0,0,0,0,0,0,4,3,4,0,0,0,1,2,1,0,0,0,0,1,0,0,1,0,0,0,0,0,0,0,1,3,0,0,0,0,0,0,0,0,0,0,0,0,0,0,0,0,0,0,0,0,0,14,2,0,0,0,0,4,0,0,0,0,0,0,0,0,0,0,0,0,0,0,0,0,0,0,0,0,0,3,0,0,14,0,0,2,1,0,0,0,0,1,6,2,0,0,0
"InChI=1S/C10H7N3S/c1-4-11-7-2-3-8-10(14-6-13-8)9(7)12-5-1/h1-5H,6H2",1,1,1,0,0,0,0,1,4,0,2,0,0,0,1,0,0,0,1,0,0,0,1,0,0,0,0,0,0,0,0,0,0,5,1,0,0,0,0,0,0,0,0,1,2,0,0,0,0,0,1,3,3,0,0,0,0,0,0,0,0,0,0,0,4,3,8,3,6,0,0,0,0,0,0,0,0,0,0,1,2,0,0,0,0,0,3,0,0,3,0,0,0,0,0,0,0,0,0,0,0,0,0,0,0,0,0,0,0,0,0,6,6,0,0,0,0,4,0,1,0,0,0,0,0,0,0,0,0,0,0,0,0,0,0,0,0,0,0,0,0,0,14,0,0,1,1,1,0,0,0,0,3,4,0,0,0
"InChI=1S/C10H7N3S/c11-6-5-8-1-3-9(4-2-8)10-7-14-13-12-10/h1-4,7H,5H2",1,1,1,0,0,0,0,1,1,0,0,0,0,0,1,0,0,0,1,0,0,0,1,1,0,2,0,0,1,0,2,1,0,0,0,0,0,0,0,0,0,0,0,0,0,0,0,0,0,0,0,0,0,1,0,0,0,0,0,0,0,0,0,0,3,3,1,0,0,0,0,0,1,0,0,0,0,1,0,0,1,0,0,0,0,0,0,3,0,2,0,0,0,0,0,0,0,0,0,0,0,0,0,0,0,0,0,0,0,0,0,11,4,0,0,0,0,3,0,6,0,0,0,0,0,0,0,0,0,0,0,0,0,0,0,0,0,0,0,1,0,0,11,0,0,1,1,0,0,0,0,1,7,0,0,0,0
"InChI=1S/C10H7N3S/c14-10-9-8(11-5-12-9)6-3-1-2-4-7(6)13-10/h1-5,9H,(H,11,12)",1,1,1,0,0,0,0,1,1,1,0,2,0,0,1,0,0,0,0,0,1,0,1,0,0,0,0,0,0,0,0,0,0,0,0,0,0,1,0,0,0,0,2,1,2,0,0,0,0,1,1,2,4,0,0,0,0,0,0,0,0,0,0,0,3,3,7,2,2,0,1,2,0,0,0,0,0,0,1,2,2,0,0,0,0,0,0,0,1,3,0,0,0,0,0,0,0,0,0,0,0,0,0,0,0,0,0,0,0,0,0,6,6,0,0,0,0,3,0,0,0,0,0,0,0,0,0,0,0,0,0,0,0,0,0,0,0,0,0,0,0,0,13,0,0,1,2,0,0,0,1,0,6,4,0,0,0
"InChI=1S/C10H7N3S/c1-7-2-4-8(5-3-7)10-13-12-9(6-11)14-10/h2-5H,1H3",1,1,1,0,0,0,0,1,2,0,0,0,0,0,2,0,0,0,1,0,0,0,1,0,0,1,0,0,0,0,1,0,0,0,0,0,0,0,0,0,0,0,0,0,0,0,0,0,0,0,0,0,0,1,0,0,0,0,0,0,0,0,0,0,3,3,2,0,0,0,0,0,0,0,0,0,0,1,0,1,2,0,0,0,0,0,0,0,0,2,0,0,0,0,0,0,0,0,0,0,0,0,0,0,0,0,0,0,0,0,0,11,4,0,0,0,0,3,0,0,0,0,1,0,0,0,0,1,0,0,0,0,0,0,0,0,0,0,0,2,0,0,11,0,0,1,1,0,0,0,0,1,6,0,0,0,0
"InChI=1S/C10H7N3S/c1-2-4-7(5-3-1)9-13-8-10(14-9)12-6-11-8/h1-6,9H",1,1,1,0,0,0,0,1,4,0,0,0,0,0,2,0,0,0,1,0,0,0,2,0,0,0,0,0,0,0,0,0,0,0,0,0,0,0,0,0,0,0,0,0,0,0,0,0,0,0,0,3,3,0,0,0,0,0,0,0,0,0,0,0,4,3,6,3,0,0,0,0,0,1,0,0,0,0,2,2,2,0,0,0,0,0,0,0,0,3,0,0,0,0,0,0,0,0,0,0,0,0,0,0,0,0,0,0,0,0,0,6,6,0,0,0,0,4,0,0,0,0,0,0,0,0,0,0,0,0,0,0,0,0,0,0,0,0,0,0,0,0,14,0,0,2,1,0,1,0,0,1,6,2,0,0,0
"InChI=1S/C10H7N3S/c11-7-6-9-12-13-10(14-9)8-4-2-1-3-5-8/h1-5H,6H2",1,1,1,0,0,0,0,1,2,0,0,0,0,0,2,0,0,0,1,0,0,0,1,0,0,1,0,0,0,0,1,0,0,0,0,0,0,0,0,0,0,0,0,0,0,0,0,0,0,0,0,0,0,1,0,0,0,0,0,0,0,0,0,0,3,3,2,0,0,0,0,0,0,0,0,0,0,1,0,0,2,0,0,0,0,0,0,6,0,2,0,0,0,0,0,0,0,0,0,0,0,0,0,0,0,0,0,0,0,0,0,11,4,0,0,0,0,3,0,6,0,0,0,0,0,0,0,0,0,0,0,0,0,0,0,0,0,0,0,2,0,0,11,0,0,1,1,0,0,0,0,1,6,0,0,0,0
"InChI=1S/C10H7N3S/c14-9-5-7-3-1-2-4-8(7)10-12-11-6-13(9)10/h1-6,8H",1,0,1,0,0,0,0,1,1,1,0,2,0,0,1,0,0,0,0,0,1,0,1,0,0,1,0,0,0,0,1,0,0,0,0,0,0,0,0,0,0,0,1,3,6,0,0,0,1,1,0,0,1,0,1,0,0,0,0,0,0,0,0,0,3,3,3,0,0,0,1,0,0,1,0,0,0,1,2,2,1,0,0,0,0,0,0,0,0,3,0,0,0,0,0,0,0,0,0,0,0,0,0,0,0,0,0,0,0,0,0,5,2,0,0,0,0,3,0,0,0,0,0,0,0,0,0,0,0,0,0,0,0,0,0,0,0,0,0,4,0,0,13,0,0,1,2,0,0,0,1,0,5,4,0,0,0
"InChI=1S/C10H7N3S/c1-2-4-9-7(3-1)8(5-11-9)10-13-12-6-14-10/h1-6,13H",1,1,0,0,0,0,0,1,2,0,0,0,0,0,2,0,0,0,1,0,1,0,2,0,0,1,0,1,0,0,1,0,0,0,0,0,0,1,0,0,0,0,0,1,2,0,0,1,0,1,1,1,1,0,0,0,0,0,0,0,0,0,0,0,4,3,5,1,2,0,1,2,0,0,0,0,0,1,0,0,2,0,0,0,0,0,0,0,1,3,0,0,0,0,0,0,0,0,0,0,0,0,0,0,0,0,0,0,0,0,0,11,7,0,0,0,0,4,0,0,0,0,0,0,0,0,0,0,0,0,0,0,0,0,0,0,0,0,0,2,0,0,14,0,0,2,1,0,0,0,0,1,5,2,0,0,0
"InChI=1S/C10H7N3S/c11-4-7(5-12)3-9-6-14-10(13-9)8-1-2-8/h3,6,8H,1-2H2",1,0,3,0,0,0,0,1,2,0,0,0,0,0,1,0,0,0,1,0,0,0,1,0,0,0,0,0,0,0,0,0,0,0,0,0,0,0,0,0,0,0,0,1,2,0,0,0,1,1,0,0,0,2,0,0,0,0,0,8,0,0,8,0,2,3,2,0,0,0,0,0,0,0,0,0,0,0,0,0,1,0,0,0,0,0,0,0,0,1,0,0,0,0,0,0,0,0,0,0,0,0,0,0,0,0,0,0,0,0,0,5,1,0,0,0,0,2,0,2,0,0,0,0,0,0,0,0,0,0,0,0,0,0,0,0,0,0,0,2,0,0,8,1,0,1,0,0,0,0,0,1,13,0,0,0,0
"InChI=1S/C10H7N3S/c11-13-12-9-5-2-1-4-8(9)10-6-3-7-14-10/h1-7H",1,1,0,2,0,0,0,1,2,0,0,0,0,0,0,0,0,0,1,0,0,0,1,0,0,2,0,0,0,0,2,1,0,0,0,0,0,0,0,0,0,0,0,0,0,0,0,0,0,0,0,0,1,0,0,0,0,0,0,0,0,0,0,0,1,3,1,2,2,2,0,0,0,0,0,0,0,2,1,0,0,0,0,0,0,0,0,0,0,0,0,0,0,0,0,0,0,0,0,0,0,0,0,0,0,0,0,0,0,0,0,11,6,0,0,0,0,1,0,0,0,0,0,0,0,0,0,0,0,0,0,0,0,0,0,0,0,0,0,0,0,0,11,0,0,1,1,0,0,0,0,1,9,0,0,0,0
"InChI=1S/C10H7N3S/c11-6-8(7-12)10(14)13-9-4-2-1-3-5-9/h1-5,8H,(H,13,14)",1,1,1,0,0,0,0,1,1,0,0,0,0,0,1,0,0,0,0,0,0,0,0,0,0,0,0,0,0,0,0,0,0,0,0,0,0,1,0,0,0,0,0,0,0,0,0,0,1,0,0,1,1,2,0,0,0,0,0,0,0,0,0,0,0,3,2,1,2,2,0,0,0,0,0,0,0,0,0,0,3,0,0,0,0,0,0,0,0,0,0,0,0,0,0,0,0,0,0,0,0,0,0,0,0,0,0,0,0,0,0,6,6,0,0,0,0,0,0,0,0,0,0,0,0,0,0,0,0,0,0,0,0,0,0,0,0,0,0,0,0,0,6,0,0,0,1,0,0,0,0,0,6,0,0,0,0
"InChI=1S/C10H7N3S/c11-6-8(7-12)10(14)13-9-4-2-1-3-5-9/h1-5,13-14H",1,1,0,0,0,0,0,1,1,0,0,0,0,0,1,0,0,0,0,0,1,0,0,0,0,0,0,0,0,0,0,0,0,0,0,0,0,2,0,0,0,0,0,1,2,0,0,1,0,1,1,0,2,2,0,0,0,0,0,0,0,0,0,0,0,3,2,0,2,2,1,0,0,0,0,0,0,0,0,0,3,0,0,0,0,0,0,0,1,0,0,0,0,0,0,0,0,0,0,0,0,0,0,0,0,0,0,0,0,0,0,6,6,0,0,0,1,0,0,0,0,0,0,0,0,0,0,0,0,0,0,0,0,0,0,0,0,0,0,0,0,0,6,0,0,0,1,0,0,0,0,0,6,0,0,0,0
"InChI=1S/C10H7N3S/c11-6-9(10(14)7-12)13-8-4-2-1-3-5-8/h1-5,13-14H",1,1,0,0,0,0,0,1,1,0,0,0,0,0,0,0,0,0,0,0,1,0,0,0,0,0,0,0,0,0,0,0,0,0,0,0,0,2,0,1,0,0,0,1,2,0,0,0,0,0,1,0,2,2,0,0,0,0,0,0,0,0,0,0,0,3,2,0,2,2,1,0,0,0,0,0,0,0,0,1,1,0,0,0,0,0,0,0,1,0,0,0,0,0,0,0,0,0,0,0,0,0,0,0,0,0,0,0,0,0,0,6,6,0,0,0,0,0,0,0,0,0,0,0,0,0,0,0,0,0,0,0,0,0,0,0,0,0,0,0,0,0,6,0,0,0,1,0,0,0,0,0,6,0,0,0,0
"InChI=1S/C10H7N3S/c14-10-12-11-9-8-4-2-1-3-7(8)5-6-13(9)10/h1-6,9H",1,1,1,0,0,0,0,1,1,1,0,2,0,0,2,0,0,0,0,0,1,0,1,0,0,1,1,0,0,0,1,0,0,0,0,0,0,0,0,0,0,0,0,1,2,0,0,0,0,0,1,0,5,0,1,0,0,0,0,0,0,0,0,0,3,3,6,1,0,0,1,0,0,1,0,0,0,1,2,2,1,0,0,0,0,0,0,0,0,3,0,0,0,0,0,0,0,0,0,0,0,0,0,0,0,0,0,0,0,0,0,6,6,0,0,0,0,3,0,0,0,0,0,0,0,0,0,0,0,0,0,0,0,0,0,0,0,0,0,0,0,0,13,0,0,1,2,0,0,0,1,0,4,4,0,0,0
"InChI=1S/C10H7N3S/c1-2-7-3-4-9-8(6-11-13-9)10(7)14-12-5-1/h1-6,12H",1,1,0,0,0,0,0,1,2,0,2,0,0,0,0,0,0,0,1,0,1,0,1,1,0,2,0,1,1,0,2,0,0,0,0,0,0,1,0,0,0,0,1,2,4,0,0,0,0,1,1,2,1,0,0,0,0,0,0,0,0,0,0,0,4,3,3,2,2,0,1,2,1,0,0,0,0,1,0,0,1,0,0,0,0,0,0,0,1,3,0,0,0,0,0,0,0,0,0,0,0,0,0,0,0,0,0,0,0,0,0,6,6,0,0,0,0,4,0,0,0,0,0,0,0,0,0,0,0,0,0,0,0,0,0,0,0,0,0,0,0,0,14,0,0,1,1,1,0,0,0,0,4,4,0,0,0
"InChI=1S/C10H7N3S/c14-10-9(11-13-12-10)7-6-8-4-2-1-3-5-8/h1-7H",1,1,0,0,0,0,0,1,1,1,0,2,0,0,1,0,0,0,0,0,0,0,1,0,0,2,0,0,0,0,2,1,0,0,0,0,0,0,0,0,0,0,0,1,2,0,0,0,0,0,0,1,1,0,0,0,0,0,0,0,0,0,0,0,3,3,2,2,0,0,0,0,0,0,0,0,0,2,1,1,1,0,0,0,0,0,0,0,0,3,0,0,0,0,0,0,0,0,0,0,0,0,0,0,0,0,0,0,0,0,0,6,6,0,0,0,0,3,0,0,0,0,0,0,0,0,0,0,0,0,0,0,0,0,0,0,0,0,0,0,0,0,11,0,0,1,1,0,0,0,0,0,7,0,0,0,0
"InChI=1S/C10H7N3S/c11-6-5-9-7-3-1-2-4-8(7)10(14)13-12-9/h1-4,9H,5H2",1,1,2,0,0,0,0,1,1,1,0,2,0,0,1,0,0,0,0,0,0,0,0,0,0,1,0,0,0,0,1,0,0,0,0,0,0,0,0,0,0,0,0,0,0,0,0,0,0,0,0,0,2,1,0,0,0,0,0,0,0,0,0,0,2,3,4,1,0,0,0,0,0,0,0,0,0,1,0,0,1,0,0,0,0,0,0,6,0,2,0,0,0,0,0,0,0,0,0,0,0,0,0,0,0,0,0,0,0,0,0,6,6,0,0,0,0,2,0,6,0,0,0,0,0,0,0,0,0,0,0,0,0,0,0,0,0,0,0,0,0,0,10,0,0,0,2,0,0,0,1,0,3,2,0,0,0
