"id1","score"
"InChI=1S/C10H10N4O2S/c11-8-1-3-9(4-2-8)17(15,16)14-10-5-6-12-7-13-10/h1-7H,11H2,(H,12,13,14)",0.601026809509167
"InChI=1S/C10H10N4O2S/c11-8-2-4-9(5-3-8)17(15,16)14-10-12-6-1-7-13-10/h1-7H,11H2,(H,12,13,14)",0.595598864084599
"InChI=1S/C10H10N4O2S/c11-8-1-3-10(4-2-8)17(15,16)14-9-5-12-7-13-6-9/h1-7,14H,11H2",0.585917259544692
"InChI=1S/C10H10N4O2S/c11-17(15,16)9-4-2-8(3-5-9)14-10-12-6-1-7-13-10/h1-7H,(H2,11,15,16)(H,12,13,14)",0.567824754925873
"InChI=1S/C10H10N4O2S/c11-17(15,16)10-3-1-8(2-4-10)14-9-5-12-7-13-6-9/h1-7,14H,(H2,11,15,16)",0.557753434588252
"InChI=1S/C10H10N4O2S/c11-8-4-1-2-5-9(8)17(15,16)14-10-12-6-3-7-13-10/h1-7H,11H2,(H,12,13,14)",0.557336023680044
"InChI=1S/C10H10N4O2S/c11-8-3-1-4-9(7-8)17(15,16)14-10-12-5-2-6-13-10/h1-7H,11H2,(H,12,13,14)",0.552451739880465
"InChI=1S/C10H10N4O2S/c11-17(15,16)9-5-2-1-4-8(9)14-10-12-6-3-7-13-10/h1-7H,(H2,11,15,16)(H,12,13,14)",0.546818035421793
"InChI=1S/C10H10N4O2S/c11-17(15,16)9-4-2-1-3-8(9)14-10-5-6-12-7-13-10/h1-7H,(H2,11,15,16)(H,12,13,14)",0.545975014553394
"InChI=1S/C10H10N4O2S/c11-8-2-1-3-10(4-8)17(15,16)14-9-5-12-7-13-6-9/h1-7,14H,11H2",0.544161689944117
"InChI=1S/C10H10N4O2S/c11-9-3-2-7(17(12,15)16)6-8(9)10-13-4-1-5-14-10/h1-6H,11H2,(H2,12,15,16)",0.538556617610557
"InChI=1S/C10H10N4O2S/c11-7-2-3-9(17(12,15)16)8(6-7)10-13-4-1-5-14-10/h1-6H,11H2,(H2,12,15,16)",0.533574491902636
"InChI=1S/C10H10N4O2S/c11-17(15,16)9-6-7-12-10(14-9)13-8-4-2-1-3-5-8/h1-7H,(H2,11,15,16)(H,12,13,14)",0.52331376692847
"InChI=1S/C10H10N4O2S/c11-7-1-3-8(4-2-7)17(15,16)10-5-9(12)13-6-14-10/h1-6H,11H2,(H2,12,13,14)",0.520486200288447
"InChI=1S/C10H10N4O2S/c11-7-1-3-8(4-2-7)17(15,16)9-5-13-10(12)14-6-9/h1-6H,11H2,(H2,12,13,14)",0.515728692286064
"InChI=1S/C10H10N4O2S/c11-8-1-3-9(4-2-8)17(15,16)14-10-7-12-5-6-13-10/h1-7H,11H2,(H,13,14)",0.513173189486168
"InChI=1S/C10H10N4O2S/c11-10-12-6-9(7-13-10)17(15,16)14-8-4-2-1-3-5-8/h1-7,14H,(H2,11,12,13)",0.512235227927218
"InChI=1S/C10H10N4O2S/c11-8-3-5-9(6-4-8)17(15,16)14-10-2-1-7-12-13-10/h1-7H,11H2,(H,13,14)",0.51039428874775
"InChI=1S/C10H10N4O2S/c11-10-9(4-2-6-13-10)17(15,16)14-8-3-1-5-12-7-8/h1-7,14H,(H2,11,13)",0.507556852614638
"InChI=1S/C10H10N4O2S/c11-8-3-4-10(13-6-8)14-17(15,16)9-2-1-5-12-7-9/h1-7H,11H2,(H,13,14)",0.502255338472245
"InChI=1S/C10H10N4O2S/c11-17(15,16)9-3-1-8(2-4-9)14-10-7-12-5-6-13-10/h1-7H,(H,13,14)(H2,11,15,16)",0.500570226361422
"InChI=1S/C10H10N4O2S/c11-10-8(4-3-7-13-10)17(15,16)14-9-5-1-2-6-12-9/h1-7H,(H2,11,13)(H,12,14)",0.496089868406338
"InChI=1S/C10H10N4O2S/c11-10-9(2-1-5-13-10)17(15,16)14-8-3-6-12-7-4-8/h1-7H,(H2,11,13)(H,12,14)",0.48948079031218
"InChI=1S/C10H10N4O2S/c11-8-4-5-10(13-7-8)17(15,16)14-9-3-1-2-6-12-9/h1-7H,11H2,(H,12,14)",0.488875673841992
"InChI=1S/C10H10N4O2S/c11-10-12-6-5-9(14-10)13-7-1-3-8(4-2-7)17(15)16/h1-6H,(H,15,16)(H3,11,12,13,14)",0.482730791286463
"InChI=1S/C10H10N4O2S/c11-8-3-1-2-4-9(8)17(15,16)14-10-7-12-5-6-13-10/h1-7H,11H2,(H,13,14)",0.482167657020297
"InChI=1S/C10H10N4O2S/c11-8-4-6-12-7-9(8)17(15,16)14-10-3-1-2-5-13-10/h1-7H,(H2,11,12)(H,13,14)",0.481438008474605
"InChI=1S/C10H10N4O2S/c11-8-2-1-3-9(6-8)17(15,16)14-10-7-12-4-5-13-10/h1-7H,11H2,(H,13,14)",0.475296512142796
"InChI=1S/C10H10N4O2S/c11-9-5-4-8(7-13-9)17(15,16)14-10-3-1-2-6-12-10/h1-7H,(H2,11,13)(H,12,14)",0.474240296955986
"InChI=1S/C10H10N4O2S/c11-10-4-3-9(7-13-10)17(15,16)14-8-2-1-5-12-6-8/h1-7,14H,(H2,11,13)",0.470510030862663
"InChI=1S/C10H10N4O2S/c11-8-3-1-4-9(7-8)17(15,16)14-10-5-2-6-12-13-10/h1-7H,11H2,(H,13,14)",0.469635888436135
"InChI=1S/C10H10N4O2S/c11-17(15,16)9-3-1-2-8(6-9)14-10-7-12-4-5-13-10/h1-7H,(H,13,14)(H2,11,15,16)",0.468717834054423
"InChI=1S/C10H10N4O2S/c11-7-1-2-10(17(12,15)16)8(5-7)9-6-13-3-4-14-9/h1-6H,11H2,(H2,12,15,16)",0.467779029073737
"InChI=1S/C10H10N4O2S/c11-9-7-8(4-6-12-9)17(15,16)14-10-3-1-2-5-13-10/h1-7H,(H2,11,12)(H,13,14)",0.465387120303519
"InChI=1S/C10H10N4O2S/c11-10-4-3-8(6-13-10)14-17(15,16)9-2-1-5-12-7-9/h1-7,14H,(H2,11,13)",0.465095660607891
"InChI=1S/C10H10N4O2S/c11-8-6-12-5-2-9(8)17(15,16)7-10-13-3-1-4-14-10/h1-6H,7,11H2",0.464753016670222
"InChI=1S/C10H10N4O2S/c11-14(10-12-7-4-8-13-10)17(15,16)9-5-2-1-3-6-9/h1-8H,11H2",0.46262225265572
"InChI=1S/C10H10N4O2S/c11-10-6-9(3-5-13-10)17(15,16)14-8-2-1-4-12-7-8/h1-7,14H,(H2,11,13)",0.457975501518227
"InChI=1S/C10H10N4O2S/c11-8-3-1-4-14-10(8)17(15,16)7-9-12-5-2-6-13-9/h1-6H,7,11H2",0.455825050227734
"InChI=1S/C10H10N4O2S/c11-10-2-1-9(7-13-10)17(15,16)14-8-3-5-12-6-4-8/h1-7H,(H2,11,13)(H,12,14)",0.455246933404289
"InChI=1S/C10H10N4O2S/c11-9-3-5-13-7-10(9)17(15,16)14-8-2-1-4-12-6-8/h1-7,14H,(H2,11,13)",0.452702988784203
"InChI=1S/C10H10N4O2S/c11-10-7-9(3-6-13-10)17(15,16)14-8-1-4-12-5-2-8/h1-7H,(H2,11,13)(H,12,14)",0.449819882963908
"InChI=1S/C10H10N4O2S/c11-17(15,16)10-3-1-8(2-4-10)13-6-9-5-12-7-14-9/h1-7,13H,(H2,11,15,16)",0.449605879912479
"InChI=1S/C10H10N4O2S/c11-9-7-13-5-3-10(9)14-17(15,16)8-2-1-4-12-6-8/h1-7H,11H2,(H,13,14)",0.449112409522482
"InChI=1S/C10H10N4O2S/c1-6-4-10-12-8-5-7(17(11,15)16)2-3-9(8)14(10)13-6/h2-5,13H,1H3,(H2,11,15,16)",0.444523606246914
"InChI=1S/C10H10N4O2S/c11-17(15,16)9-3-1-8(2-4-9)14-7-10-12-5-6-13-10/h1-7,14H,(H2,11,15,16)",0.442582518272957
"InChI=1S/C10H10N4O2S/c11-17(15,16)14(9-5-2-1-3-6-9)10-12-7-4-8-13-10/h1-8H,(H2,11,15,16)",0.436995765885231
"InChI=1S/C10H10N4O2S/c1-17(15,16)8-6-13-10(14-9(8)11)7-3-2-4-12-5-7/h2-6H,1H3,(H2,11,13,14)",0.432733657414946
"InChI=1S/C10H10N4O2S/c11-9-3-6-13-7-10(9)17(15,16)14-8-1-4-12-5-2-8/h1-7H,(H2,11,13)(H,12,14)",0.432136616829361
"InChI=1S/C10H10N4O2S/c1-17(15,16)8-4-2-7(3-5-8)9-6-12-14-10(11)13-9/h2-6H,1H3,(H2,11,13,14)",0.427953943696822
"InChI=1S/C10H10N4O2S/c11-9-8(6-13-10(12)14-9)17(15,16)7-4-2-1-3-5-7/h1-6H,(H4,11,12,13,14)",0.427508127543619
"InChI=1S/C10H10N4O2S/c1-17(15,16)10-13-8(6-9(11)14-10)7-2-4-12-5-3-7/h2-6H,1H3,(H2,11,13,14)",0.421266176253517
"InChI=1S/C10H10N4O2S/c1-17(15,16)10-13-8(5-9(11)14-10)7-3-2-4-12-6-7/h2-6H,1H3,(H2,11,13,14)",0.419707533740169
"InChI=1S/C10H10N4O2S/c1-17(15,16)10-13-8(6-9(11)14-10)7-4-2-3-5-12-7/h2-6H,1H3,(H2,11,13,14)",0.419392868872905
"InChI=1S/C10H10N4O2S/c1-7(6-11)17(15,16)14-10-12-8-4-2-3-5-9(8)13-10/h2-5,7H,1H3,(H2,12,13,14)",0.41865106334479
"InChI=1S/C10H10N4O2S/c1-14(2)17(15,16)8-5-3-4-7-10(8)13-9(6-11)12-7/h3-5H,1-2H3,(H,12,13)",0.414173800808032
"InChI=1S/C10H10N4O2S/c11-7-3-1-5-13-9(7)17(15,16)10-8(12)4-2-6-14-10/h1-6H,11-12H2",0.413497487256627
"InChI=1S/C10H10N4O2S/c1-17(15,16)10-13-6-7(9(11)14-10)8-4-2-3-5-12-8/h2-6H,1H3,(H2,11,13,14)",0.4127600388723
"InChI=1S/C10H10N4O2S/c11-7-1-3-9(13-5-7)17(15,16)10-4-2-8(12)6-14-10/h1-6H,11-12H2",0.410450811657462
"InChI=1S/C10H10N4O2S/c11-5-3-1-2-4-6(5)17-7-8(12)13-10(16)14-9(7)15/h1-4H,11H2,(H4,12,13,14,15,16)",0.407600514723219
"InChI=1S/C10H10N4O2S/c1-6(5-11)17(15,16)10-13-8-3-2-7(12)4-9(8)14-10/h2-4,6H,12H2,1H3,(H,13,14)",0.407379271507145
"InChI=1S/C10H10N4O2S/c11-5-8(6-12)7-14-9-1-3-10(4-2-9)17(13,15)16/h1-4,8,14H,7H2,(H2,13,15,16)",0.405481613412611
"InChI=1S/C10H10N4O2S/c11-5-7-14(8-6-12)17(15,16)10-3-1-9(13)2-4-10/h1-4H,7-8,13H2",0.398838733961524
"InChI=1S/C10H10N4O2S/c11-10-13-8(6-12-14-10)7-17(15,16)9-4-2-1-3-5-9/h1-6H,7H2,(H2,11,13,14)",0.397274432836295
"InChI=1S/C10H10N4O2S/c1-13-5-4-12-10(13)17-9-3-2-7(14(15)16)6-8(9)11/h2-6H,11H2,1H3",0.394973058124192
"InChI=1S/C10H10N4O2S/c11-6-2-4-9-3-1-5-10(13-9)14-17(15,16)8-7-12/h1,3,5H,6,8,11H2,(H,13,14)",0.391509970891018
"InChI=1S/C10H10N4O2S/c11-12-9-6-7-10(14-13-9)17(15,16)8-4-2-1-3-5-8/h1-7H,11H2,(H,12,13)",0.389111950088057
"InChI=1S/C10H10N4O2S/c1-7-5-11-9-6-12-10-8(14(7)9)3-4-13(10)17(2,15)16/h3-6H,1-2H3",0.388529825262079
"InChI=1S/C10H10N4O2S/c1-13-6-12-9(14(15)16)10(13)17-8-5-3-2-4-7(8)11/h2-6H,11H2,1H3",0.388506476226669
"InChI=1S/C10H10N4O2S/c1-13-6-12-9(14(15)16)10(13)17-8-4-2-3-7(11)5-8/h2-6H,11H2,1H3",0.388312079931679
"InChI=1S/C10H10N4O2S/c1-13-9-7(6-12-13)5-11-10-8(9)3-4-14(10)17(2,15)16/h3-6H,1-2H3",0.387823474733852
"InChI=1S/C10H10N4O2S/c1-7-6-13-8-3-4-14(17(2,15)16)10(8)11-5-9(13)12-7/h3-6H,1-2H3",0.386831572172225
"InChI=1S/C10H10N4O2S/c1-2-7-6-12-10(13-7)17-9-8(14(15)16)4-3-5-11-9/h3-6H,2H2,1H3,(H,12,13)",0.386649043047324
"InChI=1S/C10H10N4O2S/c1-13-5-4-12-10(13)17-7-2-3-9(14(15)16)8(11)6-7/h2-6H,11H2,1H3",0.386072526824585
"InChI=1S/C10H10N4O2S/c1-7-11-5-8-6-12-10-9(14(7)8)3-4-13(10)17(2,15)16/h3-6H,1-2H3",0.385071960473557
"InChI=1S/C10H10N4O2S/c1-2-17-9-3-7(14(15)16)4-12-10(9)8-5-11-6-13-8/h3-6H,2H2,1H3,(H,11,13)",0.384066980730668
"InChI=1S/C10H10N4O2S/c11-5-8(6-12)7-14-17(15,16)10-3-1-2-9(13)4-10/h1-4,8,14H,7,13H2",0.381762385801798
"InChI=1S/C10H10N4O2S/c1-2-8-17(15,16)10-11-12-13-14(10)9-6-4-3-5-7-9/h2-8H,1H3",0.377073815300882
"InChI=1S/C10H10N4O2S/c1-2-11-10-9(14(15)16)8(12-6-13-10)7-4-3-5-17-7/h3-6H,2H2,1H3,(H,11,12,13)",0.376906328198496
"InChI=1S/C10H10N4O2S/c1-7-2-3-9(17-7)6-13-10-11-4-8(5-12-10)14(15)16/h2-5H,6H2,1H3,(H,11,12,13)",0.376479625177981
"InChI=1S/C10H10N4O2S/c1-2-17-10-8(9-5-11-6-13-9)3-7(4-12-10)14(15)16/h3-6H,2H2,1H3,(H,11,13)",0.376281426756494
"InChI=1S/C10H10N4O2S/c1-7-9(17-6-13-7)5-12-10-4-8(14(15)16)2-3-11-10/h2-4,6H,5H2,1H3,(H,11,12)",0.375764936014097
"InChI=1S/C10H10N4O2S/c1-7-4-3-5-8(12-7)17-10-9(14(15)16)11-6-13(10)2/h3-6H,1-2H3",0.375428663868292
"InChI=1S/C10H10N4O2S/c1-6-4-10-8-3-2-7(17(11,15)16)5-9(8)13-14(10)12-6/h2-5,12H,1H3,(H2,11,15,16)",0.374833786782482
"InChI=1S/C10H10N4O2S/c1-7(9-3-2-4-17-9)13-10-11-5-8(6-12-10)14(15)16/h2-7H,1H3,(H,11,12,13)",0.373366043342622
"InChI=1S/C10H10N4O2S/c1-7-9(17-6-13-7)5-12-10-3-2-8(4-11-10)14(15)16/h2-4,6H,5H2,1H3,(H,11,12)",0.373312259097223
"InChI=1S/C10H10N4O2S/c1-6-3-4-7(17-6)8-9(14(15)16)10(11-2)13-5-12-8/h3-5H,1-2H3,(H,11,12,13)",0.373088896593796
"InChI=1S/C10H10N4O2S/c1-7-12-5-9(17-7)6-13-10-4-8(14(15)16)2-3-11-10/h2-5H,6H2,1H3,(H,11,13)",0.373076636042991
"InChI=1S/C10H10N4O2S/c11-5-7-14(8-6-12)17(15,16)10-4-2-1-3-9(10)13/h1-4H,7-8,13H2",0.37304074466397
"InChI=1S/C10H10N4O2S/c1-7-5-9(12-6-8(7)14(15)16)17-10-11-3-4-13(10)2/h3-6H,1-2H3",0.372467577288513
"InChI=1S/C10H10N4O2S/c11-4-7-3-8(12)5-13-10(7)14-9-1-2-17(15,16)6-9/h1-3,5,9H,6,12H2,(H,13,14)",0.371465115892925
"InChI=1S/C10H10N4O2S/c1-2-9-11-10(13-12-9)17-8-5-3-7(4-6-8)14(15)16/h3-6H,2H2,1H3,(H,11,12,13)",0.371022737089375
"InChI=1S/C10H10N4O2S/c1-7-9(17-6-13-7)5-12-10-8(14(15)16)3-2-4-11-10/h2-4,6H,5H2,1H3,(H,11,12)",0.370485032986796
"InChI=1S/C10H10N4O2S/c1-7-11-5-9(17-7)6-13-10-3-2-8(4-12-10)14(15)16/h2-5H,6H2,1H3,(H,12,13)",0.370436758876211
"InChI=1S/C10H10N4O2S/c1-7-12-5-8(17-7)6-13-10-9(14(15)16)3-2-4-11-10/h2-5H,6H2,1H3,(H,11,13)",0.368885443536953
"InChI=1S/C10H10N4O2S/c15-14(16)9-1-2-10(12-6-9)17-4-3-8-5-11-7-13-8/h1-2,5-7H,3-4H2,(H,11,13)",0.368751299199613
"InChI=1S/C10H10N4O2S/c1-7-5-8(14(15)16)6-12-9(7)17-10-11-3-4-13(10)2/h3-6H,1-2H3",0.368672492379363
"InChI=1S/C10H10N4O2S/c1-7-5-8(14(15)16)9(12-6-7)17-10-11-3-4-13(10)2/h3-6H,1-2H3",0.368655057025923
"InChI=1S/C10H10N4O2S/c1-14-7-5-3-2-4-6(7)8-9(17(14,15)16)10(11)13-12-8/h2-5H,1H3,(H3,11,12,13)",0.368129781775235
"InChI=1S/C10H10N4O2S/c1-13(2)17(15,16)10-12-8-5-3-4-6-9(8)14(10)7-11/h3-6H,1-2H3",0.367961487165656
"InChI=1S/C10H10N4O2S/c1-2-9(6-12)17(15,16)14-10-4-3-8(5-11)7-13-10/h3-4,7,9H,2H2,1H3,(H,13,14)",0.367751258926896
"InChI=1S/C10H10N4O2S/c1-6-4-7(2)14-9(12-6)8(5-11)10(13-14)17(3,15)16/h4H,1-3H3",0.366936327888976
"InChI=1S/C10H10N4O2S/c1-7-13-8(6-17-7)5-12-10-4-9(14(15)16)2-3-11-10/h2-4,6H,5H2,1H3,(H,11,12)",0.366741439902665
"InChI=1S/C10H10N4O2S/c1-13-7-5-3-4-6-8(7)14-9(13)11-12-10(14)17(2,15)16/h3-6H,1-2H3",0.365300278373927
"InChI=1S/C10H10N4O2S/c1-7-6-17-10(13-7)5-12-9-4-8(14(15)16)2-3-11-9/h2-4,6H,5H2,1H3,(H,11,12)",0.365130093082061
"InChI=1S/C10H10N4O2S/c1-7(10-12-4-5-17-10)13-9-6-8(14(15)16)2-3-11-9/h2-7H,1H3,(H,11,13)",0.363726531714104
"InChI=1S/C10H10N4O2S/c15-14(16)8-1-2-10(13-7-8)17-6-3-9-11-4-5-12-9/h1-2,4-5,7H,3,6H2,(H,11,12)",0.363373088901809
"InChI=1S/C10H10N4O2S/c1-2-8-17(15,16)10-11-12-13-14(10)9-6-4-3-5-7-9/h2-7H,1,8H2",0.362654421015758
"InChI=1S/C10H10N4O2S/c15-9(14-16)7-4-11-10(12-5-7)13-6-8-2-1-3-17-8/h1-5,16H,6H2,(H,14,15)(H,11,12,13)",0.362233155332549
"InChI=1S/C10H10N4O2S/c1-6-3-7(4-17-6)8-9(14(15)16)10(11-2)13-5-12-8/h3-5H,1-2H3,(H,11,12,13)",0.361283452603131
"InChI=1S/C10H10N4O2S/c11-4-6-14(7-5-12)17(15,16)10-3-1-2-9(13)8-10/h1-3,8H,6-7,13H2",0.361233664526609
"InChI=1S/C10H10N4O2S/c1-7(10-12-5-6-17-10)13-9-8(14(15)16)3-2-4-11-9/h2-7H,1H3,(H,11,13)",0.36111910615952
"InChI=1S/C10H10N4O2S/c1-7-13-8(6-17-7)5-12-10-9(14(15)16)3-2-4-11-10/h2-4,6H,5H2,1H3,(H,11,12)",0.36105885124431
"InChI=1S/C10H10N4O2S/c1-13-9(12-6-10(13)14(15)16)7-17-8-3-2-4-11-5-8/h2-6H,7H2,1H3",0.360584607702857
"InChI=1S/C10H10N4O2S/c1-13-8(12-6-10(13)14(15)16)7-17-9-4-2-3-5-11-9/h2-6H,7H2,1H3",0.36006353951299
"InChI=1S/C10H10N4O2S/c1-14(2)17(15,16)10-4-7(5-11)9(13)3-8(10)6-12/h3-4H,13H2,1-2H3",0.359642835146036
"InChI=1S/C10H10N4O2S/c1-7-4-3-5-11-9(7)17-10-8(14(15)16)12-6-13(10)2/h3-6H,1-2H3",0.359565501480465
"InChI=1S/C10H10N4O2S/c1-7-3-4-11-8(5-7)17-10-9(14(15)16)12-6-13(10)2/h3-6H,1-2H3",0.35952509225411
"InChI=1S/C10H10N4O2S/c1-7(8-2-3-17-6-8)13-10-11-4-9(5-12-10)14(15)16/h2-7H,1H3,(H,11,12,13)",0.359501002654291
"InChI=1S/C10H10N4O2S/c1-7-6-17-9(13-7)5-12-10-8(14(15)16)3-2-4-11-10/h2-4,6H,5H2,1H3,(H,11,12)",0.359490765902031
"InChI=1S/C10H10N4O2S/c15-17(16,13-9-1-5-11-6-2-9)14-10-3-7-12-8-4-10/h1-8H,(H,11,13)(H,12,14)",0.359279820909971
"InChI=1S/C10H10N4O2S/c15-17(16)10-13-12-9(14(10)8-1-2-8)7-3-5-11-6-4-7/h3-6,8H,1-2H2,(H,15,16)",0.358543519874043
"InChI=1S/C10H10N4O2S/c1-7-9(17-6-13-7)5-11-8-2-3-10(12-4-8)14(15)16/h2-4,6,11H,5H2,1H3",0.358505988566965
"InChI=1S/C10H10N4O2S/c1-13-9(12-6-10(13)14(15)16)7-17-8-2-4-11-5-3-8/h2-6H,7H2,1H3",0.358297048952965
"InChI=1S/C10H10N4O2S/c1-7-6-17-10(13-7)5-12-9-3-2-8(4-11-9)14(15)16/h2-4,6H,5H2,1H3,(H,11,12)",0.357567323323513
"InChI=1S/C10H10N4O2S/c1-2-9-11-10(13-12-9)17-8-6-4-3-5-7(8)14(15)16/h3-6H,2H2,1H3,(H,11,12,13)",0.357182018100638
"InChI=1S/C10H10N4O2S/c1-6-5-8(15)12-10(11-6)14-13-9(16)7-3-2-4-17-7/h2-5H,1H3,(H,13,16)(H2,11,12,14,15)",0.356538972389561
"InChI=1S/C10H10N4O2S/c1-7(10-11-4-5-17-10)13-9-3-2-8(6-12-9)14(15)16/h2-7H,1H3,(H,12,13)",0.356317539278636
"InChI=1S/C10H10N4O2S/c1-7-11-5-9(17-7)6-12-8-2-3-10(13-4-8)14(15)16/h2-5,12H,6H2,1H3",0.355767140921669
"InChI=1S/C10H10N4O2S/c1-17-7-5-3-2-4-6(7)12-10(15)8-9(11)14-16-13-8/h2-5H,1H3,(H2,11,14)(H,12,15)",0.355496813516911
"InChI=1S/C10H10N4O2S/c15-14(16)8-2-1-4-12-10(8)13-5-3-9-11-6-7-17-9/h1-2,4,6-7H,3,5H2,(H,12,13)",0.354868893093289
"InChI=1S/C10H10N4O2S/c1-7-4-8(14(15)16)10(12-5-7)13-6-9-11-2-3-17-9/h2-5H,6H2,1H3,(H,12,13)",0.354536564460962
"InChI=1S/C10H10N4O2S/c1-16-9-6(11)2-3-8(14-9)17-10-12-5-4-7(15)13-10/h2-5H,11H2,1H3,(H,12,13,15)",0.354367165812216
"InChI=1S/C10H10N4O2S/c1-2-11-10-9(14(15)16)8(12-6-13-10)7-3-4-17-5-7/h3-6H,2H2,1H3,(H,11,12,13)",0.353914804859585
"InChI=1S/C10H10N4O2S/c1-17-7-4-2-3-6(5-7)12-10(15)8-9(11)14-16-13-8/h2-5H,1H3,(H2,11,14)(H,12,15)",0.353914674587764
"InChI=1S/C10H10N4O2S/c1-13(2)17(15,16)14-9-6-4-3-5-8(9)12-10(14)7-11/h3-6H,1-2H3",0.353763652942057
"InChI=1S/C10H10N4O2S/c1-7(6-11)17(15,16)14-10-8-4-2-3-5-9(8)12-13-10/h2-5,7H,1H3,(H2,12,13,14)",0.353192577611948
"InChI=1S/C10H10N4O2S/c1-7-2-3-12-10(9(7)14(15)16)13-6-8-11-4-5-17-8/h2-5H,6H2,1H3,(H,12,13)",0.352907407548582
"InChI=1S/C10H10N4O2S/c15-14(16)8-1-3-11-9(7-8)12-4-2-10-13-5-6-17-10/h1,3,5-7H,2,4H2,(H,11,12)",0.352295468173214
"InChI=1S/C10H10N4O2S/c15-14(16)9-2-1-4-11-10(9)12-5-3-8-6-17-7-13-8/h1-2,4,6-7H,3,5H2,(H,11,12)",0.352139514619411
"InChI=1S/C10H10N4O2S/c1-7-2-9(14(15)16)10(11-3-7)12-4-8-5-17-6-13-8/h2-3,5-6H,4H2,1H3,(H,11,12)",0.351310451301658
"InChI=1S/C10H10N4O2S/c1-7-2-3-11-10(9(7)14(15)16)12-4-8-5-17-6-13-8/h2-3,5-6H,4H2,1H3,(H,11,12)",0.350457987105648
"InChI=1S/C10H10N4O2S/c15-6-14-8-9(12-5-13-10(8)16)11-4-7-2-1-3-17-7/h1-3,5-6H,4H2,(H,14,15)(H2,11,12,13,16)",0.349921025613766
"InChI=1S/C10H10N4O2S/c1-7-4-8(14(15)16)5-12-10(7)13-6-9-11-2-3-17-9/h2-5H,6H2,1H3,(H,12,13)",0.349204210602092
"InChI=1S/C10H10N4O2S/c1-7-11-12-10(13(7)2)17-9-6-4-3-5-8(9)14(15)16/h3-6H,1-2H3",0.34907006261527
"InChI=1S/C10H10N4O2S/c1-14-5-4-13-10(14)17-8-7(11)6(9(15)16)2-3-12-8/h2-5H,11H2,1H3,(H,15,16)",0.348654635977233
"InChI=1S/C10H10N4O2S/c11-9(16)13-8(15)6-17-10-12-5-7-3-1-2-4-14(7)10/h1-5H,6H2,(H3,11,13,15,16)",0.347053165513837
"InChI=1S/C10H10N4O2S/c1-13-6-8(5-12-13)17-10-3-2-7(14(15)16)4-9(10)11/h2-6H,11H2,1H3",0.346739814419069
"InChI=1S/C10H10N4O2S/c1-7(5-11)17(15,16)14-10-3-2-9(13)4-8(10)6-12/h2-4,7,14H,13H2,1H3",0.346715795001258
"InChI=1S/C10H10N4O2S/c15-14(16)8-6-12-10(13-7-8)11-4-3-9-2-1-5-17-9/h1-2,5-7H,3-4H2,(H,11,12,13)",0.346105626346988
"InChI=1S/C10H10N4O2S/c1-7-13-9(6-17-7)5-11-8-2-3-10(12-4-8)14(15)16/h2-4,6,11H,5H2,1H3",0.344743002609783
"InChI=1S/C10H10N4O2S/c1-7-6-17-10(13-7)5-11-8-2-3-9(12-4-8)14(15)16/h2-4,6,11H,5H2,1H3",0.343270988657092
"InChI=1S/C10H10N4O2S/c1-7(10-11-4-5-17-10)13-8-2-3-9(12-6-8)14(15)16/h2-7,13H,1H3",0.342237871906256
"InChI=1S/C10H10N4O2S/c1-7-12-10(16-14-7)13-8(15)6-17-9-4-2-3-5-11-9/h2-5H,6H2,1H3,(H,12,13,14,15)",0.341550410171875
"InChI=1S/C10H10N4O2S/c1-6-5-7(12-9(11-6)17-2)14-4-3-8(15)13-10(14)16/h3-5H,1-2H3,(H,13,15,16)",0.341385024392963
"InChI=1S/C10H10N4O2S/c1-7-11-10(17-2)12-13(7)8-3-5-9(6-4-8)14(15)16/h3-6H,1-2H3",0.340719205303246
"InChI=1S/C10H10N4O2S/c1-6(15)11-7-3-2-4-8(5-7)14-9(16)12-13-10(14)17/h2-5H,1H3,(H,11,15)(H,12,16)(H,13,17)",0.339859490611505
"InChI=1S/C10H10N4O2S/c1-6(15)11-7-2-4-8(5-3-7)14-9(16)12-13-10(14)17/h2-5H,1H3,(H,11,15)(H,12,16)(H,13,17)",0.339628025339922
"InChI=1S/C10H10N4O2S/c15-14(16)9-1-3-10(4-2-9)17-6-5-13-8-11-7-12-13/h1-4,7-8H,5-6H2",0.337833311708944
"InChI=1S/C10H10N4O2S/c1-17-7-4-2-6(3-5-7)12-10(15)8-9(11)14-16-13-8/h2-5H,1H3,(H2,11,14)(H,12,15)",0.337773097824729
"InChI=1S/C10H10N4O2S/c1-17-9-12-8(15)13(10(16)14(9)11)7-5-3-2-4-6-7/h2-6H,11H2,1H3",0.337749038944874
"InChI=1S/C10H10N4O2S/c1-7-13-8(6-17-7)4-11-10-3-2-9(5-12-10)14(15)16/h2-3,5-6H,4H2,1H3,(H,11,12)",0.335907009145416
"InChI=1S/C10H10N4O2S/c15-14(16)9-2-1-8(7-13-9)11-4-3-10-12-5-6-17-10/h1-2,5-7,11H,3-4H2",0.335666113557556
"InChI=1S/C10H10N4O2S/c1-5-3-6(2)12-9(11-5)14-4-7(8(15)17)13-10(14)16/h3-4H,1-2H3,(H,13,16)(H,15,17)",0.33554225133004
"InChI=1S/C10H10N4O2S/c1-6-9(12-10(13-11)17-6)7-3-2-4-8(5-7)14(15)16/h2-5H,11H2,1H3,(H,12,13)",0.335522307513363
"InChI=1S/C10H10N4O2S/c15-14(16)9-1-3-10(4-2-9)17-6-5-13-7-11-12-8-13/h1-4,7-8H,5-6H2",0.334020047314114
"InChI=1S/C10H10N4O2S/c11-8(15)5-9(16)14-17-10-12-6-3-1-2-4-7(6)13-10/h1-4H,5H2,(H2,11,15)(H,12,13)(H,14,16)",0.333891162697322
"InChI=1S/C10H10N4O2S/c1-2-9-11-10(17)12-13(9)7-3-5-8(6-4-7)14(15)16/h3-6H,2H2,1H3,(H,12,17)",0.333614731747573
"InChI=1S/C10H10N4O2S/c15-14(16)9-5-12-10(13-6-9)11-3-1-8-2-4-17-7-8/h2,4-7H,1,3H2,(H,11,12,13)",0.333307991271392
"InChI=1S/C10H10N4O2S/c1-5(15)11-10(17)12-6-2-3-7-8(4-6)14-9(16)13-7/h2-4H,1H3,(H2,13,14,16)(H2,11,12,15,17)",0.333094031621975
"InChI=1S/C10H10N4O2S/c1-16-14-9(15)8-6-17-10(13-8)12-7-3-2-4-11-5-7/h2-6H,1H3,(H,12,13)(H,14,15)",0.333084458924281
"InChI=1S/C10H10N4O2S/c1-5-4-13-10(17-5)14-8-7(11)6(9(15)16)2-3-12-8/h2-4H,11H2,1H3,(H,15,16)(H,12,13,14)",0.332843583594774
"InChI=1S/C10H10N4O2S/c15-14(16)10-2-1-8(5-12-10)11-4-3-9-6-17-7-13-9/h1-2,5-7,11H,3-4H2",0.332548202971456
"InChI=1S/C10H10N4O2S/c1-6-7(10(15)16)4-13-14(6)8-3-9(17-2)12-5-11-8/h3-5H,1-2H3,(H,15,16)",0.332346771860379
"InChI=1S/C10H10N4O2S/c1-16-8-5-7(11-6-12-8)13-10(15)14-9-3-2-4-17-9/h2-6H,1H3,(H2,11,12,13,14,15)",0.332174319917163
"InChI=1S/C10H10N4O2S/c1-7-11-10(13-12-7)17-6-8-2-4-9(5-3-8)14(15)16/h2-5H,6H2,1H3,(H,11,12,13)",0.331129654084232
"InChI=1S/C10H10N4O2S/c11-13-9(15)8-7(2-5-17-8)6-14-4-1-3-12-10(14)16/h1-5H,6,11H2,(H,13,15)",0.330896415093906
"InChI=1S/C10H10N4O2S/c15-17(16,14-10-11-8-12-13-10)7-6-9-4-2-1-3-5-9/h1-8H,(H2,11,12,13,14)",0.330825831327128
"InChI=1S/C10H10N4O2S/c1-6-11-3-2-7(14-6)4-12-9-8(10(15)16)13-5-17-9/h2-3,5,12H,4H2,1H3,(H,15,16)",0.330663813682226
"InChI=1S/C10H10N4O2S/c1-8(15)7-17(16)10-11-12-13-14(10)9-5-3-2-4-6-9/h2-6H,7H2,1H3",0.330628299818209
"InChI=1S/C10H10N4O2S/c11-9(15)7-8(14-17-10(7)12)5-2-1-3-6(4-5)13-16/h1-4,13,16H,12H2,(H2,11,15)",0.330217640513265
"InChI=1S/C10H10N4O2S/c1-5-3-7(15)13-9(11-5)17-10-12-6(2)4-8(16)14-10/h3-4H,1-2H3,(H,11,13,15)(H,12,14,16)",0.330122396245804
"InChI=1S/C10H10N4O2S/c1-5-4-17-10(13-5)14-8-7(11)6(9(15)16)2-3-12-8/h2-4H,11H2,1H3,(H,15,16)(H,12,13,14)",0.329986174392696
"InChI=1S/C10H10N4O2S/c1-7-5-8(17-6-9(15)16)14(13-7)10-11-3-2-4-12-10/h2-5H,6H2,1H3,(H,15,16)",0.329950284562312
"InChI=1S/C10H10N4O2S/c1-6-7(9(15)16)8(14(2)13-6)17-10-11-4-3-5-12-10/h3-5H,1-2H3,(H,15,16)",0.329827779906004
"InChI=1S/C10H10N4O2S/c1-7-10(14-16-13-7)12-8(15)6-17-9-4-2-3-5-11-9/h2-5H,6H2,1H3,(H,12,14,15)",0.329443701135636
"InChI=1S/C10H10N4O2S/c1-7-13-14-10(16-7)17-6-9(15)12-8-4-2-3-5-11-8/h2-5H,6H2,1H3,(H,11,12,15)",0.329196100227479
"InChI=1S/C10H10N4O2S/c1-7-12-13-10(17-6-9(15)16)14(7)8-3-2-4-11-5-8/h2-5H,6H2,1H3,(H,15,16)",0.328969229162869
"InChI=1S/C10H10N4O2S/c1-7-9(14(15)16)10(13(2)12-7)17-8-5-3-4-6-11-8/h3-6H,1-2H3",0.328658031357241
"InChI=1S/C10H10N4O2S/c1-6-2-3-11-10(13-6)12-4-8-14-7(5-17-8)9(15)16/h2-3,5H,4H2,1H3,(H,15,16)(H,11,12,13)",0.32842660199053
"InChI=1S/C10H10N4O2S/c1-6-8(10(15)16)9(14(2)13-6)17-7-3-4-11-5-12-7/h3-5H,1-2H3,(H,15,16)",0.328248727124254
"InChI=1S/C10H10N4O2S/c1-5-13-14-10(16-5)17-6-2-3-8(11)7(4-6)9(12)15/h2-4H,11H2,1H3,(H2,12,15)",0.328120577803472
"InChI=1S/C10H10N4O2S/c15-14(16)8-1-2-9(13-7-8)11-4-3-10-12-5-6-17-10/h1-2,5-7H,3-4H2,(H,11,13)",0.327837569823447
"InChI=1S/C10H10N4O2S/c1-7-5-8(17-6-9(15)16)13-10(12-7)14-4-2-3-11-14/h2-5H,6H2,1H3,(H,15,16)",0.327749634724297
"InChI=1S/C10H10N4O2S/c1-5-3-6(2)12-9(11-5)14-10-13-7(4-17-10)8(15)16/h3-4H,1-2H3,(H,15,16)(H,11,12,13,14)",0.327270053260487
"InChI=1S/C10H10N4O2S/c1-14-10(12-8(15)9(16)13-14)17-6-7-2-4-11-5-3-7/h2-5H,6H2,1H3,(H,13,16)",0.327241957792664
"InChI=1S/C10H10N4O2S/c1-14-8(3-5-12-14)7-2-4-11-10(13-7)17-6-9(15)16/h2-5H,6H2,1H3,(H,15,16)",0.326656080388611
"InChI=1S/C10H10N4O2S/c1-5-13-14-10(16-5)17-8-3-2-6(11)4-7(8)9(12)15/h2-4H,11H2,1H3,(H2,12,15)",0.326418419984967
"InChI=1S/C10H10N4O2S/c1-3-13-8-4-5-12-14(8)9(15)7(6-11)10(13)17(2)16/h4-5H,3H2,1-2H3",0.325079322322196
"InChI=1S/C10H10N4O2S/c11-8(15)7(9(12)16)17-10-13-5-3-1-2-4-6(5)14-10/h1-4,7H,(H2,11,15)(H2,12,16)(H,13,14)",0.325051635827713
"InChI=1S/C10H10N4O2S/c1-13-10(17-2)11-9(12-13)7-3-5-8(6-4-7)14(15)16/h3-6H,1-2H3",0.324898563932115
"InChI=1S/C10H10N4O2S/c11-9(16)14-8(15)5-17-10-12-6-3-1-2-4-7(6)13-10/h1-4H,5H2,(H,12,13)(H3,11,14,15,16)",0.324753469246233
"InChI=1S/C10H10N4O2S/c15-14(16)9-1-2-10(12-5-9)11-4-3-8-6-17-7-13-8/h1-2,5-7H,3-4H2,(H,11,12)",0.32464150069312
"InChI=1S/C10H10N4O2S/c1-6-7(5-15)9(14(2)13-6)17-10-11-4-3-8(16)12-10/h3-5H,1-2H3,(H,11,12,16)",0.323808482059012
"InChI=1S/C10H10N4O2S/c1-5-12-10(14-13-5)17-6-2-3-8(11)7(4-6)9(15)16/h2-4H,11H2,1H3,(H,15,16)(H,12,13,14)",0.323535621745027
"InChI=1S/C10H10N4O2S/c1-7-5-9(16-14-7)13-8(15)6-17-10-11-3-2-4-12-10/h2-5H,6H2,1H3,(H,13,15)",0.323168439950357
"InChI=1S/C10H10N4O2S/c15-14(16)9-2-4-12-10(5-9)11-3-1-8-6-17-7-13-8/h2,4-7H,1,3H2,(H,11,12)",0.323033690167133
"InChI=1S/C10H10N4O2S/c1-7-2-9(14(15)16)4-12-10(7)11-3-8-5-17-6-13-8/h2,4-6H,3H2,1H3,(H,11,12)",0.322882381066224
"InChI=1S/C10H10N4O2S/c1-6-5-11-10(17-6)12-9(16)7-3-4-8(15)14(2)13-7/h3-5H,1-2H3,(H,11,12,16)",0.322635553143583
"InChI=1S/C10H10N4O2S/c1-5-13-14-10(16-5)17-8-3-2-6(9(12)15)4-7(8)11/h2-4H,11H2,1H3,(H2,12,15)",0.322006928411242
"InChI=1S/C10H10N4O2S/c1-5-12-10(14-13-5)17-8-3-2-6(11)4-7(8)9(15)16/h2-4H,11H2,1H3,(H,15,16)(H,12,13,14)",0.321914810375198
"InChI=1S/C10H10N4O2S/c1-7-2-3-11-4-8(7)14-6-12-13-10(14)17-5-9(15)16/h2-4,6H,5H2,1H3,(H,15,16)",0.321214862283792
"InChI=1S/C10H10N4O2S/c1-2-17-9-5-8(11-6-12-9)14-4-3-7(13-14)10(15)16/h3-6H,2H2,1H3,(H,15,16)",0.321153117924501
"InChI=1S/C10H10N4O2S/c1-12-9(11-13(2)10(12)17)7-3-5-8(6-4-7)14(15)16/h3-6H,1-2H3",0.320704276306659
"InChI=1S/C10H10N4O2S/c1-6-2-3-11-9(12-6)14-10-13-7(5-17-10)4-8(15)16/h2-3,5H,4H2,1H3,(H,15,16)(H,11,12,13,14)",0.320680576822162
"InChI=1S/C10H10N4O2S/c1-13-9(11-12-10(13)17-2)7-3-5-8(6-4-7)14(15)16/h3-6H,1-2H3",0.320340568870041
"InChI=1S/C10H10N4O2S/c1-13-6-8(4-12-13)7-17-10-3-2-9(5-11-10)14(15)16/h2-6H,7H2,1H3",0.320230934945424
"InChI=1S/C10H10N4O2S/c1-14-5-12-13-10(14)17-6-2-3-8(11)7(4-6)9(15)16/h2-5H,11H2,1H3,(H,15,16)",0.320038040883597
"InChI=1S/C10H10N4O2S/c1-7-4-9(16)14(6-12-7)5-8(15)13-10-11-2-3-17-10/h2-4,6H,5H2,1H3,(H,11,13,15)",0.319002954581248
"InChI=1S/C10H10N4O2S/c1-6-5-17-8(13-6)7-3-11-9(12-4-7)14-10(15)16-2/h3-5H,1-2H3,(H,11,12,14,15)",0.318930521398303
"InChI=1S/C10H10N4O2S/c1-13-7(15)6-8(14(2)10(13)16)17-9-11-4-3-5-12-9/h3-6H,1-2H3",0.318308528004043
"InChI=1S/C10H10N4O2S/c1-7-5-8(14-16-7)13-9(15)6-17-10-11-3-2-4-12-10/h2-5H,6H2,1H3,(H,13,14,15)",0.318251843174973
"InChI=1S/C10H10N4O2S/c1-5-12-10(14-13-5)17-8-3-2-6(9(15)16)4-7(8)11/h2-4H,11H2,1H3,(H,15,16)(H,12,13,14)",0.318218364092426
"InChI=1S/C10H10N4O2S/c1-6-5-8(14-13-6)11-10(16)12-9(15)7-3-2-4-17-7/h2-5H,1H3,(H3,11,12,13,14,15,16)",0.318181969581993
"InChI=1S/C10H10N4O2S/c11-14-9(16)5-8(15)13-10-12-6-3-1-2-4-7(6)17-10/h1-4H,5,11H2,(H,14,16)(H,12,13,15)",0.31811199281497
"InChI=1S/C10H10N4O2S/c1-13-9(11-12-10(13)17-2)7-4-3-5-8(6-7)14(15)16/h3-6H,1-2H3",0.318105687609724
"InChI=1S/C10H10N4O2S/c1-14-5-12-13-10(14)17-8-3-2-6(11)4-7(8)9(15)16/h2-5H,11H2,1H3,(H,15,16)",0.317967514970563
"InChI=1S/C10H10N4O2S/c1-6-4-10-8-3-2-7(17(11,15)16)5-9(8)13-14(10)12-6/h2-5,8H,1H3,(H2,11,15,16)",0.317963849553564
"InChI=1S/C10H10N4O2S/c1-14(2)17(15,16)8-5-3-4-7-10(8)13-9(6-11)12-7/h3-5,9H,1-2H3",0.317759128794672
"InChI=1S/C10H10N4O2S/c1-6-2-8(13-5-12-6)11-3-9-14-7(4-17-9)10(15)16/h2,4-5H,3H2,1H3,(H,15,16)(H,11,12,13)",0.31771248368642
"InChI=1S/C10H10N4O2S/c1-14-5-7(4-12-14)8-2-3-11-10(13-8)17-6-9(15)16/h2-5H,6H2,1H3,(H,15,16)",0.31752501421702
"InChI=1S/C10H10N4O2S/c1-13-9(11-12-10(13)17-2)7-5-3-4-6-8(7)14(15)16/h3-6H,1-2H3",0.31747621801723
"InChI=1S/C10H10N4O2S/c1-6-2-3-7(4-9(6)14(15)16)8-5-17-10(12-8)13-11/h2-5H,11H2,1H3,(H,12,13)",0.317300495191172
"InChI=1S/C10H10N4O2S/c11-13-10(16)9-7(2-4-17-9)5-14-6-12-3-1-8(14)15/h1-4,6H,5,11H2,(H,13,16)",0.317264774695394
"InChI=1S/C10H10N4O2S/c1-7-8(12-10(15)16)3-2-4-9(7)17-14-6-5-11-13-14/h2-6,12H,1H3,(H,15,16)",0.317034087820856
"InChI=1S/C10H10N4O2S/c11-8(15)5-4-6(7-2-1-3-17-7)13-9(5)14-10(12)16/h1-4,13H,(H2,11,15)(H3,12,14,16)",0.316954862827631
"InChI=1S/C10H10N4O2S/c1-14-5-6(4-13-14)17-9-8(11)7(10(15)16)2-3-12-9/h2-5H,11H2,1H3,(H,15,16)",0.316405184952016
"InChI=1S/C10H10N4O2S/c1-6(13-8-2-3-11-5-12-8)9-14-7(4-17-9)10(15)16/h2-6H,1H3,(H,15,16)(H,11,12,13)",0.31635398734622
"InChI=1S/C10H10N4O2S/c1-7-12-10(17-13-7)11-6-8-3-2-4-9(5-8)14(15)16/h2-5H,6H2,1H3,(H,11,12,13)",0.316286718953384
"InChI=1S/C10H10N4O2S/c1-2-11-10-12-9(13-17-10)7-4-3-5-8(6-7)14(15)16/h3-6H,2H2,1H3,(H,11,12,13)",0.315876463278977
"InChI=1S/C10H10N4O2S/c1-7-12-10(17-13-7)11-6-8-2-4-9(5-3-8)14(15)16/h2-5H,6H2,1H3,(H,11,12,13)",0.315758159464223
"InChI=1S/C10H10N4O2S/c1-2-11-10-12-9(13-17-10)7-5-3-4-6-8(7)14(15)16/h3-6H,2H2,1H3,(H,11,12,13)",0.31565115365676
"InChI=1S/C10H10N4O2S/c1-5(15)8-4-17-10(13-8)14-9(16)7-2-6(11)3-12-7/h2-4,12H,11H2,1H3,(H,13,14,16)",0.315468230869941
"InChI=1S/C10H10N4O2S/c1-5-3-6(2)13-9(12-5)11-4-7-8(15)17-10(16)14-7/h3-4H,1-2H3,(H,14,16)(H,11,12,13)",0.315343336983655
"InChI=1S/C10H10N4O2S/c1-7-2-3-11-9(13-7)16-6-8(15)14-10-12-4-5-17-10/h2-5H,6H2,1H3,(H,12,14,15)",0.315338366402712
"InChI=1S/C10H10N4O2S/c1-7-12-10(17-13-7)11-6-8-4-2-3-5-9(8)14(15)16/h2-5H,6H2,1H3,(H,11,12,13)",0.315208458613058
"InChI=1S/C10H10N4O2S/c11-7-1-2-9(16)14(5-7)6-8(15)13-10-12-3-4-17-10/h1-5H,6,11H2,(H,12,13,15)",0.315100507090351
"InChI=1S/C10H10N4O2S/c1-16-8-4-5-11-10(12-8)14-13-9(15)7-3-2-6-17-7/h2-6H,1H3,(H,13,15)(H,11,12,14)",0.314824454343691
"InChI=1S/C10H10N4O2S/c1-14-5-12-13-10(14)17-8-3-2-6(9(15)16)4-7(8)11/h2-5H,11H2,1H3,(H,15,16)",0.314226368905449
"InChI=1S/C10H10N4O2S/c1-6-12-13-10(14(6)2)17-8-5-7(9(15)16)3-4-11-8/h3-5H,1-2H3,(H,15,16)",0.314025294589274
"InChI=1S/C10H10N4O2S/c1-2-11-10-12-9(13-17-10)7-3-5-8(6-4-7)14(15)16/h3-6H,2H2,1H3,(H,11,12,13)",0.313640916268159
"InChI=1S/C10H10N4O2S/c1-5-13-14-10(16-5)17-8-4-6(9(12)15)2-3-7(8)11/h2-4H,11H2,1H3,(H2,12,15)",0.313582638876918
"InChI=1S/C10H10N4O2S/c1-16-14(8-5-3-2-4-6-8)10(15)12-9-7-11-13-17-9/h2-7H,1H3,(H,12,15)",0.313168718682479
"InChI=1S/C10H10N4O2S/c1-6(13-10-11-3-2-4-12-10)8-14-7(5-17-8)9(15)16/h2-6H,1H3,(H,15,16)(H,11,12,13)",0.312992045452036
"InChI=1S/C10H10N4O2S/c11-8(15)6-3-7(5-1-2-17-4-5)13-9(6)14-10(12)16/h1-4,13H,(H2,11,15)(H3,12,14,16)",0.312927505428046
"InChI=1S/C10H10N4O2S/c1-2-14-8(15)4-3-7(13-14)9(16)12-10-11-5-6-17-10/h3-6H,2H2,1H3,(H,11,12,16)",0.312911547716024
"InChI=1S/C10H10N4O2S/c1-7-10(17-6-13-7)5-12-8-2-3-11-4-9(8)14(15)16/h2-4,6H,5H2,1H3,(H,11,12)",0.312823123433461
"InChI=1S/C10H10N4O2S/c11-13-9(15)8-3-2-7(17-8)6-14-5-1-4-12-10(14)16/h1-5H,6,11H2,(H,13,15)",0.312711194233886
"InChI=1S/C10H10N4O2S/c1-7(15)16-17-10-13-12-9(14(10)2)8-4-3-5-11-6-8/h3-6H,1-2H3",0.312493454491023
"InChI=1S/C10H10N4O2S/c1-6-11-3-2-8(13-6)12-4-9-14-7(5-17-9)10(15)16/h2-3,5H,4H2,1H3,(H,15,16)(H,11,12,13)",0.312431205252011
"InChI=1S/C10H10N4O2S/c1-7-12-4-8(17-7)5-13-9-2-3-11-6-10(9)14(15)16/h2-4,6H,5H2,1H3,(H,11,13)",0.312429983102927
"InChI=1S/C10H10N4O2S/c1-2-13-9(11-12-10(13)17)7-3-5-8(6-4-7)14(15)16/h3-6H,2H2,1H3,(H,12,17)",0.312398131378165
"InChI=1S/C10H10N4O2S/c1-17-10-8(9(11)12-13-10)6-2-4-7(5-3-6)14(15)16/h2-5H,1H3,(H3,11,12,13)",0.312375470810305
"InChI=1S/C10H10N4O2S/c15-3-1-2-4-17-10-8-9(11-5-12-10)14(7-16)6-13-8/h5-6,15-16H,3-4,7H2",0.312080546322464
"InChI=1S/C10H10N4O2S/c11-8-5-7(14(15)16)1-2-9(8)13-6-10-12-3-4-17-10/h1-5,13H,6,11H2",0.311637722355158
"InChI=1S/C10H10N4O2S/c11-8-6(10(15)16)1-2-13-9(8)14-5-7-12-3-4-17-7/h1-4H,5,11H2,(H,13,14)(H,15,16)",0.311624721547518
"InChI=1S/C10H10N4O2S/c1-6-12-13-10(14(6)2)17-8-4-3-7(5-11-8)9(15)16/h3-5H,1-2H3,(H,15,16)",0.311573408768784
"InChI=1S/C10H10N4O2S/c1-14-9(7-4-2-3-5-11-7)12-13-10(14)17-6-8(15)16/h2-5H,6H2,1H3,(H,15,16)",0.311529742626795
"InChI=1S/C10H10N4O2S/c1-17-10-11-9(12-13-10)6-7-4-2-3-5-8(7)14(15)16/h2-5H,6H2,1H3,(H,11,12,13)",0.310854358950416
"InChI=1S/C10H10N4O2S/c1-5(15)12-10-13-7-3-2-6(9(16)14-11)4-8(7)17-10/h2-4H,11H2,1H3,(H,14,16)(H,12,13,15)",0.31059368888645
"InChI=1S/C10H10N4O2S/c1-12-4-5-13-9-6-7(14(15)16)2-3-8(9)11-10(13)17-12/h2-3,6H,4-5H2,1H3",0.310504178101929
"InChI=1S/C10H10N4O2S/c1-12-4-5-13-9-3-2-7(14(15)16)6-8(9)11-10(13)17-12/h2-3,6H,4-5H2,1H3",0.310504178101929
"InChI=1S/C10H10N4O2S/c1-6-2-3-7(4-11-6)9-12-10(14-13-9)17-5-8(15)16/h2-4H,5H2,1H3,(H,15,16)(H,12,13,14)",0.310350894906329
"InChI=1S/C10H10N4O2S/c1-2-16-10(15)8-9(17-14-13-8)12-7-5-3-4-6-11-7/h3-6H,2H2,1H3,(H,11,12)",0.310324960829337
"InChI=1S/C10H10N4O2S/c1-2-13-9(11-12-10(13)17)7-4-3-5-8(6-7)14(15)16/h3-6H,2H2,1H3,(H,12,17)",0.310249818456146
"InChI=1S/C10H10N4O2S/c1-5-13-14-10(16-5)17-8-4-6(11)2-3-7(8)9(12)15/h2-4H,11H2,1H3,(H2,12,15)",0.310156689334471
"InChI=1S/C10H10N4O2S/c1-4-7(10(15)16)17-9(13-4)6-3-12-5(2)14-8(6)11/h3H,1-2H3,(H,15,16)(H2,11,12,14)",0.310037913294918
"InChI=1S/C10H10N4O2S/c1-6-2-11-10(12-3-6)13-4-8-14-7(5-17-8)9(15)16/h2-3,5H,4H2,1H3,(H,15,16)(H,11,12,13)",0.30999837372212
"InChI=1S/C10H10N4O2S/c1-6-3-2-4-11-8(6)9-12-10(14-13-9)17-5-7(15)16/h2-4H,5H2,1H3,(H,15,16)(H,12,13,14)",0.309941137815978
"InChI=1S/C10H10N4O2S/c1-6-5-17-10(11-6)12-9(16)7-3-4-8(15)14(2)13-7/h3-5H,1-2H3,(H,11,12,16)",0.30963507713469
"InChI=1S/C10H10N4O2S/c1-13-7-11-12-10(13)17-6-8-3-2-4-9(5-8)14(15)16/h2-5,7H,6H2,1H3",0.309456206108121
"InChI=1S/C10H10N4O2S/c1-13-7-11-12-10(13)17-6-8-2-4-9(5-3-8)14(15)16/h2-5,7H,6H2,1H3",0.309203326963525
"InChI=1S/C10H10N4O2S/c1-14-8(12-6-13-14)5-17-9-4-7(10(15)16)2-3-11-9/h2-4,6H,5H2,1H3,(H,15,16)",0.30909380959061
"InChI=1S/C10H10N4O2S/c1-7-13-8(6-17-7)4-12-9-2-3-11-5-10(9)14(15)16/h2-3,5-6H,4H2,1H3,(H,11,12)",0.309056697281542
"InChI=1S/C10H10N4O2S/c11-8-7(10(15)16)1-2-12-9(8)13-3-6-4-17-5-14-6/h1-2,4-5H,3,11H2,(H,12,13)(H,15,16)",0.308918341604126
"InChI=1S/C10H10N4O2S/c1-6-12-13-10(14(6)2)17-7-3-4-11-8(5-7)9(15)16/h3-5H,1-2H3,(H,15,16)",0.30862667646322
"InChI=1S/C10H10N4O2S/c1-2-8-12-13-10(17-8)11-9(15)7-5-3-4-6-14(7)16/h3-6H,2H2,1H3,(H,11,13,15)",0.308387510006599
"InChI=1S/C10H10N4O2S/c1-7(10-12-4-5-17-10)13-8-2-3-11-6-9(8)14(15)16/h2-7H,1H3,(H,11,13)",0.308385874297413
"InChI=1S/C10H10N4O2S/c1-6-8(17-5-13-6)3-12-9-4-11-2-7(14-9)10(15)16/h2,4-5H,3H2,1H3,(H,12,14)(H,15,16)",0.308327629207786
"InChI=1S/C10H10N4O2S/c1-6(15)12-9-3-2-7(17-9)10(16)13-8-4-5-11-14-8/h2-5H,1H3,(H,12,15)(H2,11,13,14,16)",0.308306592676282
"InChI=1S/C10H10N4O2S/c11-14-8(15)5-17-10-12-7-4-2-1-3-6(7)9(16)13-10/h1-4H,5,11H2,(H,14,15)(H,12,13,16)",0.308247343065817
"InChI=1S/C10H10N4O2S/c1-6-12-13-10(14(6)2)17-8-7(9(15)16)4-3-5-11-8/h3-5H,1-2H3,(H,15,16)",0.308164833856425
"InChI=1S/C10H10N4O2S/c11-13-10(16)8-2-1-7(17-8)5-14-6-12-4-3-9(14)15/h1-4,6H,5,11H2,(H,13,16)",0.308152844867892
"InChI=1S/C10H10N4O2S/c1-13-9(6-17-10(13)12-11)7-2-4-8(5-3-7)14(15)16/h2-6H,11H2,1H3",0.307923338028412
"InChI=1S/C10H10N4O2S/c1-17-9-4-2-8(3-5-9)6-13-7-11-10(12-13)14(15)16/h2-5,7H,6H2,1H3",0.30785306345236
"InChI=1S/C10H10N4O2S/c1-7-6-17-10(13-7)5-12-8-2-3-11-4-9(8)14(15)16/h2-4,6H,5H2,1H3,(H,11,12)",0.307780171837085
"InChI=1S/C10H10N4O2S/c15-8-4-2-1-3-7(8)13-9(16)5-17-10-11-6-12-14-10/h1-4,6,15H,5H2,(H,13,16)(H,11,12,14)",0.307552519595839
"InChI=1S/C10H10N4O2S/c11-9-3-8(14(15)16)1-2-10(9)12-4-7-5-17-6-13-7/h1-3,5-6,12H,4,11H2",0.307361778126069
"InChI=1S/C10H10N4O2S/c1-14-8(12-6-13-14)5-17-9-3-2-7(4-11-9)10(15)16/h2-4,6H,5H2,1H3,(H,15,16)",0.307122487327379
"InChI=1S/C10H10N4O2S/c1-13-7-11-12-10(13)17-6-8-4-2-3-5-9(8)14(15)16/h2-5,7H,6H2,1H3",0.306056146047304
"InChI=1S/C10H10N4O2S/c1-6-3-4-7(5-8(6)14(15)16)9-11-12-10(17)13(9)2/h3-5H,1-2H3,(H,12,17)",0.305701320474119
"InChI=1S/C10H10N4O2S/c1-4-5-17-9-11-6-7(12-9)13(2)10(16)14(3)8(6)15/h1H,5H2,2-3H3,(H,11,12)",0.305690563364649
"InChI=1S/C10H10N4O2S/c1-13-9(6-17-10(13)12-11)7-3-2-4-8(5-7)14(15)16/h2-6H,11H2,1H3",0.305646796069819
"InChI=1S/C10H10N4O2S/c1-12-7-3-2-6(4-9(7)14(15)16)8-5-17-10(11)13-8/h2-5,12H,1H3,(H2,11,13)",0.305622387830063
"InChI=1S/C10H10N4O2S/c15-9(16)6-17-10-13-12-7-14(10)5-8-3-1-2-4-11-8/h1-4,7H,5-6H2,(H,15,16)",0.305258344662815
"InChI=1S/C10H10N4O2S/c1-6-3-4-11-9(13-6)12-5-7-8(15)17-10(14-7)16-2/h3-5H,1-2H3,(H,11,12,13)",0.305131761345735
"InChI=1S/C10H10N4O2S/c1-17-10-13-5-7(8(15)14-10)2-6-3-11-9(16)12-4-6/h3-5H,2H2,1H3,(H,11,12,16)(H,13,14,15)",0.304921219068359
"InChI=1S/C10H10N4O2S/c11-9-12-13-10(17-6-8(15)16)14(9)7-4-2-1-3-5-7/h1-5H,6H2,(H2,11,12)(H,15,16)",0.304870969214097
"InChI=1S/C10H10N4O2S/c1-6(15)8-5-17-10(13-8)14-9(16)7-4-11-2-3-12-7/h2-6,15H,1H3,(H,13,14,16)",0.304856695373597
"InChI=1S/C10H10N4O2S/c1-5-12-10(14-13-5)17-8-4-6(11)2-3-7(8)9(15)16/h2-4H,11H2,1H3,(H,15,16)(H,12,13,14)",0.304384341453949
"InChI=1S/C10H10N4O2S/c1-7-4-12-14(5-7)8-2-3-11-10(13-8)17-6-9(15)16/h2-5H,6H2,1H3,(H,15,16)",0.303973711458915
"InChI=1S/C10H10N4O2S/c1-5-12-3-7(9(11)13-5)10-14-6(4-17-10)2-8(15)16/h3-4H,2H2,1H3,(H,15,16)(H2,11,12,13)",0.30392532832564
"InChI=1S/C10H10N4O2S/c1-5-6(2)17-10(11-5)12-8-4-3-7(9(15)16)13-14-8/h3-4H,1-2H3,(H,15,16)(H,11,12,14)",0.303909297941724
"InChI=1S/C10H10N4O2S/c1-14-8(12-6-13-14)5-17-9-7(10(15)16)3-2-4-11-9/h2-4,6H,5H2,1H3,(H,15,16)",0.303844035800986
"InChI=1S/C10H10N4O2S/c1-6(15)13-8-3-2-7(17-8)9(16)14-10-11-4-5-12-10/h2-5H,1H3,(H,13,15)(H2,11,12,14,16)",0.303615605779166
"InChI=1S/C10H10N4O2S/c1-7-2-3-9(16)14(13-7)6-8(15)12-10-11-4-5-17-10/h2-5H,6H2,1H3,(H,11,12,15)",0.303603602964414
"InChI=1S/C10H10N4O2S/c15-9(16)7-6-17-8(14-7)2-5-13-10-11-3-1-4-12-10/h1,3-4,6H,2,5H2,(H,15,16)(H,11,12,13)",0.303244970374136
"InChI=1S/C10H10N4O2S/c1-5-3-7(4-11-14-5)13-9-8(10(15)16)12-6(2)17-9/h3-4H,1-2H3,(H,13,14)(H,15,16)",0.302565308230934
"InChI=1S/C10H10N4O2S/c1-6-3-2-4-7(11-6)9-12-10(14-13-9)17-5-8(15)16/h2-4H,5H2,1H3,(H,15,16)(H,12,13,14)",0.302555122445358
"InChI=1S/C10H10N4O2S/c1-6-3-4-7(14(15)16)5-8(6)9-12-10(11-2)17-13-9/h3-5H,1-2H3,(H,11,12,13)",0.30246700253694
"InChI=1S/C10H10N4O2S/c1-5-3-4-7(9(15)16)8(11-5)17-10-12-6(2)13-14-10/h3-4H,1-2H3,(H,15,16)(H,12,13,14)",0.302382156399894
"InChI=1S/C10H10N4O2S/c1-6-11-2-7(17-6)3-13-9-5-12-8(4-14-9)10(15)16/h2,4-5H,3H2,1H3,(H,13,14)(H,15,16)",0.302313160630334
"InChI=1S/C10H10N4O2S/c1-6-12-2-7(17-6)3-13-9-5-11-4-8(14-9)10(15)16/h2,4-5H,3H2,1H3,(H,13,14)(H,15,16)",0.302313160630334
"InChI=1S/C10H10N4O2S/c1-6(15)9(17)10-11-12-13-14(10)7-2-4-8(16)5-3-7/h2-6,15-16H,1H3",0.302120316092914
"InChI=1S/C10H10N4O2S/c1-6-12-13-10(14(6)2)17-8-5-3-4-7(11-8)9(15)16/h3-5H,1-2H3,(H,15,16)",0.301837552522892
"InChI=1S/C10H10N4O2S/c1-6(15)7-5-17-10(12-7)13-9(16)8-3-4-11-14(8)2/h3-5H,1-2H3,(H,12,13,16)",0.301595335190943
"InChI=1S/C10H10N4O2S/c1-11-9(15)4-16-10-14-8(5-17-10)7-2-3-12-6-13-7/h2-3,5-6H,4H2,1H3,(H,11,15)",0.301564418399005
"InChI=1S/C10H10N4O2S/c1-11-9(15)5-16-10-13-4-8(17-10)7-2-3-12-6-14-7/h2-4,6H,5H2,1H3,(H,11,15)",0.301258575686663
"InChI=1S/C10H10N4O2S/c1-2-8-12-13-10(17-8)11-9(15)7-4-3-5-14(16)6-7/h3-6H,2H2,1H3,(H,11,13,15)",0.301170721363684
"InChI=1S/C10H10N4O2S/c11-8(15)5-17-10-13-7-4-2-1-3-6(7)9(16)14(10)12/h1-4H,5,12H2,(H2,11,15)",0.300653859442958
"InChI=1S/C10H10N4O2S/c1-6-3-4-11-10(13-6)14-8(17)7(5-12-14)9(15)16-2/h3-5,12H,1-2H3",0.300390973827749
"InChI=1S/C10H10N4O2S/c1-5-4-6(2)12-8(11-5)9-13-14(7(3)15)10(17)16-9/h4H,1-3H3",0.300295259413855
"InChI=1S/C10H10N4O2S/c1-14-9(7-3-2-4-11-5-7)12-13-10(14)17-6-8(15)16/h2-5H,6H2,1H3,(H,15,16)",0.300159799440467
"InChI=1S/C10H10N4O2S/c1-14-5-12-13-10(14)17-8-4-6(11)2-3-7(8)9(15)16/h2-5H,11H2,1H3,(H,15,16)",0.299834613006937
"InChI=1S/C10H10N4O2S/c1-2-3-4-5-14-7-6(17-10(14)16)8(15)13-9(11)12-7/h2,4H,5H2,1H3,(H3,11,12,13,15)",0.299778951048261
"InChI=1S/C10H10N4O2S/c1-12-10(16)14-8(15)6-17-9-4-7(5-11)2-3-13-9/h2-4H,6H2,1H3,(H2,12,14,15,16)",0.299560046969848
"InChI=1S/C10H10N4O2S/c1-2-3-4-5-14-7-6(17-10(14)16)8(15)13-9(11)12-7/h3,5H,2H2,1H3,(H3,11,12,13,15)",0.299109488882585
"InChI=1S/C10H10N4O2S/c15-9(16)6-17-10-12-8(13-14-10)5-7-1-3-11-4-2-7/h1-4H,5-6H2,(H,15,16)(H,12,13,14)",0.29870370096533
"InChI=1S/C10H10N4O2S/c15-14(16)9-7-11-3-1-8(9)12-4-2-10-13-5-6-17-10/h1,3,5-7H,2,4H2,(H,11,12)",0.298506934877998
"InChI=1S/C10H10N4O2S/c1-14-4-3-12-8(14)9(16)13-10-6(7(11)15)2-5-17-10/h2-5H,1H3,(H2,11,15)(H,13,16)",0.298212813561741
"InChI=1S/C10H10N4O2S/c1-6-2-7(4-11-3-6)9-12-10(14-13-9)17-5-8(15)16/h2-4H,5H2,1H3,(H,15,16)(H,12,13,14)",0.29817092533351
"InChI=1S/C10H10N4O2S/c1-4(2)12-9-5(3-11)6-7(17-9)8(15)14-10(16)13-6/h4,12H,1-2H3,(H2,13,14,15,16)",0.298118247611642
"InChI=1S/C10H10N4O2S/c1-5-6(2)17-10(11-5)12-9(16)7-3-4-8(15)14-13-7/h3-4H,1-2H3,(H,14,15)(H,11,12,16)",0.297988776886938
"InChI=1S/C10H10N4O2S/c1-6-12-10(14-13-6)17-5-7-3-2-4-11-8(7)9(15)16/h2-4H,5H2,1H3,(H,15,16)(H,12,13,14)",0.29798411447542
"InChI=1S/C10H10N4O2S/c1-16-9-11-4-7(5-12-9)6-14-3-2-8(15)13-10(14)17/h2-5H,6H2,1H3,(H,13,15,17)",0.297763492136829
"InChI=1S/C10H10N4O2S/c15-10(16)7-5-17-9(14-7)2-4-12-8-1-3-11-6-13-8/h1,3,5-6H,2,4H2,(H,15,16)(H,11,12,13)",0.297713946445603
"InChI=1S/C10H10N4O2S/c1-14-9(7-2-4-11-5-3-7)12-13-10(14)17-6-8(15)16/h2-5H,6H2,1H3,(H,15,16)",0.297623512543288
"InChI=1S/C10H10N4O2S/c11-6-3-7-12-13-10-8-4-1-2-5-9(8)17(15,16)14-10/h1-2,4-5,12H,3,7H2,(H,13,14)",0.297540924707619
"InChI=1S/C10H10N4O2S/c1-7-6-17-10(12-7)13-8(15)5-14-9(16)3-2-4-11-14/h2-4,6H,5H2,1H3,(H,12,13,15)",0.297409544805548
"InChI=1S/C10H10N4O2S/c1-6-5-7(3-4-8(6)14(15)16)9-11-12-10(17)13(9)2/h3-5H,1-2H3,(H,12,17)",0.297087377820149
"InChI=1S/C10H10N4O2S/c1-6-7(4-3-5-8(6)14(15)16)9-11-12-10(17)13(9)2/h3-5H,1-2H3,(H,12,17)",0.296381136027804
"InChI=1S/C10H10N4O2S/c1-2-8(15)14-5-3-7(13-14)9(16)12-10-11-4-6-17-10/h3-6H,2H2,1H3,(H,11,12,16)",0.295913215825245
"InChI=1S/C10H10N4O2S/c15-9(16)6-17-10-13-12-7-14(10)5-8-2-1-3-11-4-8/h1-4,7H,5-6H2,(H,15,16)",0.295619692952304
"InChI=1S/C10H10N4O2S/c1-2-4-13-8(15)7-6(3-5-17-7)14-9(13)11-12-10(14)16/h3,5H,2,4H2,1H3,(H,12,16)",0.29556839234414
"InChI=1S/C10H10N4O2S/c1-6-3-4-7(9(15)16)8(12-6)17-10-13-11-5-14(10)2/h3-5H,1-2H3,(H,15,16)",0.295472306235337
"InChI=1S/C10H10N4O2S/c1-5-6(2)17-10(12-5)14-8-4-11-3-7(13-8)9(15)16/h3-4H,1-2H3,(H,15,16)(H,12,13,14)",0.29524582289347
"InChI=1S/C10H10N4O2S/c1-6(2)9-12-13-10(17-9)8-7(14(15)16)4-3-5-11-8/h3-6H,1-2H3",0.295208671924148
"InChI=1S/C10H10N4O2S/c1-7(9(15)16)17-10-11-5-3-8(13-10)14-6-2-4-12-14/h2-7H,1H3,(H,15,16)",0.295126085514361
"InChI=1S/C10H10N4O2S/c1-6-5-9(12-10(11-6)17-2)16-8-4-3-7(15)13-14-8/h3-5H,1-2H3,(H,13,15)",0.294965481798156
"InChI=1S/C10H10N4O2S/c15-14(16)10-5-11-3-2-9(10)12-4-1-8-6-17-7-13-8/h2-3,5-7H,1,4H2,(H,11,12)",0.294928014404669
"InChI=1S/C10H10N4O2S/c1-6(12-13-10(15)14-16)9-11-7-4-2-3-5-8(7)17-9/h2-5,11-12H,1H3,(H,13,15)",0.294634032783493
"InChI=1S/C10H10N4O2S/c1-2-11-10-9(12-17-13-10)7-4-3-5-8(6-7)14(15)16/h3-6H,2H2,1H3,(H,11,13)",0.294330485313713
"InChI=1S/C10H10N4O2S/c1-13(10(15)16)8-4-2-3-5-9(8)17-14-7-6-11-12-14/h2-7H,1H3,(H,15,16)",0.294235730530636
"InChI=1S/C10H10N4O2S/c1-5-4-14-6-7(11-9(14)17-5)12(2)10(16)13(3)8(6)15/h4H,1-3H3",0.294196934167806
"InChI=1S/C10H10N4O2S/c1-13(2)6-11-10-12-8-4-3-7(14(15)16)5-9(8)17-10/h3-6H,1-2H3",0.293996672647526
"InChI=1S/C10H10N4O2S/c1-5-3-6(2)13-8(7(5)9(15)16)17-10-11-4-12-14-10/h3-4H,1-2H3,(H,15,16)(H,11,12,14)",0.292907201857879
"InChI=1S/C10H10N4O2S/c1-6-13-7(5-17-6)2-12-9-4-11-3-8(14-9)10(15)16/h3-5H,2H2,1H3,(H,12,14)(H,15,16)",0.292588216377365
"InChI=1S/C10H10N4O2S/c1-6-14-7(5-17-6)2-12-9-4-11-8(3-13-9)10(15)16/h3-5H,2H2,1H3,(H,12,13)(H,15,16)",0.292588216377365
"InChI=1S/C10H10N4O2S/c1-5(15)13-10-14-8(4-17-10)6-2-7(9(11)16)12-3-6/h2-4,12H,1H3,(H2,11,16)(H,13,14,15)",0.292336528947418
"InChI=1S/C10H10N4O2S/c15-9(16)6-17-10-13-12-7-14(10)5-8-1-3-11-4-2-8/h1-4,7H,5-6H2,(H,15,16)",0.292073021536906
"InChI=1S/C10H10N4O2S/c1-13(10(15)14(2)12-16)9-11-7-5-3-4-6-8(7)17-9/h3-6H,1-2H3",0.291884121455444
"InChI=1S/C10H10N4O2S/c1-5-7(3-11-14-5)9(16)13-10-12-8(4-17-10)6(2)15/h3-4H,1-2H3,(H,11,14)(H,12,13,16)",0.291805396210865
"InChI=1S/C10H10N4O2S/c11-8(15)5-4-7(6-2-1-3-13-6)17-9(5)14-10(12)16/h1-4,13H,(H2,11,15)(H3,12,14,16)",0.29174199488111
"InChI=1S/C10H10N4O2S/c1-5-2-3-6-7(4-5)17-10(12-6)13-8(15)9(16)14-11/h2-4H,11H2,1H3,(H,14,16)(H,12,13,15)",0.291571505886186
"InChI=1S/C10H10N4O2S/c1-7-3-5-8(6-4-7)17-10-11-9(14(15)16)12-13(10)2/h3-6H,1-2H3",0.291510401651489
"InChI=1S/C10H10N4O2S/c1-12-7-6(8(15)13(2)10(12)16)14-4-3-5-17-9(14)11-7/h3,5H,4H2,1-2H3",0.291463325451673
"InChI=1S/C10H10N4O2S/c1-5-3-4-7(8(15)11-5)9(16)12-10-14-13-6(2)17-10/h3-4H,1-2H3,(H,11,15)(H,12,14,16)",0.291449456405692
"InChI=1S/C10H10N4O2S/c1-4-5-14-6-7(11-9(14)17)12(2)10(16)13(3)8(6)15/h1H,5H2,2-3H3,(H,11,17)",0.291443192714073
"InChI=1S/C10H10N4O2S/c1-6-12-10(14-13-6)17-5-7-2-3-11-8(4-7)9(15)16/h2-4H,5H2,1H3,(H,15,16)(H,12,13,14)",0.291038966077021
"InChI=1S/C10H10N4O2S/c1-6(15)8-5-17-10(12-8)13-9(16)7-3-11-14(2)4-7/h3-5H,1-2H3,(H,12,13,16)",0.291020376698473
"InChI=1S/C10H10N4O2S/c1-14-4-6(2-3-8(14)15)12-9(16)7-5-17-10(11)13-7/h2-5H,1H3,(H2,11,13)(H,12,16)",0.290607695345876
"InChI=1S/C10H10N4O2S/c1-2-3-4-5-14-7-6(17-10(14)16)8(15)13-9(11)12-7/h2,5H2,1H3,(H3,11,12,13,15)",0.290448201954829
"InChI=1S/C10H10N4O2S/c1-2-8-13-14-10(17-8)12-9(16)6-3-4-7(15)11-5-6/h3-5H,2H2,1H3,(H,11,15)(H,12,14,16)",0.290262752783673
"InChI=1S/C10H10N4O2S/c1-6(2-7(15)16)3-17-10-8-9(12-4-11-8)13-5-14-10/h2,4-5H,3H2,1H3,(H,15,16)(H,11,12,13,14)",0.290039006351204
"InChI=1S/C10H10N4O2S/c1-5-4-17-9-11-7-6(14(5)9)8(15)13(3)10(16)12(7)2/h4H,1-3H3",0.289811089009755
"InChI=1S/C10H10N4O2S/c11-7-1-2-8(15)6(3-7)4-12-10(16)9-5-13-14-17-9/h1-3,5,15H,4,11H2,(H,12,16)",0.289406601456987
"InChI=1S/C10H10N4O2S/c1-6-12-13-10(16-6)17-8-4-2-7(3-5-8)9(11)14-15/h2-5,15H,1H3,(H2,11,14)",0.289167209312162
"InChI=1S/C10H10N4O2S/c11-5-3-7(5)13-6-1-2-8-9(12-4-17-8)10(6)14(15)16/h1-2,4-5,7,13H,3,11H2",0.289039642413586
"InChI=1S/C10H10N4O2S/c11-6-7-1-3-13-9(5-7)17-4-2-8(15)14-10(12)16/h1,3,5H,2,4H2,(H3,12,14,15,16)",0.28896100362465
"InChI=1S/C10H10N4O2S/c15-8-3-1-7(2-4-8)13-9(16)5-17-10-11-6-12-14-10/h1-4,6,15H,5H2,(H,13,16)(H,11,12,14)",0.288754958683285
"InChI=1S/C10H10N4O2S/c1-5-4-14-6-7(11-9(14)17-5)12(2)10(16)13(3)8(6)15/h1,4H2,2-3H3",0.288662389687753
"InChI=1S/C10H10N4O2S/c1-14(16-2)10(15)7-6-17-9(13-7)8-11-4-3-5-12-8/h3-6H,1-2H3",0.288522038599346
"InChI=1S/C10H10N4O2S/c1-2-3-12-9-5(4-11)6-7(17-9)8(15)14-10(16)13-6/h12H,2-3H2,1H3,(H2,13,14,15,16)",0.288478356003672
"InChI=1S/C10H10N4O2S/c1-6-9(17-14-13-6)10(15)12-7-3-4-8(16-2)11-5-7/h3-5H,1-2H3,(H,12,15)",0.288408424499651
"InChI=1S/C10H10N4O2S/c1-13-7-10(14-12)17(15,16)9-4-2-8(6-11)3-5-9/h2-5,7H,12H2,1H3",0.288000072762687
"InChI=1S/C10H10N4O2S/c1-17-4-8-7(10(15)16)2-3-9(13-8)14-6-11-5-12-14/h2-3,5-6H,4H2,1H3,(H,15,16)",0.287515409050535
"InChI=1S/C10H10N4O2S/c1-14-7(4-5-11-14)9(15)12-13-10(16)8-3-2-6-17-8/h2-6H,1H3,(H,12,15)(H,13,16)",0.287445245287303
"InChI=1S/C10H10N4O2S/c1-11-10-13(2)12-9(17-10)7-3-5-8(6-4-7)14(15)16/h3-6H,1-2H3",0.287322579260442
"InChI=1S/C10H10N4O2S/c1-16-9(15)6-5-12-10(14-11)13-8(6)7-3-2-4-17-7/h2-5H,11H2,1H3,(H,12,13,14)",0.287297164844223
"InChI=1S/C10H10N4O2S/c1-6-11-4-7(17-6)5-12-9-3-2-8(10(15)16)13-14-9/h2-4H,5H2,1H3,(H,12,14)(H,15,16)",0.287276173242789
"InChI=1S/C10H10N4O2S/c1-6-8(17-5-12-6)4-11-9-3-2-7(10(15)16)13-14-9/h2-3,5H,4H2,1H3,(H,11,14)(H,15,16)",0.287115919230196
"InChI=1S/C10H10N4O2S/c1-5-3-7-8(4-6(5)2)12-10-9(11-7)13-17(15,16)14-10/h3-4H,1-2H3,(H,11,13)(H,12,14)",0.286952863370472
"InChI=1S/C10H10N4O2S/c15-9(16)5-11-7-1-3-8(4-2-7)14-6-12-13-10(14)17/h1-4,6,11H,5H2,(H,13,17)(H,15,16)",0.286871745482134
"InChI=1S/C10H10N4O2S/c1-5-2-3-6(4-11)10(14-5)17-7(8(12)15)9(13)16/h2-3,7H,1H3,(H2,12,15)(H2,13,16)",0.286518187255722
"InChI=1S/C10H10N4O2S/c15-10(16)8-7-14(13-12-8)5-6-17-9-3-1-2-4-11-9/h1-4,7H,5-6H2,(H,15,16)",0.286382035726085
"InChI=1S/C10H10N4O2S/c1-7(9(15)16)17-10-11-12-13-14(10)8-5-3-2-4-6-8/h2-7H,1H3,(H,15,16)",0.286235250559415
"InChI=1S/C10H10N4O2S/c1-13-5-6-17-10(13)11-9(16)7-3-4-8(15)14(2)12-7/h3-6H,1-2H3",0.286074680260806
"InChI=1S/C10H10N4O2S/c11-9(16)7-1-4-17-10(7)13-8(15)5-14-3-2-12-6-14/h1-4,6H,5H2,(H2,11,16)(H,13,15)",0.285790658913415
"InChI=1S/C10H10N4O2S/c11-6-3-7-14(12)10-8-4-1-2-5-9(8)17(15,16)13-10/h1-2,4-5H,3,7,12H2",0.285551761325193
"InChI=1S/C10H10N4O2S/c1-17(15,16)14-9-3-2-7(4-5-11)8-6-12-13-10(8)9/h2-3,6,14H,4H2,1H3,(H,12,13)",0.285223504533987
"InChI=1S/C10H10N4O2S/c1-6-5-17-9(13-6)4-12-8-3-11-2-7(14-8)10(15)16/h2-3,5H,4H2,1H3,(H,12,14)(H,15,16)",0.285091769826095
"InChI=1S/C10H10N4O2S/c15-10(16)8-9(14-4-3-12-8)13-2-1-7-11-5-6-17-7/h3-6H,1-2H2,(H,13,14)(H,15,16)",0.284937503798118
"InChI=1S/C10H10N4O2S/c15-10(16)8-9(13-4-3-11-8)12-2-1-7-5-17-6-14-7/h3-6H,1-2H2,(H,12,13)(H,15,16)",0.284752101484582
"InChI=1S/C10H10N4O2S/c1-16-10(15)9-11-3-2-8(14-9)12-4-7-5-17-6-13-7/h2-3,5-6H,4H2,1H3,(H,11,12,14)",0.284704967288225
"InChI=1S/C10H10N4O2S/c1-7-2-4-8(5-3-7)14-10(11-12-13-14)17-6-9(15)16/h2-5H,6H2,1H3,(H,15,16)",0.284520552915951
"InChI=1S/C10H10N4O2S/c1-6(9-12-2-3-17-9)13-8-5-11-4-7(14-8)10(15)16/h2-6H,1H3,(H,13,14)(H,15,16)",0.284504691457717
"InChI=1S/C10H10N4O2S/c1-2-16-9(15)8-7(14-10(11)17-8)6-3-4-12-5-13-6/h3-5H,2H2,1H3,(H2,11,14)",0.284257719149071
"InChI=1S/C10H10N4O2S/c1-7-9(3-2-4-10(7)14(15)16)11-5-8-6-17-13-12-8/h2-4,6,11H,5H2,1H3",0.283890184977518
"InChI=1S/C10H10N4O2S/c15-8(16)3-6-17-10-12-9(13-14-10)7-1-4-11-5-2-7/h1-2,4-5H,3,6H2,(H,15,16)(H,12,13,14)",0.283532309954008
"InChI=1S/C10H10N4O2S/c1-3-4-14-8(15)6-5-11-9(17-2)12-7(6)13-10(14)16/h3,5H,1,4H2,2H3,(H,11,12,13,16)",0.283403984820593
"InChI=1S/C10H10N4O2S/c1-16-8(15)6-17-10-12-9(13-14-10)7-4-2-3-5-11-7/h2-5H,6H2,1H3,(H,12,13,14)",0.283265138988822
"InChI=1S/C10H10N4O2S/c15-8-6-17-10(12-8)14-13-9(16)11-7-4-2-1-3-5-7/h1-5H,6H2,(H2,11,13,16)(H,12,14,15)",0.283154890082295
"InChI=1S/C10H10N4O2S/c1-4-10(2,3)12-7-8(14(15)16)13-5-6-17-9(13)11-7/h1,5-6,12H,2-3H3",0.283120591776619
"InChI=1S/C10H10N4O2S/c1-6-7(17-5-14-6)4-13-9-8(10(15)16)11-2-3-12-9/h2-3,5H,4H2,1H3,(H,12,13)(H,15,16)",0.283105413265358
"InChI=1S/C10H10N4O2S/c1-5-3-4-11-8(12-5)7-6(10(15)16-2)9(17)14-13-7/h3-4H,1-2H3,(H2,13,14,17)",0.282706731401331
"InChI=1S/C10H10N4O2S/c1-7(15)6-17-10-11-12-13-14(10)8-2-4-9(16)5-3-8/h2-5,16H,6H2,1H3",0.282652967986563
"InChI=1S/C10H10N4O2S/c15-14(16)9-3-1-8(2-4-9)5-6-11-10-12-7-13-17-10/h1-4,7H,5-6H2,(H,11,12,13)",0.282633194033506
"InChI=1S/C10H10N4O2S/c1-7-3-2-4-8(5-7)14-10(11-12-13-14)17-6-9(15)16/h2-5H,6H2,1H3,(H,15,16)",0.282560005487544
"InChI=1S/C10H10N4O2S/c1-7-4-2-3-5-8(7)14-10(11-12-13-14)17-6-9(15)16/h2-5H,6H2,1H3,(H,15,16)",0.282502637731907
"InChI=1S/C10H10N4O2S/c1-5-7(9(15)16)4-14(12-5)10-11-8(13-17-10)6-2-3-6/h4,6H,2-3H2,1H3,(H,15,16)",0.281934066834782
"InChI=1S/C10H10N4O2S/c1-5-12-3-6(8(11)13-5)9-14-7(4-17-9)10(15)16-2/h3-4H,1-2H3,(H2,11,12,13)",0.281725556644307
"InChI=1S/C10H10N4O2S/c1-7(15)8-6-17-10(12-8)13-9(16)5-14-4-2-3-11-14/h2-4,6H,5H2,1H3,(H,12,13,16)",0.281685434316128
"InChI=1S/C10H10N4O2S/c1-7-13-14-10(16-7)17-6-9(15)12-8-2-4-11-5-3-8/h2-5H,6H2,1H3,(H,11,12,15)",0.281619087236078
"InChI=1S/C10H10N4O2S/c1-2-11-10-13-12-9(17-10)7-4-3-5-8(6-7)14(15)16/h3-6H,2H2,1H3,(H,11,13)",0.281348448188568
"InChI=1S/C10H10N4O2S/c1-6-8(17-5-14-6)3-13-9-4-11-7(2-12-9)10(15)16/h2,4-5H,3H2,1H3,(H,12,13)(H,15,16)",0.281241392483082
"InChI=1S/C10H10N4O2S/c1-16-10(15)9-12-3-2-7(14-9)13-6-8-11-4-5-17-8/h2-5H,6H2,1H3,(H,12,13,14)",0.281151714196999
"InChI=1S/C10H10N4O2S/c11-10(12)14-9(16)5-1-2-7-6(3-5)13-8(15)4-17-7/h1-3H,4H2,(H,13,15)(H4,11,12,14,16)",0.281058164302771
"InChI=1S/C10H10N4O2S/c15-10(16)7-5-11-6-8(14-7)12-2-1-9-13-3-4-17-9/h3-6H,1-2H2,(H,12,14)(H,15,16)",0.280814118069508
"InChI=1S/C10H10N4O2S/c15-10(16)7-5-14-8(6-13-7)11-2-1-9-12-3-4-17-9/h3-6H,1-2H2,(H,11,14)(H,15,16)",0.280814118069508
"InChI=1S/C10H10N4O2S/c1-4-11-7-6(9(17)12-4)8(15)13-10(16)14(7)5-2-3-5/h5H,2-3H2,1H3,(H,11,12,17)(H,13,15,16)",0.280522504803684
"InChI=1S/C10H10N4O2S/c1-2-16-9(15)7-6(14-10(11)17-7)8-12-4-3-5-13-8/h3-5H,2H2,1H3,(H2,11,14)",0.280366450759178
"InChI=1S/C10H10N4O2S/c1-6-5-7(12-11-6)9(15)13-14-10(16)8-3-2-4-17-8/h2-5H,1H3,(H,11,12)(H,13,15)(H,14,16)",0.280254146191908
"InChI=1S/C10H10N4O2S/c15-10(16)8-3-13-9(4-12-8)11-2-1-7-5-17-6-14-7/h3-6H,1-2H2,(H,11,13)(H,15,16)",0.280251652740067
"InChI=1S/C10H10N4O2S/c15-10(16)8-3-11-4-9(14-8)12-2-1-7-5-17-6-13-7/h3-6H,1-2H2,(H,12,14)(H,15,16)",0.280251652740067
"InChI=1S/C10H10N4O2S/c1-7-2-3-9(10(4-7)14(15)16)11-5-8-6-17-13-12-8/h2-4,6,11H,5H2,1H3",0.280201106201081
"InChI=1S/C10H10N4O2S/c1-3-2-4(8(12)15)5-6(11)7(9(13)16)17-10(5)14-3/h2H,11H2,1H3,(H2,12,15)(H2,13,16)",0.279904257401929
"InChI=1S/C10H10N4O2S/c1-6(10(15)16)2-3-17-9-7-8(12-4-11-7)13-5-14-9/h2,4-5H,3H2,1H3,(H,15,16)(H,11,12,13,14)",0.279732501757216
"InChI=1S/C10H10N4O2S/c1-7-12-13-10(17-7)11-6-8-3-2-4-9(5-8)14(15)16/h2-5H,6H2,1H3,(H,11,13)",0.279589769642537
"InChI=1S/C10H10N4O2S/c1-7-12-13-10(17-7)11-6-8-2-4-9(5-3-8)14(15)16/h2-5H,6H2,1H3,(H,11,13)",0.279369235559263
"InChI=1S/C10H10N4O2S/c1-16-9-11-3-6(4-12-9)2-7-5-13-10(17)14-8(7)15/h3-5H,2H2,1H3,(H2,13,14,15,17)",0.279355850707538
"InChI=1S/C10H10N4O2S/c1-6(9-11-4-5-17-9)12-8-3-2-7(10(15)16)13-14-8/h2-6H,1H3,(H,12,14)(H,15,16)",0.279305894634121
"InChI=1S/C10H10N4O2S/c1-16-6-8-13-14-10(17-8)12-9(15)7-4-2-3-5-11-7/h2-5H,6H2,1H3,(H,12,14,15)",0.279220525495689
"InChI=1S/C10H10N4O2S/c1-14-6-12-13-10(14)17-5-7-3-2-4-11-8(7)9(15)16/h2-4,6H,5H2,1H3,(H,15,16)",0.279140276582513
"InChI=1S/C10H10N4O2S/c1-6-5-7(14(2)13-6)17-9-8(10(15)16)11-3-4-12-9/h3-5H,1-2H3,(H,15,16)",0.279001548891782
"InChI=1S/C10H10N4O2S/c1-6-13-4-7(17-6)5-14-9-8(10(15)16)11-2-3-12-9/h2-4H,5H2,1H3,(H,12,14)(H,15,16)",0.278951991925751
"InChI=1S/C10H10N4O2S/c1-16-9(15)7-4-6(2-3-8(7)11)17-10-12-5-13-14-10/h2-5H,11H2,1H3,(H,12,13,14)",0.278471387891012
"InChI=1S/C10H10N4O2S/c1-7-2-3-8(4-10(7)14(15)16)11-5-9-6-17-13-12-9/h2-4,6,11H,5H2,1H3",0.278453905584938
"InChI=1S/C10H10N4O2S/c1-14-7(8(15)13-10(14)16)5-6-3-4-11-9(12-6)17-2/h3-5H,1-2H3,(H,13,15,16)",0.278370151351512
"InChI=1S/C10H10N4O2S/c11-9-10(14-16-13-9)12-8(15)6-17-7-4-2-1-3-5-7/h1-5H,6H2,(H2,11,13)(H,12,14,15)",0.278057379629845
"InChI=1S/C10H10N4O2S/c1-16-8-3-2-6(11)4-7(8)13-10(15)9-5-12-14-17-9/h2-5H,11H2,1H3,(H,13,15)",0.277846871173675
"InChI=1S/C10H10N4O2S/c1-16-8-3-2-6(4-7(8)11)13-10(15)9-5-12-14-17-9/h2-5H,11H2,1H3,(H,13,15)",0.277846871173675
"InChI=1S/C10H10N4O2S/c1-6-8(10(15)16)9(14(2)13-6)17-7-5-11-3-4-12-7/h3-5H,1-2H3,(H,15,16)",0.277777190742288
"InChI=1S/C10H10N4O2S/c1-6-3-9(14(2)13-6)17-8-5-11-4-7(12-8)10(15)16/h3-5H,1-2H3,(H,15,16)",0.277754740518289
"InChI=1S/C10H10N4O2S/c1-6-3-9(14(2)13-6)17-8-5-11-7(4-12-8)10(15)16/h3-5H,1-2H3,(H,15,16)",0.277754740518289
"InChI=1S/C10H10N4O2S/c1-7-12-13-10(17-7)11-6-8-4-2-3-5-9(8)14(15)16/h2-5H,6H2,1H3,(H,11,13)",0.277692925193718
"InChI=1S/C10H10N4O2S/c1-6-3-11-10(17-6)13-9(16)8(15)7-4-12-14(2)5-7/h3-5H,1-2H3,(H,11,13,16)",0.277642336770693
"InChI=1S/C10H10N4O2S/c1-14-7-5(8(15)13-10(14)16)9(17)12-6(11-7)4-2-3-4/h4H,2-3H2,1H3,(H,11,12,17)(H,13,15,16)",0.277299734716213
"InChI=1S/C10H10N4O2S/c1-7-4-8(2-3-10(7)14(15)16)11-5-9-6-17-13-12-9/h2-4,6,11H,5H2,1H3",0.277203013165104
"InChI=1S/C10H10N4O2S/c1-16-9-6(3-2-4-12-9)13-8(15)7-5-17-10(11)14-7/h2-5H,1H3,(H2,11,14)(H,13,15)",0.276957149805069
"InChI=1S/C10H10N4O2S/c1-16-9(15)7-4-6(11)2-3-8(7)17-10-12-5-13-14-10/h2-5H,11H2,1H3,(H,12,13,14)",0.276718520524991
"InChI=1S/C10H10N4O2S/c1-7-2-3-9(14(15)16)4-10(7)11-5-8-6-17-13-12-8/h2-4,6,11H,5H2,1H3",0.276640179035083
"InChI=1S/C10H10N4O2S/c1-2-16-8(15)7-6-17-10(13-7)14-9-11-4-3-5-12-9/h3-6H,2H2,1H3,(H,11,12,13,14)",0.276441560645987
"InChI=1S/C10H10N4O2S/c1-16-9(15)7-17-10-11-5-3-8(13-10)14-6-2-4-12-14/h2-6H,7H2,1H3",0.276156475585035
"InChI=1S/C10H10N4O2S/c1-16-8-3-2-6(4-12-8)13-9(15)7-5-17-10(11)14-7/h2-5H,1H3,(H2,11,14)(H,13,15)",0.276149204477003
"InChI=1S/C10H10N4O2S/c1-17(15,16)7-9-11-13-10(14-12-9)8-5-3-2-4-6-8/h2-6H,7H2,1H3",0.276051914555945
"InChI=1S/C10H10N4O2S/c11-7-1-2-9(15)6(3-7)4-12-10(16)8-5-17-14-13-8/h1-3,5,15H,4,11H2,(H,12,16)",0.275873258490791
"InChI=1S/C10H10N4O2S/c1-17-10-11-9(14(15)16)12-13(10)7-8-5-3-2-4-6-8/h2-6H,7H2,1H3",0.27586393756083
"InChI=1S/C10H10N4O2S/c1-14-6-12-13-10(14)17-5-7-2-3-11-8(4-7)9(15)16/h2-4,6H,5H2,1H3,(H,15,16)",0.275688378575404
"InChI=1S/C10H10N4O2S/c1-16-8(15)7-6-14(10(13-7)17-2)9-11-4-3-5-12-9/h3-6H,1-2H3",0.275574187269332
"InChI=1S/C10H10N4O2S/c1-7-4-9(14(15)16)2-3-10(7)11-5-8-6-17-13-12-8/h2-4,6,11H,5H2,1H3",0.275396696909623
"InChI=1S/C10H10N4O2S/c15-9(16)6-7-17-10-11-12-13-14(10)8-4-2-1-3-5-8/h1-5H,6-7H2,(H,15,16)",0.275383161719096
"InChI=1S/C10H10N4O2S/c11-14-10(15)7-2-4-16-8(7)5-17-9-1-3-12-6-13-9/h1-4,6H,5,11H2,(H,14,15)",0.275325626715774
"InChI=1S/C10H10N4O2S/c1-2-16-9(15)7-6-13-14(8(7)17)10-11-4-3-5-12-10/h3-6,13H,2H2,1H3",0.275086963456171
"InChI=1S/C10H10N4O2S/c1-6-5-8(17-13-6)11-10(16)7-3-4-9(15)14(2)12-7/h3-5H,1-2H3,(H,11,16)",0.27494118032022
"InChI=1S/C10H10N4O2S/c1-6-12-13-10(16-6)17-8-5-3-2-4-7(8)9(11)14-15/h2-5,15H,1H3,(H2,11,14)",0.274873141872249
"InChI=1S/C10H10N4O2S/c1-2-16-10(15)7-5-13-14(9(7)17)8-3-4-11-6-12-8/h3-6,13H,2H2,1H3",0.274535584675678
"InChI=1S/C10H10N4O2S/c1-2-16-10(15)17-9-11-12-13-14(9)8-6-4-3-5-7-8/h3-7H,2H2,1H3",0.27434423819949
"InChI=1S/C10H10N4O2S/c1-16-9(15)6-2-3-8(7(11)4-6)17-10-12-5-13-14-10/h2-5H,11H2,1H3,(H,12,13,14)",0.274198170555655
"InChI=1S/C10H10N4O2S/c1-14(2)17(15,16)10(7-11)12-8-5-3-4-6-9(8)13-10/h3-6H,1-2H3",0.274123605890628
"InChI=1S/C10H10N4O2S/c15-14(16)10-7(13-6-3-11-4-6)1-2-8-9(10)12-5-17-8/h1-2,5-6,11,13H,3-4H2",0.274027259527298
"InChI=1S/C10H10N4O2S/c1-11-8(15)5-16-9-4-13-10(17-9)7-2-3-12-6-14-7/h2-4,6H,5H2,1H3,(H,11,15)",0.273919487203429
"InChI=1S/C10H10N4O2S/c11-14-10(15)7-3-8(16-4-7)5-17-9-1-2-12-6-13-9/h1-4,6H,5,11H2,(H,14,15)",0.273841469760597
"InChI=1S/C10H10N4O2S/c15-9(16)7-12-10-11-6-4-2-1-3-5(6)8(17)14(10)13-7/h1-4H2,(H,15,16)(H,11,12,13)",0.273768620693827
"InChI=1S/C10H10N4O2S/c11-14-9(7-4-2-1-3-5-7)12-13-10(14)17-6-8(15)16/h1-5H,6,11H2,(H,15,16)",0.273488332549353
"InChI=1S/C10H10N4O2S/c15-10(16)7-17-6-9-11-12-13-14(9)8-4-2-1-3-5-8/h1-5H,6-7H2,(H,15,16)",0.272998539875093
"InChI=1S/C10H10N4O2S/c1-2-16-10(15)6-7(13-14-9(6)17)8-11-4-3-5-12-8/h3-5H,2H2,1H3,(H2,13,14,17)",0.272824359879418
"InChI=1S/C10H10N4O2S/c15-9(16)6-7-13-10(17)14(12-11-13)8-4-2-1-3-5-8/h1-5H,6-7H2,(H,15,16)",0.27277456813137
"InChI=1S/C10H10N4O2S/c1-6-14-7(5-17-6)4-13-9-8(10(15)16)11-2-3-12-9/h2-3,5H,4H2,1H3,(H,12,13)(H,15,16)",0.272656978906725
"InChI=1S/C10H10N4O2S/c1-2-8-12-13-10(17-8)11-9(15)7-3-5-14(16)6-4-7/h3-6H,2H2,1H3,(H,11,13,15)",0.272583459874726
"InChI=1S/C10H10N4O2S/c1-16-8-4-2-7(3-5-8)12-10(15)13-9-6-11-17-14-9/h2-6H,1H3,(H2,12,13,14,15)",0.272493323745279
"InChI=1S/C10H10N4O2S/c1-13(2)6-11-10-8-5-7(14(15)16)3-4-9(8)17-12-10/h3-6H,1-2H3",0.272400268424974
"InChI=1S/C10H10N4O2S/c15-10(16)7-6-17-9(14-7)1-2-12-8-5-11-3-4-13-8/h3-6H,1-2H2,(H,12,13)(H,15,16)",0.272352356181587
"InChI=1S/C10H10N4O2S/c1-16-8(15)6-17-10-12-9(13-14-10)7-3-2-4-11-5-7/h2-5H,6H2,1H3,(H,12,13,14)",0.272309972629254
"InChI=1S/C10H10N4O2S/c1-6(11)9-12-13-10(17-9)7-2-4-8(5-3-7)14(15)16/h2-6H,11H2,1H3",0.272087299866063
"InChI=1S/C10H10N4O2S/c1-16-6-2-3-8(7(11)4-6)13-10(15)9-5-12-14-17-9/h2-5H,11H2,1H3,(H,13,15)",0.272029065767673
"InChI=1S/C10H10N4O2S/c1-16-6-2-3-7(11)8(4-6)13-10(15)9-5-12-14-17-9/h2-5H,11H2,1H3,(H,13,15)",0.272029065767673
"InChI=1S/C10H10N4O2S/c1-7-12-13-10(17-7)11-8(15)6-14-5-3-2-4-9(14)16/h2-5H,6H2,1H3,(H,11,13,15)",0.271280807578994
"InChI=1S/C10H10N4O2S/c1-6-11-10(16-14-6)13-9(15)4-3-8-5-17-7(2)12-8/h3-5H,1-2H3,(H,11,13,14,15)",0.271033595171991
"InChI=1S/C10H10N4O2S/c15-10(16)7-1-2-8(14-13-7)11-4-3-9-12-5-6-17-9/h1-2,5-6H,3-4H2,(H,11,14)(H,15,16)",0.270902769330096
"InChI=1S/C10H10N4O2S/c1-2-16-10(15)7-8(13-14-9(7)17)6-3-4-11-5-12-6/h3-5H,2H2,1H3,(H2,13,14,17)",0.270388356306941
"InChI=1S/C10H10N4O2S/c1-6-12-13-10(17-6)11-9(16)7-3-4-8(15)14(2)5-7/h3-5H,1-2H3,(H,11,13,16)",0.269912909709643
"InChI=1S/C10H10N4O2S/c1-16-9-3-2-6(4-7(9)11)12-10(15)8-5-17-14-13-8/h2-5H,11H2,1H3,(H,12,15)",0.269883129236317
"InChI=1S/C10H10N4O2S/c1-16-9-3-2-6(11)4-7(9)12-10(15)8-5-17-14-13-8/h2-5H,11H2,1H3,(H,12,15)",0.269883129236317
"InChI=1S/C10H10N4O2S/c1-6(11)9-12-13-10(17-9)7-3-2-4-8(5-7)14(15)16/h2-6H,11H2,1H3",0.269661438878753
"InChI=1S/C10H10N4O2S/c11-14-9(15)7-2-5-16-8(7)6-17-10-12-3-1-4-13-10/h1-5H,6,11H2,(H,14,15)",0.269560410452451
"InChI=1S/C10H10N4O2S/c1-16-8(15)6-17-10-12-9(13-14-10)7-2-4-11-5-3-7/h2-5H,6H2,1H3,(H,12,13,14)",0.269489284196347
"InChI=1S/C10H10N4O2S/c1-6-5-8(12-10(17)11-6)16-7-3-4-9(15)14(2)13-7/h3-5H,1-2H3,(H,11,12,17)",0.26941239488603
"InChI=1S/C10H10N4O2S/c1-2-4-16-5-3-14-8-7(11-6-12-8)9(15)13-10(14)17/h1,6H,3-5H2,(H,11,12)(H,13,15,17)",0.269077872434447
"InChI=1S/C10H10N4O2S/c1-11-10-13-12-9(17-10)6-7-4-2-3-5-8(7)14(15)16/h2-5H,6H2,1H3,(H,11,13)",0.268966810892484
"InChI=1S/C10H10N4O2S/c11-13-9(16)10-12-7(6-17-10)5-14-3-1-8(15)2-4-14/h1-4,6H,5,11H2,(H,13,16)",0.26874389586946
"InChI=1S/C10H10N4O2S/c11-14-10(15)9-7(2-4-16-9)5-17-8-1-3-12-6-13-8/h1-4,6H,5,11H2,(H,14,15)",0.268737976558491
"InChI=1S/C10H10N4O2S/c1-6(9-13-4-5-17-9)14-8-7(10(15)16)11-2-3-12-8/h2-6H,1H3,(H,12,14)(H,15,16)",0.268581118892618
"InChI=1S/C10H10N4O2S/c1-14-4-2-7(13-14)9(16)12-10-6(8(11)15)3-5-17-10/h2-5H,1H3,(H2,11,15)(H,12,16)",0.268293603503191
"InChI=1S/C10H10N4O2S/c11-13-10(15)8-5-7(16-14-8)6-17-9-3-1-2-4-12-9/h1-5H,6,11H2,(H,13,15)",0.268176513012099
"InChI=1S/C10H10N4O2S/c1-6(11)9-12-13-10(17-9)7-4-2-3-5-8(7)14(15)16/h2-6H,11H2,1H3",0.267930285624572
"InChI=1S/C10H10N4O2S/c11-14-9(15)7-4-8(16-5-7)6-17-10-12-2-1-3-13-10/h1-5H,6,11H2,(H,14,15)",0.267549155643074
"InChI=1S/C10H10N4O2S/c1-2-16-9(15)7-8(17-10(11)14-7)6-3-4-12-5-13-6/h3-5H,2H2,1H3,(H2,11,14)",0.267390426175228
"InChI=1S/C10H10N4O2S/c1-2-16-10(15)7-5-13-14(9(7)17)8-6-11-3-4-12-8/h3-6,13H,2H2,1H3",0.266991483239476
"InChI=1S/C10H10N4O2S/c1-2-17-10-11-12-13-14(10)8-5-3-4-7(6-8)9(15)16/h3-6H,2H2,1H3,(H,15,16)",0.266896338874159
"InChI=1S/C10H10N4O2S/c1-6-12-7(5-17-6)4-11-9-3-2-8(10(15)16)13-14-9/h2-3,5H,4H2,1H3,(H,11,14)(H,15,16)",0.266848102079625
"InChI=1S/C10H10N4O2S/c1-14(4-7-5-17-6-13-7)9-8(10(15)16)11-2-3-12-9/h2-3,5-6H,4H2,1H3,(H,15,16)",0.266816600410215
"InChI=1S/C10H10N4O2S/c1-6-5-17-7(14-6)4-13-9-8(10(15)16)11-2-3-12-9/h2-3,5H,4H2,1H3,(H,12,13)(H,15,16)",0.266653847783561
"InChI=1S/C10H10N4O2S/c1-6-5-9(14(2)13-6)17-8-4-3-7(10(15)16)11-12-8/h3-5H,1-2H3,(H,15,16)",0.266545296468798
"InChI=1S/C10H10N4O2S/c1-14-7(2-4-12-14)9(16)13-10-6(8(11)15)3-5-17-10/h2-5H,1H3,(H2,11,15)(H,13,16)",0.266521748014256
"InChI=1S/C10H10N4O2S/c11-2-4-14-9(15)8(17-10(14)16)5-7-1-3-12-6-13-7/h1,3,5-6H,2,4,11H2",0.266410011731931
"InChI=1S/C10H10N4O2S/c1-2-5-17-10-12-8-7(9(16)13-10)6-11-14(8)3-4-15/h1,6,11,15H,3-5H2",0.266221261694309
"InChI=1S/C10H10N4O2S/c1-6(15)13-9-3-2-8(17-9)10(16)14-7-4-11-12-5-7/h2-5H,1H3,(H,11,12)(H,13,15)(H,14,16)",0.266061802247
"InChI=1S/C10H10N4O2S/c1-16-8-4-6(2-3-7(8)11)13-10(15)9-5-12-14-17-9/h2-5H,11H2,1H3,(H,13,15)",0.266017945698358
"InChI=1S/C10H10N4O2S/c1-16-8-4-6(11)2-3-7(8)13-10(15)9-5-12-14-17-9/h2-5H,11H2,1H3,(H,13,15)",0.266017945698358
"InChI=1S/C10H10N4O2S/c1-2-16-9(15)7-5-17-8(14-7)6-3-12-10(11)13-4-6/h3-5H,2H2,1H3,(H2,11,12,13)",0.265951585199178
"InChI=1S/C10H10N4O2S/c1-16-6-8-13-14-10(17-8)12-9(15)7-3-2-4-11-5-7/h2-5H,6H2,1H3,(H,12,14,15)",0.265911300226644
"InChI=1S/C10H10N4O2S/c1-6-5-17-9(12-6)4-11-8-3-2-7(10(15)16)13-14-8/h2-3,5H,4H2,1H3,(H,11,14)(H,15,16)",0.26582144182442
"InChI=1S/C10H10N4O2S/c1-6(9-11-2-3-17-9)14-8-5-12-7(4-13-8)10(15)16/h2-6H,1H3,(H,13,14)(H,15,16)",0.265599211218027
"InChI=1S/C10H10N4O2S/c1-14(4-7-5-17-6-13-7)9-3-11-8(2-12-9)10(15)16/h2-3,5-6H,4H2,1H3,(H,15,16)",0.265216314074644
"InChI=1S/C10H10N4O2S/c1-14(4-7-5-17-6-12-7)9-3-11-2-8(13-9)10(15)16/h2-3,5-6H,4H2,1H3,(H,15,16)",0.265216314074644
"InChI=1S/C10H10N4O2S/c1-2-16-10(15)12-9-14-13-8(17-9)7-4-3-5-11-6-7/h3-6H,2H2,1H3,(H,12,14,15)",0.265061778923513
"InChI=1S/C10H10N4O2S/c11-14-10(15)8-2-1-7(16-8)5-17-9-3-4-12-6-13-9/h1-4,6H,5,11H2,(H,14,15)",0.264963270397143
"InChI=1S/C10H10N4O2S/c1-2-16-8(15)7-6-14(10(17)13-7)9-11-4-3-5-12-9/h3-6H,2H2,1H3,(H,13,17)",0.26487305574403
"InChI=1S/C10H10N4O2S/c1-14-6-7(5-12-14)10(15)16-13-9(11)8-3-2-4-17-8/h2-6H,1H3,(H2,11,13)",0.264230853477196
"InChI=1S/C10H10N4O2S/c15-10(16)8-1-2-9(14-13-8)11-4-3-7-5-17-6-12-7/h1-2,5-6H,3-4H2,(H,11,14)(H,15,16)",0.264205620212519
"InChI=1S/C10H10N4O2S/c1-16-5-2-3-7(11)6(4-5)8-9(15)12-10(17)14-13-8/h2-4H,11H2,1H3,(H2,12,14,15,17)",0.263953216250327
"InChI=1S/C10H10N4O2S/c1-6-5-17-9(14-6)4-13-8-3-11-7(2-12-8)10(15)16/h2-3,5H,4H2,1H3,(H,12,13)(H,15,16)",0.263416389996731
"InChI=1S/C10H10N4O2S/c1-16-8-4-2-7(3-5-8)12-9(15)13-10-14-11-6-17-10/h2-6H,1H3,(H2,12,13,14,15)",0.262938597479354
"InChI=1S/C10H10N4O2S/c11-6-3-13(4-6)7-1-2-8-9(12-5-17-8)10(7)14(15)16/h1-2,5-6H,3-4,11H2",0.262865056875384
"InChI=1S/C10H10N4O2S/c15-14(16)10-3-1-2-8(4-10)5-11-6-9-7-17-13-12-9/h1-4,7,11H,5-6H2",0.262844537319718
"InChI=1S/C10H10N4O2S/c15-14(16)10-3-1-8(2-4-10)5-11-6-9-7-17-13-12-9/h1-4,7,11H,5-6H2",0.262621113846976
"InChI=1S/C10H10N4O2S/c11-14-9(15)8-7(2-5-16-8)6-17-10-12-3-1-4-13-10/h1-5H,6,11H2,(H,14,15)",0.262475984005708
"InChI=1S/C10H10N4O2S/c11-13-9(16)10-12-7(6-17-10)5-14-4-2-1-3-8(14)15/h1-4,6H,5,11H2,(H,13,16)",0.262308180237503
"InChI=1S/C10H10N4O2S/c1-2-17-10-11-12-13-14(10)8-5-3-7(4-6-8)9(15)16/h3-6H,2H2,1H3,(H,15,16)",0.262108106900601
"InChI=1S/C10H10N4O2S/c1-6-5-17-10(12-6)14-8-4-11-3-7(13-8)9(15)16-2/h3-5H,1-2H3,(H,12,13,14)",0.261945976866334
"InChI=1S/C10H10N4O2S/c11-8(15)6-17-10-14-13-9(16-10)5-7-3-1-2-4-12-7/h1-4H,5-6H2,(H2,11,15)",0.261930924358778
"InChI=1S/C10H10N4O2S/c1-6-3-12-10(17-6)14-8-5-11-4-7(13-8)9(15)16-2/h3-5H,1-2H3,(H,12,13,14)",0.261801550432068
"InChI=1S/C10H10N4O2S/c11-6-4-7(8-2-1-3-17-8)13-14(10(6)16)5-9(12)15/h1-4H,5,11H2,(H2,12,15)",0.261787834364436
"InChI=1S/C10H10N4O2S/c1-2-16-10(15)7-6-12-14(9(7)17)8-4-3-5-11-13-8/h3-6,12H,2H2,1H3",0.261665137755577
"InChI=1S/C10H10N4O2S/c1-6-2-12-7(3-11-6)4-13-9-8(10(15)16)14-5-17-9/h2-3,5,13H,4H2,1H3,(H,15,16)",0.261601770691561
"InChI=1S/C10H10N4O2S/c1-14-4-3-12-10(14)17-8-6-11-5-7(13-8)9(15)16-2/h3-6H,1-2H3",0.261296914893827
"InChI=1S/C10H10N4O2S/c1-16-9(15)7-17-10-11-12-13-14(10)8-5-3-2-4-6-8/h2-6H,7H2,1H3",0.261247060771954
"InChI=1S/C10H10N4O2S/c1-16-6-8(15)12-10-14-13-9(17-10)7-3-2-4-11-5-7/h2-5H,6H2,1H3,(H,12,14,15)",0.261077853490866
"InChI=1S/C10H10N4O2S/c15-14(16)10-4-2-1-3-8(10)5-11-6-9-7-17-13-12-9/h1-4,7,11H,5-6H2",0.260754854326184
"InChI=1S/C10H10N4O2S/c1-16-6-2-3-7(11)8(4-6)12-10(15)9-5-17-14-13-9/h2-5H,11H2,1H3,(H,12,15)",0.260487167313585
"InChI=1S/C10H10N4O2S/c1-16-6-2-3-8(7(11)4-6)12-10(15)9-5-17-14-13-9/h2-5H,11H2,1H3,(H,12,15)",0.260487167313585
"InChI=1S/C10H10N4O2S/c11-8-7(5-13-10(17)14-8)9(15)12-4-6-2-1-3-16-6/h1-3,5H,4H2,(H,12,15)(H3,11,13,14,17)",0.26023273341765
"InChI=1S/C10H10N4O2S/c1-7-12-13-10(17-7)11-9(16)5-14-4-2-3-8(14)6-15/h2-4,6H,5H2,1H3,(H,11,13,16)",0.260042606604906
"InChI=1S/C10H10N4O2S/c1-16-10(15)8-3-11-4-9(14-8)12-2-7-5-17-6-13-7/h3-6H,2H2,1H3,(H,12,14)",0.259709223626207
"InChI=1S/C10H10N4O2S/c11-9(15)6-14-5-7(4-12-14)13-10(16)8-2-1-3-17-8/h1-5H,6H2,(H2,11,15)(H,13,16)",0.25956811675897
"InChI=1S/C10H10N4O2S/c15-8(14-10-11-3-4-12-10)6-13-9(16)7-2-1-5-17-7/h1-5H,6H2,(H,13,16)(H2,11,12,14,15)",0.259522456481372
"InChI=1S/C10H10N4O2S/c1-16-8(15)6-14-9(12-13-10(14)17)7-4-2-3-5-11-7/h2-5H,6H2,1H3,(H,13,17)",0.259411033682555
"InChI=1S/C10H10N4O2S/c1-2-8-13-10(17-14-8)16-7-3-6(9(11)15)4-12-5-7/h3-5H,2H2,1H3,(H2,11,15)",0.259095770812744
"InChI=1S/C10H10N4O2S/c11-14-9(15)8-3-2-7(16-8)6-17-10-12-4-1-5-13-10/h1-5H,6,11H2,(H,14,15)",0.259081307951057
"InChI=1S/C10H10N4O2S/c1-5(15)12-10-13-6-4-16-7-3-11-14(2)8(7)9(6)17-10/h3H,4H2,1-2H3,(H,12,13,15)",0.258930204427345
"InChI=1S/C10H10N4O2S/c11-8(15)7(9(12)16)5-14-10(17)6-2-1-3-13-4-6/h1-5H,(H2,11,15)(H2,12,16)(H,14,17)",0.258859813714901
"InChI=1S/C10H10N4O2S/c11-8(15)7(9(12)16)5-14-10(17)6-1-3-13-4-2-6/h1-5H,(H2,11,15)(H2,12,16)(H,14,17)",0.25873999087531
"InChI=1S/C10H10N4O2S/c1-5-7(4-12-14-5)9(16)13-10-6(8(11)15)2-3-17-10/h2-4H,1H3,(H2,11,15)(H,12,14)(H,13,16)",0.25871497829762
"InChI=1S/C10H10N4O2S/c11-14-9(16)8(12-13-10(14)17)5-6-1-3-7(15)4-2-6/h1-4,15H,5,11H2,(H,13,17)",0.258486145781035
"InChI=1S/C10H10N4O2S/c1-6(13-8-4-11-2-3-12-8)9-14-7(5-17-9)10(15)16/h2-6H,1H3,(H,12,13)(H,15,16)",0.258340842871849
"InChI=1S/C10H10N4O2S/c1-16-6-8(15)12-10-14-13-9(17-10)7-2-4-11-5-3-7/h2-5H,6H2,1H3,(H,12,14,15)",0.258329917321694
"InChI=1S/C10H10N4O2S/c1-16-9-4-6(2-3-7(9)11)12-10(15)8-5-17-14-13-8/h2-5H,11H2,1H3,(H,12,15)",0.258195625515829
"InChI=1S/C10H10N4O2S/c1-16-9-4-6(11)2-3-7(9)12-10(15)8-5-17-14-13-8/h2-5H,11H2,1H3,(H,12,15)",0.258195625515829
"InChI=1S/C10H10N4O2S/c1-17-8-4-2-7(3-5-8)10-11-12-13-14(10)6-9(15)16/h2-5H,6H2,1H3,(H,15,16)",0.258080059843267
"InChI=1S/C10H10N4O2S/c1-6(15)10-12-4-7(17-10)5-14-3-2-8(13-14)9(11)16/h2-4H,5H2,1H3,(H2,11,16)",0.258055803938759
"InChI=1S/C10H10N4O2S/c1-11-10(17)12-6-4-2-3-5-7(6)9(16)14-13-8(5)15/h2-4H,1H3,(H,13,15)(H,14,16)(H2,11,12,17)",0.257718090352743
"InChI=1S/C10H10N4O2S/c1-16-8-4-2-3-7(5-8)12-10(15)13-9-6-11-17-14-9/h2-6H,1H3,(H2,12,13,14,15)",0.257564780046603
"InChI=1S/C10H10N4O2S/c1-14(4-7-5-17-6-11-7)9-3-2-8(10(15)16)12-13-9/h2-3,5-6H,4H2,1H3,(H,15,16)",0.256971964898774
"InChI=1S/C10H10N4O2S/c1-6-13-14-10(17-6)12-9(15)7-3-4-8(16-2)11-5-7/h3-5H,1-2H3,(H,12,14,15)",0.256930235396976
"InChI=1S/C10H10N4O2S/c1-6-2-3-7(4-8(6)14(15)16)10-13-12-9(5-11)17-10/h2-4H,5,11H2,1H3",0.256741538451549
"InChI=1S/C10H10N4O2S/c1-16-10(15)7-4-11-5-8(14-7)13-6-9-12-2-3-17-9/h2-5H,6H2,1H3,(H,13,14)",0.256692572495088
"InChI=1S/C10H10N4O2S/c11-6-1-7-12-10(17)13-8-2-4-9(5-3-8)14(15)16/h2-5H,1,7H2,(H2,12,13,17)",0.256249497964343
"InChI=1S/C10H10N4O2S/c1-6(9(10(15)16)13-14-11)7-5-12-4-3-8(7)17-2/h3-5H,1-2H3,(H,15,16)",0.256157989322006
"InChI=1S/C10H10N4O2S/c1-2-8(15)16-3-4-17-10-13-7-5-11-6-12-9(7)14-10/h2,5-6H,1,3-4H2,(H,11,12,13,14)",0.256081000627894
"InChI=1S/C10H10N4O2S/c1-6(15)10-12-7(5-17-10)4-14-3-2-8(13-14)9(11)16/h2-3,5H,4H2,1H3,(H2,11,16)",0.25590700795916
"InChI=1S/C10H10N4O2S/c11-6-5-9-12-13-10(17-9)7-1-3-8(4-2-7)14(15)16/h1-4H,5-6,11H2",0.255897706241803
"InChI=1S/C10H10N4O2S/c1-6(15)8-5-17-9(12-8)4-14-3-2-7(13-14)10(11)16/h2-3,5H,4H2,1H3,(H2,11,16)",0.255420883526425
"InChI=1S/C10H10N4O2S/c1-16-9-3-2-6(4-7(9)11)13-10(15)8-5-12-17-14-8/h2-5H,11H2,1H3,(H,13,15)",0.254558679170716
"InChI=1S/C10H10N4O2S/c1-5(15)7-3-8(11-4-7)9(16)12-10-14-13-6(2)17-10/h3-4,11H,1-2H3,(H,12,14,16)",0.254396807099741
"InChI=1S/C10H10N4O2S/c1-6-8(12-14-9(6)15)10(16)13-11-5-7-3-2-4-17-7/h2-5H,1H3,(H,13,16)(H2,12,14,15)",0.253998332979081
"InChI=1S/C10H10N4O2S/c1-11-6-9-12-13-10(17-9)7-2-4-8(5-3-7)14(15)16/h2-5,11H,6H2,1H3",0.253788163690925
"InChI=1S/C10H10N4O2S/c11-5-4-9-12-13-10(17-9)7-2-1-3-8(6-7)14(15)16/h1-3,6H,4-5,11H2",0.253659846509415
"InChI=1S/C10H10N4O2S/c1-11-10-13-12-8(6-17-10)7-4-2-3-5-9(7)14(15)16/h2-5H,6H2,1H3,(H,11,13)",0.253457455025372
"InChI=1S/C10H10N4O2S/c1-17-10-12-9(13-14-10)11-8(16)6-4-2-3-5-7(6)15/h2-5,15H,1H3,(H2,11,12,13,14,16)",0.253251772656129
"InChI=1S/C10H10N4O2S/c1-13(9-5-3-2-4-6-9)10(15)16-17-14-8-7-11-12-14/h2-8H,1H3",0.253029860364904
"InChI=1S/C10H10N4O2S/c11-8-7(13-16)9(15)12-10(17)14(8)6-4-2-1-3-5-6/h1-5,7-8H,11H2,(H,12,15,17)",0.252698501756391
"InChI=1S/C10H10N4O2S/c1-14(6-9(15)16)13-12-10-11-7-4-2-3-5-8(7)17-10/h2-5H,6H2,1H3,(H,15,16)",0.252322377503806
"InChI=1S/C10H10N4O2S/c1-2-3-16-7(15)4-17-10-8-9(12-5-11-8)13-6-14-10/h2,5-6H,1,3-4H2,(H,11,12,13,14)",0.252102589957456
"InChI=1S/C10H10N4O2S/c1-11-6-9-12-13-10(17-9)7-3-2-4-8(5-7)14(15)16/h2-5,11H,6H2,1H3",0.251591348636924
"InChI=1S/C10H10N4O2S/c15-9(7-2-4-12-16-7)14-10-13-6-1-3-11-5-8(6)17-10/h2,4,11H,1,3,5H2,(H,13,14,15)",0.250839338424818
"InChI=1S/C10H10N4O2S/c1-17-9-5-8(14-6-11-12-13-14)3-2-7(9)4-10(15)16/h2-3,5-6H,4H2,1H3,(H,15,16)",0.250794580966708
"InChI=1S/C10H10N4O2S/c1-6-2-3-8(14(15)16)7(4-6)10-13-12-9(5-11)17-10/h2-4H,5,11H2,1H3",0.250340408968324
"InChI=1S/C10H10N4O2S/c1-11-6-9-12-13-10(17-9)7-4-2-3-5-8(7)14(15)16/h2-5,11H,6H2,1H3",0.250243130201045
"InChI=1S/C10H10N4O2S/c11-6-5-9-12-13-10(17-9)7-3-1-2-4-8(7)14(15)16/h1-4H,5-6,11H2",0.250236644716665
"InChI=1S/C10H10N4O2S/c1-6(8-3-2-4-17-8)12-14-10(16)7-5-11-13-9(7)15/h2-5H,1H3,(H,14,16)(H2,11,13,15)",0.24945466506267
"InChI=1S/C10H10N4O2S/c1-6-3-2-4-7(9(6)14(15)16)10-13-12-8(5-11)17-10/h2-4H,5,11H2,1H3",0.248875552120153
"InChI=1S/C10H10N4O2S/c1-6-3-2-4-7(14(15)16)9(6)10-13-12-8(5-11)17-10/h2-4H,5,11H2,1H3",0.248611451988532
"InChI=1S/C10H10N4O2S/c1-5-6(2)17-10(11-5)12-9(16)7-3-4-8(15)14-13-7/h3-4,7H,1-2H3,(H,11,12,16)",0.248589069669012
"InChI=1S/C10H10N4O2S/c15-9(12-10-11-2-5-17-10)7-6-8-14(13-7)3-1-4-16-8/h2,5-6H,1,3-4H2,(H,11,12,15)",0.248010470194253
"InChI=1S/C10H10N4O2S/c1-6-4-7(2-3-8(6)14(15)16)10-13-12-9(5-11)17-10/h2-4H,5,11H2,1H3",0.24785463204882
"InChI=1S/C10H10N4O2S/c15-9(16)7-5-12-10(17-7)14-4-3-13-2-1-11-8(13)6-14/h1-2,5H,3-4,6H2,(H,15,16)",0.247714036560996
"InChI=1S/C10H10N4O2S/c1-2-16-9(15)8-7(14-10(11)17-8)6-5-12-3-4-13-6/h3-5H,2H2,1H3,(H2,11,14)",0.247516531237863
"InChI=1S/C10H10N4O2S/c1-16-7-4-2-6(3-5-7)12-10-8(9(11)15)13-14-17-10/h2-5,12H,1H3,(H2,11,15)",0.247479383417644
"InChI=1S/C10H10N4O2S/c1-6(8(11)15)17-10-14-13-9(16-10)7-2-4-12-5-3-7/h2-6H,1H3,(H2,11,15)",0.247380126265696
"InChI=1S/C10H10N4O2S/c1-16-8(15)6-14-9(12-13-10(14)17)7-3-2-4-11-5-7/h2-5H,6H2,1H3,(H,13,17)",0.24709878915055
"InChI=1S/C10H10N4O2S/c1-6-7(3-2-4-8(6)14(15)16)10-13-12-9(5-11)17-10/h2-4H,5,11H2,1H3",0.246767588486365
"InChI=1S/C10H10N4O2S/c1-14-6-7(5-11-14)9(15)12-13-10(16)8-3-2-4-17-8/h2-6H,1H3,(H,12,15)(H,13,16)",0.246612125032973
"InChI=1S/C10H10N4O2S/c1-6-4-7(14(15)16)2-3-8(6)10-13-12-9(5-11)17-10/h2-4H,5,11H2,1H3",0.246369811320654
"InChI=1S/C10H10N4O2S/c11-6-3-7-8(16-2-1-15-7)4-9(6)17-10-12-5-13-14-10/h3-5H,1-2,11H2,(H,12,13,14)",0.246325625891166
"InChI=1S/C10H10N4O2S/c1-16-10(15)8-5-7(3-4-9(8)17-2)14-6-11-12-13-14/h3-6H,1-2H3",0.246319667576899
"InChI=1S/C10H10N4O2S/c11-9(12)14-10-13-6(4-17-10)5-1-2-7(15)8(16)3-5/h1-4,15-16H,(H4,11,12,13,14)",0.246172853380746
"InChI=1S/C10H10N4O2S/c1-16-5-2-3-6-7(4-5)12-8(9(15)13-6)14-10(11)17/h2-4H,1H3,(H,13,15)(H3,11,12,14,17)",0.246134873197747
"InChI=1S/C10H10N4O2S/c1-14(10(16)7-4-5-11-12-7)13-9(15)8-3-2-6-17-8/h2-6H,1H3,(H,11,12)(H,13,15)",0.2455862514155
"InChI=1S/C10H10N4O2S/c1-6-3-4-8(16-6)5-11-14-9(15)7(2)12-13-10(14)17/h3-5H,1-2H3,(H,13,17)",0.24553172561356
"InChI=1S/C10H10N4O2S/c1-6-2-3-7(14(15)16)4-8(6)10-13-12-9(5-11)17-10/h2-4H,5,11H2,1H3",0.245438601615523
"InChI=1S/C10H10N4O2S/c1-13(2)4-3-8(15)7-5-11-10-14(9(7)16)12-6-17-10/h3-6H,1-2H3",0.245339678863751
"InChI=1S/C10H10N4O2S/c1-16-9(15)7-11-10-12-8(17)5-3-2-4-6(5)14(10)13-7/h2-4H2,1H3,(H,11,12,13,17)",0.245158480718232
"InChI=1S/C10H10N4O2S/c11-13-10(16)8-4-3-7(17-8)6-14-9(15)2-1-5-12-14/h1-5H,6,11H2,(H,13,16)",0.245109797596304
"InChI=1S/C10H10N4O2S/c1-2-16-10-7(4-3-5-11-10)13-9(15)8-6-12-17-14-8/h3-6H,2H2,1H3,(H,13,15)",0.244816611774388
"InChI=1S/C10H10N4O2S/c15-14(16)9-3-1-8(2-4-9)5-6-11-10-13-12-7-17-10/h1-4,7H,5-6H2,(H,11,13)",0.24466843279782
"InChI=1S/C10H10N4O2S/c11-9(17)6-2-1-3-12-10(6)14-4-7(15)13-8(16)5-14/h1-3H,4-5H2,(H2,11,17)(H,13,15,16)",0.244631709346455
"InChI=1S/C10H10N4O2S/c1-16-6-2-3-7(11)8(4-6)13-10(15)9-5-12-17-14-9/h2-5H,11H2,1H3,(H,13,15)",0.244617568740955
"InChI=1S/C10H10N4O2S/c1-6(8-4-3-5-17-8)11-12-10(15)9-7(2)13-16-14-9/h3-5H,1-2H3,(H,12,15)",0.24455642862998
"InChI=1S/C10H10N4O2S/c15-10(16)7(5-1-2-5)17-9-6-8(12-3-11-6)13-4-14-9/h3-5,7H,1-2H2,(H,15,16)(H,11,12,13,14)",0.244520927726481
"InChI=1S/C10H10N4O2S/c1-6(8(11)15)17-10-14-13-9(16-10)7-3-2-4-12-5-7/h2-6H,1H3,(H2,11,15)",0.244280944920121
"InChI=1S/C10H10N4O2S/c1-16-8(15)6-14-9(12-13-10(14)17)7-2-4-11-5-3-7/h2-5H,6H2,1H3,(H,13,17)",0.244225161224571
"InChI=1S/C10H10N4O2S/c1-2-6-17-10-13-12-8(9(15)14(10)11)7-4-3-5-16-7/h2-5H,1,6,11H2",0.244105977235397
"InChI=1S/C10H10N4O2S/c1-16-8-3-2-6(11)4-7(8)9(15)13-10-14-12-5-17-10/h2-5H,11H2,1H3,(H,13,14,15)",0.244071441300081
"InChI=1S/C10H10N4O2S/c11-13-10(16)9-7(3-5-17-9)6-14-8(15)2-1-4-12-14/h1-5H,6,11H2,(H,13,16)",0.244003180025413
"InChI=1S/C10H10N4O2S/c1-16-9-4-7(2-3-11-9)5-12-10(15)8-6-13-14-17-8/h2-4,6H,5H2,1H3,(H,12,15)",0.243961685383927
"InChI=1S/C10H10N4O2S/c1-6(9-13-14-10(17)16-9)12-8(15)7-3-2-4-11-5-7/h2-6H,1H3,(H,12,15)(H,14,17)",0.243819218003778
"InChI=1S/C10H10N4O2S/c11-10(17)13-12-7-3-5-8-4-1-2-6-9(8)14(15)16/h1-7H,(H3,11,13,17)",0.243252296177046
"InChI=1S/C10H10N4O2S/c11-8(15)4-13-9(16)5-1-2-6-7(3-5)17-10(12)14-6/h1-3H,4H2,(H2,11,15)(H2,12,14)(H,13,16)",0.2423950910059
"InChI=1S/C10H10N4O2S/c1-6-4-8(14-10(13-6)11-5-12-14)17-7-2-3-16-9(7)15/h4-5,7H,2-3H2,1H3",0.241832571190672
"InChI=1S/C10H10N4O2S/c1-16-9-4-6(2-3-7(9)11)13-10(15)8-5-12-17-14-8/h2-5H,11H2,1H3,(H,13,15)",0.241484153895548
"InChI=1S/C10H10N4O2S/c11-10(17)6-2-1-3-7(12-6)14-4-8(15)13-9(16)5-14/h1-3H,4-5H2,(H2,11,17)(H,13,15,16)",0.240837297991644
"InChI=1S/C10H10N4O2S/c1-16-6-2-3-8(11)7(4-6)9(15)13-10-14-12-5-17-10/h2-5H,11H2,1H3,(H,13,14,15)",0.240803108235389
"InChI=1S/C10H10N4O2S/c1-13(4-2-3-11)8-7(9(15)16)14-5-6-17-10(14)12-8/h5-6H,2,4H2,1H3,(H,15,16)",0.240752902782735
"InChI=1S/C10H10N4O2S/c1-6(15)7-3-8(17-4-7)9(16)13-10-11-5-12-14(10)2/h3-5H,1-2H3,(H,11,12,13,16)",0.240618145356872
"InChI=1S/C10H10N4O2S/c1-16-10(15)7-2-3-8(14-13-7)12-6-9-11-4-5-17-9/h2-5H,6H2,1H3,(H,12,14)",0.240605035735153
"InChI=1S/C10H10N4O2S/c11-7-1-3-8(4-2-7)16-5-9(15)13-10-14-12-6-17-10/h1-4,6H,5,11H2,(H,13,14,15)",0.240203377642084
"InChI=1S/C10H10N4O2S/c1-6(8(11)15)17-10-14-13-9(16-10)7-4-2-3-5-12-7/h2-6H,1H3,(H2,11,15)",0.23952234900387
"InChI=1S/C10H10N4O2S/c11-10(12)17-4-8-13-6-2-1-5(9(15)16)3-7(6)14-8/h1-3H,4H2,(H3,11,12)(H,13,14)(H,15,16)",0.239513592388443
"InChI=1S/C10H10N4O2S/c1-16-7-4-2-6(3-5-7)8-9(15)14(11)10(17)13-12-8/h2-5H,11H2,1H3,(H,13,17)",0.239425977967662
"InChI=1S/C10H10N4O2S/c15-9(7-2-4-16-14-7)13-10-12-6-1-3-11-5-8(6)17-10/h2,4,11H,1,3,5H2,(H,12,13,15)",0.239105290855437
"InChI=1S/C10H10N4O2S/c1-15-5-3-4-6(16-2)8-7(5)14-9(11)12-13-10(14)17-8/h3-4H,1-2H3,(H2,11,12)",0.238911722835778
"InChI=1S/C10H10N4O2S/c1-16-8-4-2-3-7(5-8)12-9(15)13-10-14-11-6-17-10/h2-6H,1H3,(H2,12,13,14,15)",0.238088701391686
"InChI=1S/C10H10N4O2S/c1-7-5-8(10(15)16)17-14(7)9(6-11)13-4-2-3-12-13/h2-5,7,9H,1H3,(H,15,16)",0.238021219509697
"InChI=1S/C10H10N4O2S/c15-7-8-5-14(13-12-8)6-10(16)11-4-9-2-1-3-17-9/h1-3,5,7H,4,6H2,(H,11,16)",0.237640850989649
"InChI=1S/C10H10N4O2S/c15-9(13-8-3-4-12-14-8)6-11-10(16)7-2-1-5-17-7/h1-5H,6H2,(H,11,16)(H2,12,13,14,15)",0.23753421954636
"InChI=1S/C10H10N4O2S/c1-6(15)9-3-2-7(17-9)5-14-12-4-8(13-14)10(11)16/h2-4H,5H2,1H3,(H2,11,16)",0.236941661994788
"InChI=1S/C10H10N4O2S/c1-17-8-4-2-7(3-5-8)10-11-13-14(12-10)6-9(15)16/h2-5H,6H2,1H3,(H,15,16)",0.236403560788466
"InChI=1S/C10H10N4O2S/c15-6-7-9(12-10-14(7)3-4-17-10)13-2-1-11-8(16)5-13/h3-4,6H,1-2,5H2,(H,11,16)",0.235713747629242
"InChI=1S/C10H10N4O2S/c1-6(15)9-2-7(5-17-9)4-14-12-3-8(13-14)10(11)16/h2-3,5H,4H2,1H3,(H2,11,16)",0.235628012032572
"InChI=1S/C10H10N4O2S/c1-6(15)7-2-8(17-5-7)4-14-12-3-9(13-14)10(11)16/h2-3,5H,4H2,1H3,(H2,11,16)",0.234784904900213
"InChI=1S/C10H10N4O2S/c1-16-10(15)8-2-3-9(14-13-8)11-4-7-5-17-6-12-7/h2-3,5-6H,4H2,1H3,(H,11,14)",0.234645941432499
"InChI=1S/C10H10N4O2S/c1-16-7-4-2-6(3-5-7)14-13-8(9(11)15)10(12)17-14/h2-5,12H,1H3,(H2,11,15)",0.23453538911336
"InChI=1S/C10H10N4O2S/c15-10(16)7-1-2-9(17-7)13-3-4-14-6-11-12-8(14)5-13/h1-2,6H,3-5H2,(H,15,16)",0.234327029062107
"InChI=1S/C10H10N4O2S/c1-17-9-11-8(13-14-9)12-10(15)16-7-5-3-2-4-6-7/h2-6H,1H3,(H2,11,12,13,14,15)",0.23298043399371
"InChI=1S/C10H10N4O2S/c1-6-12-13-10(17)14(6)11-5-7-2-3-8(15)4-9(7)16/h2-5,11,16H,1H3,(H,13,17)",0.232648553497911
"InChI=1S/C10H10N4O2S/c1-14-6-7(3-12-14)17-9-5-11-4-8(13-9)10(15)16-2/h3-6H,1-2H3",0.23220565725182
"InChI=1S/C10H10N4O2S/c1-16-14-8(9-3-2-6-17-9)4-5-11-10(14)13-12-7-15/h2-7,10H,1H3",0.231852573859318
"InChI=1S/C10H10N4O2S/c1-16-7-4-2-3-6(5-7)12-10-8(9(11)15)13-14-17-10/h2-5,12H,1H3,(H2,11,15)",0.231765319385029
"InChI=1S/C10H10N4O2S/c11-14-6-12-13-10(14)17-5-7-1-3-8(4-2-7)9(15)16/h1-4,6H,5,11H2,(H,15,16)",0.231280628773562
"InChI=1S/C10H10N4O2S/c11-10(17)6-1-2-7(12-3-6)14-4-8(15)13-9(16)5-14/h1-3H,4-5H2,(H2,11,17)(H,13,15,16)",0.230536551144523
"InChI=1S/C10H10N4O2S/c1-15-5-3-6(16-2)8-7(4-5)17-10-13-12-9(11)14(8)10/h3-4H,1-2H3,(H2,11,12)",0.230500153098904
"InChI=1S/C10H10N4O2S/c11-4-5-12-8(15)9(16)14-10-13-6-2-1-3-7(6)17-10/h1-3,5H2,(H,12,15)(H,13,14,16)",0.229880069835078
"InChI=1S/C10H10N4O2S/c15-9(16)7-17-10-11-12-13-14(10)6-8-4-2-1-3-5-8/h1-5H,6-7H2,(H,15,16)",0.228442294771938
"InChI=1S/C10H10N4O2S/c11-3-4-12-8(15)9(16)14-10-13-7(5-17-10)6-1-2-6/h5-6H,1-2,4H2,(H,12,15)(H,13,14,16)",0.228427981582695
"InChI=1S/C10H10N4O2S/c1-11-8(15)6-17-10-14-13-9(16-10)7-2-4-12-5-3-7/h2-5H,6H2,1H3,(H,11,15)",0.228335755906899
"InChI=1S/C10H10N4O2S/c1-16-8-3-2-6(4-7(8)11)9(15)13-10-14-12-5-17-10/h2-5H,11H2,1H3,(H,13,14,15)",0.228267288027155
"InChI=1S/C10H10N4O2S/c1-6-8(17-10(11)13-6)9(15)14-12-5-7-3-2-4-16-7/h2-5H,1H3,(H2,11,13)(H,14,15)",0.228091790391687
"InChI=1S/C10H10N4O2S/c11-8(15)3-5-17-10-14-13-9(16-10)7-2-1-4-12-6-7/h1-2,4,6H,3,5H2,(H2,11,15)",0.227221390867984
"InChI=1S/C10H10N4O2S/c1-16-7-4-2-3-6(8(7)11)9(15)13-10-14-12-5-17-10/h2-5H,11H2,1H3,(H,13,14,15)",0.226325017247156
"InChI=1S/C10H10N4O2S/c1-6-5-17-9(12-6)4-11-10(16)7-2-3-8(15)14-13-7/h2-3,5H,4H2,1H3,(H,11,16)(H,14,15)",0.226306312404455
"InChI=1S/C10H10N4O2S/c11-14-6-12-13-10(14)17-5-7-2-1-3-8(4-7)9(15)16/h1-4,6H,5,11H2,(H,15,16)",0.225997424725982
"InChI=1S/C10H10N4O2S/c1-16-9-3-2-7(4-11-9)5-12-10(15)8-6-13-17-14-8/h2-4,6H,5H2,1H3,(H,12,15)",0.225996527843164
"InChI=1S/C10H10N4O2S/c1-11-8(15)6-17-10-14-13-9(16-10)7-3-2-4-12-5-7/h2-5H,6H2,1H3,(H,11,15)",0.225977282828299
"InChI=1S/C10H10N4O2S/c11-10(17)6-1-2-12-7(3-6)14-4-8(15)13-9(16)5-14/h1-3H,4-5H2,(H2,11,17)(H,13,15,16)",0.225305299900408
"InChI=1S/C10H10N4O2S/c11-10-14-13-8(17-10)5-12-7-4-2-1-3-6(7)9(15)16/h1-4,12H,5H2,(H2,11,14)(H,15,16)",0.225273293322668
"InChI=1S/C10H10N4O2S/c1-11-9(15)5-3-4-6(10(16)12-2)8-7(5)13-17-14-8/h3-4H,1-2H3,(H,11,15)(H,12,16)",0.224990428615681
"InChI=1S/C10H10N4O2S/c11-7-2-1-3-8(4-7)16-5-9(15)13-10-14-12-6-17-10/h1-4,6H,5,11H2,(H,13,14,15)",0.224594928510792
"InChI=1S/C10H10N4O2S/c1-6-12-13-10(17)14(6)11-5-7-2-3-8(15)9(16)4-7/h2-5,11,16H,1H3,(H,13,17)",0.224484271531146
"InChI=1S/C10H10N4O2S/c1-16-7-5-3-2-4-6(7)14-13-8(9(11)15)10(12)17-14/h2-5,12H,1H3,(H2,11,15)",0.224379167679645
"InChI=1S/C10H10N4O2S/c11-7-3-1-2-4-8(7)16-5-9(15)13-10-14-12-6-17-10/h1-4,6H,5,11H2,(H,13,14,15)",0.22339299414068
"InChI=1S/C10H10N4O2S/c1-5-8(9(16)14-4-7(14)3-11)17-10(12-5)13-6(2)15/h7H,4H2,1-2H3,(H,12,13,15)",0.222956503830667
"InChI=1S/C10H10N4O2S/c15-9(14-7-4-12-13-5-7)6-11-10(16)8-2-1-3-17-8/h1-5H,6H2,(H,11,16)(H,12,13)(H,14,15)",0.22282705509699
"InChI=1S/C10H10N4O2S/c1-14-10(11-12-13-14)17(16)7-9(15)8-5-3-2-4-6-8/h2-6H,7H2,1H3",0.222710527798654
"InChI=1S/C10H10N4O2S/c15-10(8-6-17-7-12-8)16-5-4-11-9-2-1-3-13-14-9/h1-3,6-7H,4-5H2,(H,11,14)",0.222346920110788
"InChI=1S/C10H10N4O2S/c11-8(15)4-6-17-10-14-13-9(16-10)7-3-1-2-5-12-7/h1-3,5H,4,6H2,(H2,11,15)",0.222272626870651
"InChI=1S/C10H10N4O2S/c1-16-7-4-2-3-6(5-7)8-9(15)14(11)10(17)13-12-8/h2-5H,11H2,1H3,(H,13,17)",0.222120782573049
"InChI=1S/C10H10N4O2S/c11-14-9(15)10-13-7(6-17-10)5-16-8-2-1-3-12-4-8/h1-4,6H,5,11H2,(H,14,15)",0.221896498515123
"InChI=1S/C10H10N4O2S/c11-14-6-12-13-10(14)17-5-7-3-1-2-4-8(7)9(15)16/h1-4,6H,5,11H2,(H,15,16)",0.221868760365901
"InChI=1S/C10H10N4O2S/c1-6-4-8(15)14-10(13-6)17-9(16)7-5-11-2-3-12-7/h2-3,5-6H,4H2,1H3,(H,13,14,15)",0.221434384516922
"InChI=1S/C10H10N4O2S/c11-6(15)4-14-9(16)8-7(12)5-2-1-3-13-10(5)17-8/h1-3H,4,12H2,(H2,11,15)(H,14,16)",0.220410677243998
"InChI=1S/C10H10N4O2S/c1-11-9(17)12-7-4-2-6(3-5-7)8-13-14-10(15)16-8/h2-5H,1H3,(H,14,15)(H2,11,12,17)",0.220062052160356
"InChI=1S/C10H10N4O2S/c1-17-14-10(16)13-12-8-6-4-2-3-5-7(6)11-9(8)15/h2-5H,1H3,(H,11,12,15)(H2,13,14,16)",0.219877800564026
"InChI=1S/C10H10N4O2S/c11-6-16-9-10(17-14-13-9)12-8(15)7-4-2-1-3-5-7/h1-5H,6,11H2,(H,12,15)",0.219227195532562
"InChI=1S/C10H10N4O2S/c11-14-6-12-13-10(14)17-8(9(15)16)7-4-2-1-3-5-7/h1-6,8H,11H2,(H,15,16)",0.219128334390731
"InChI=1S/C10H10N4O2S/c1-5-4-7(14-16-5)8(15)11-10-13-12-9(17-10)6-2-3-6/h4,6H,2-3H2,1H3,(H,11,13,15)",0.218854477596445
"InChI=1S/C10H10N4O2S/c11-9(17)8-6(2-1-3-12-8)5-14-7(15)4-13-10(14)16/h1-3H,4-5H2,(H2,11,17)(H,13,16)",0.218295450382007
"InChI=1S/C10H10N4O2S/c11-10(17)7-3-6(1-2-12-7)14-4-8(15)13-9(16)5-14/h1-3H,4-5H2,(H2,11,17)(H,13,15,16)",0.218125446451559
"InChI=1S/C10H10N4O2S/c1-2-17-10-11-12-13-14(10)7-3-4-8-9(5-7)16-6-15-8/h3-5H,2,6H2,1H3",0.218085666203901
"InChI=1S/C10H10N4O2S/c15-8-4-2-1-3-7(8)5-11-9(16)13-10-14-12-6-17-10/h1-4,6,15H,5H2,(H2,11,13,14,16)",0.218046849367903
"InChI=1S/C10H10N4O2S/c11-8-6-1-4-17-9(6)13-7(12-8)5-14-2-3-16-10(14)15/h1,4H,2-3,5H2,(H2,11,12,13)",0.217980600721962
"InChI=1S/C10H10N4O2S/c11-9(17)7-3-6(1-2-12-7)5-14-8(15)4-13-10(14)16/h1-3H,4-5H2,(H2,11,17)(H,13,16)",0.217320734432064
"InChI=1S/C10H10N4O2S/c1-5-2-7(9(15)16-5)17-10-13-4-6(3-11)8(12)14-10/h4-5,7H,2H2,1H3,(H2,12,13,14)",0.216788045534924
"InChI=1S/C10H10N4O2S/c1-14-4-13-6-5-8(14)11-3-12-9(5)17-7(6)10(15)16-2/h3-4,6-7H,1-2H3",0.216725432992493
"InChI=1S/C10H10N4O2S/c1-5-11-7(4-17-5)9-13-14-10(16-9)12-8(15)6-2-3-6/h4,6H,2-3H2,1H3,(H,12,14,15)",0.216385671651516
"InChI=1S/C10H10N4O2S/c1-16-9(15)7-3-5-8(6-4-7)14-10(17-2)11-12-13-14/h3-6H,1-2H3",0.216297791002455
"InChI=1S/C10H10N4O2S/c1-2-5-11-9(15)12-10-14-13-8(16-10)7-4-3-6-17-7/h2-4,6H,1,5H2,(H2,11,12,14,15)",0.215168745132731
"InChI=1S/C10H10N4O2S/c1-6-12-13-10(17)14(6)11-5-7-3-2-4-8(15)9(7)16/h2-5,11,15H,1H3,(H,13,17)",0.214672549467849
"InChI=1S/C10H10N4O2S/c15-9(16)6-14-10(11-12-13-14)17-7-8-4-2-1-3-5-8/h1-5H,6-7H2,(H,15,16)",0.214393423544227
"InChI=1S/C10H10N4O2S/c1-16-10(15)8(13-14-11)6-7-4-3-5-12-9(7)17-2/h3-6H,1-2H3",0.214211640882677
"InChI=1S/C10H10N4O2S/c1-2-16-9-7(4-3-5-11-9)8(15)13-10-14-12-6-17-10/h3-6H,2H2,1H3,(H,13,14,15)",0.213921694202331
"InChI=1S/C10H10N4O2S/c1-16-9(15)7-4-2-6(3-5-7)8-12-13-10(17)14(8)11/h2-5H,11H2,1H3,(H,13,17)",0.21221140599841
"InChI=1S/C10H10N4O2S/c1-6-3-4-7(9(15)16)8(5-6)17-10-11-12-13-14(10)2/h3-5H,1-2H3,(H,15,16)",0.212058225532063
"InChI=1S/C10H10N4O2S/c15-10(16)8-9(6-1-2-6)14(13-12-8)3-7-4-17-5-11-7/h4-6H,1-3H2,(H,15,16)",0.211839194169928
"InChI=1S/C10H10N4O2S/c11-9-12-10(14-13-9)17-5-6-1-3-7(4-2-6)8(15)16/h1-4H,5H2,(H,15,16)(H3,11,12,13,14)",0.211808284030711
"InChI=1S/C10H10N4O2S/c1-14(2)10(15)16-9-13-12-8(17-9)7-4-3-5-11-6-7/h3-6H,1-2H3",0.211022596328643
"InChI=1S/C10H10N4O2S/c11-9-12-13-10(17)14(9)6-1-2-7-8(5-6)16-4-3-15-7/h1-2,5H,3-4H2,(H2,11,12)(H,13,17)",0.210639592580661
"InChI=1S/C10H10N4O2S/c1-6-3-4-8(7(5-6)9(15)16)17-10-11-12-13-14(10)2/h3-5H,1-2H3,(H,15,16)",0.210355324596088
"InChI=1S/C10H10N4O2S/c1-7(2)5-16-10(15)9-8(3-4-17-9)14-6-11-12-13-14/h3-4,6H,1,5H2,2H3",0.209573467235706
"InChI=1S/C10H10N4O2S/c1-6-5-7(9(15)16)3-4-8(6)17-10-11-12-13-14(10)2/h3-5H,1-2H3,(H,15,16)",0.209044650057776
"InChI=1S/C10H10N4O2S/c1-6(8-3-2-4-17-8)12-14-10(16)7-5-11-13-9(7)15/h2-5,7H,1H3,(H,13,15)(H,14,16)",0.207025906333666
"InChI=1S/C10H10N4O2S/c15-10(16)8(7-14-4-1-2-13-14)12-6-9-11-3-5-17-9/h1-6,8H,7H2,(H,15,16)",0.206659415402374
"InChI=1S/C10H10N4O2S/c11-9-12-10(14-13-9)17-5-6-2-1-3-7(4-6)8(15)16/h1-4H,5H2,(H,15,16)(H3,11,12,13,14)",0.20665117401263
"InChI=1S/C10H10N4O2S/c1-17-10-7-5(8(15)12-13-10)4-6-9(16)11-2-3-14(6)7/h4H,2-3H2,1H3,(H,11,16)(H,12,15)",0.206293273322932
"InChI=1S/C10H10N4O2S/c1-2-4-11-9(15)12-10-14-13-8(16-10)7-3-5-17-6-7/h2-3,5-6H,1,4H2,(H2,11,12,14,15)",0.205033187141821
"InChI=1S/C10H10N4O2S/c11-9-12-10(14-13-9)17-7(8(15)16)6-4-2-1-3-5-6/h1-5,7H,(H,15,16)(H3,11,12,13,14)",0.204423652493795
"InChI=1S/C10H10N4O2S/c11-10(14-15)8-4-13-9(5-12-8)16-6-7-2-1-3-17-7/h1-5,12H,6,11H2",0.204038189048695
"InChI=1S/C10H10N4O2S/c11-9-12-10(14-13-9)17-5-6-3-1-2-4-7(6)8(15)16/h1-4H,5H2,(H,15,16)(H3,11,12,13,14)",0.20323820214708
"InChI=1S/C10H10N4O2S/c15-9(16)6-17-5-7-1-3-8(4-2-7)10-11-13-14-12-10/h1-4H,5-6H2,(H,15,16)(H,11,12,13,14)",0.20308051041408
"InChI=1S/C10H10N4O2S/c1-2-16-9(15)7-4-3-5-8(6-7)14-10(17)11-12-13-14/h3-6H,2H2,1H3,(H,11,13,17)",0.202706366412855
"InChI=1S/C10H10N4O2S/c11-10(17)13-12-8-5-4-7-6(8)2-1-3-9(7)14(15)16/h1-3H,4-5H2,(H3,11,13,17)",0.202559081027096
"InChI=1S/C10H10N4O2S/c11-10(17)13-12-9-4-2-6-1-3-7(14(15)16)5-8(6)9/h1,3,5H,2,4H2,(H3,11,13,17)",0.202230088401579
"InChI=1S/C10H10N4O2S/c11-9(15)6-3-1-2-4-8(6)16-5-7-10(12)17-14-13-7/h1-4H,5,12H2,(H2,11,15)",0.200946183829532
"InChI=1S/C10H10N4O2S/c11-14-10(15)7-1-4-16-8(7)6-17-9-5-12-2-3-13-9/h1-5H,6,11H2,(H,14,15)",0.200846513747433
"InChI=1S/C10H10N4O2S/c1-14-10(11-12-13-14)17-8-4-2-7(3-5-8)6-9(15)16/h2-5H,6H2,1H3,(H,15,16)",0.200780371646041
"InChI=1S/C10H10N4O2S/c1-2-16-9(15)7-3-5-8(6-4-7)11-10-12-13-14-17-10/h3-6H,2H2,1H3,(H,11,12,14)",0.20063269466481
"InChI=1S/C10H10N4O2S/c11-6-9(14(15)16)10-12-3-4-13(10)7-8-2-1-5-17-8/h1-2,5,12H,3-4,7H2",0.200490382834354
"InChI=1S/C10H10N4O2S/c15-9(8-11-10(16)13-12-8)14-3-1-7-6(5-14)2-4-17-7/h2,4H,1,3,5H2,(H2,11,12,13,16)",0.200337780455912
"InChI=1S/C10H10N4O2S/c11-9-8(12-16-13-9)10(15)14-3-1-7-6(5-14)2-4-17-7/h2,4H,1,3,5H2,(H2,11,13)",0.200206704060043
"InChI=1S/C10H10N4O2S/c15-9-7-5(4-11-14-9)12-10(16)13-8(7)6-2-1-3-17-6/h1-3,8,11H,4H2,(H,14,15)(H2,12,13,16)",0.199967050972535
"InChI=1S/C10H10N4O2S/c15-7(8-2-1-5-17-8)3-4-9(16)13-10-11-6-12-14-10/h1-2,5-6H,3-4H2,(H2,11,12,13,14,16)",0.199799100892382
"InChI=1S/C10H10N4O2S/c11-14-10(15)7-3-8(16-5-7)6-17-9-4-12-1-2-13-9/h1-5H,6,11H2,(H,14,15)",0.199560781833744
"InChI=1S/C10H10N4O2S/c1-16-8-2-3-9(15)7(4-8)5-12-14-6-11-13-10(14)17/h2-6,12H,1H3,(H,13,17)",0.199331119884505
"InChI=1S/C10H10N4O2S/c15-10(16)8-6-3-1-2-4-7(6)17-9(8)14-5-11-12-13-14/h5H,1-4H2,(H,15,16)",0.199176244701698
"InChI=1S/C10H10N4O2S/c15-14(16)10-8(13-5-1-2-6-13)4-3-7-9(10)12-17-11-7/h3-4H,1-2,5-6H2",0.198954517628744
"InChI=1S/C10H10N4O2S/c1-16-9-4-7(2-3-8(9)15)5-12-14-6-11-13-10(14)17/h2-6,12H,1H3,(H,13,17)",0.198111606023835
"InChI=1S/C10H10N4O2S/c1-16-9-4-7(2-3-8(9)15)5-12-14-6-13-17-10(14)11/h2-6,11-12H,1H3",0.198037582816919
"InChI=1S/C10H10N4O2S/c1-2-16-9(15)7-3-5-8(6-4-7)14-10(17)11-12-13-14/h3-6H,2H2,1H3,(H,11,13,17)",0.197711680542411
"InChI=1S/C10H10N4O2S/c1-14-10(11-12-13-14)17-6-7-2-4-8(5-3-7)9(15)16/h2-5H,6H2,1H3,(H,15,16)",0.197641051797281
"InChI=1S/C10H10N4O2S/c15-9(16)5-14-10(11-12-13-14)8-4-6-2-1-3-7(6)17-8/h4H,1-3,5H2,(H,15,16)",0.197606843528315
"InChI=1S/C10H10N4O2S/c11-14-10(15)8-2-1-7(16-8)6-17-9-5-12-3-4-13-9/h1-5H,6,11H2,(H,14,15)",0.197089268241456
"InChI=1S/C10H10N4O2S/c1-6-12-14-10(17-6)13-11-5-7-2-3-8(15)4-9(7)16/h2-5,11,16H,1H3,(H,13,14)",0.197065272462612
"InChI=1S/C10H10N4O2S/c1-16-10(15)14-12-6-7-5-11-13-9(7)8-3-2-4-17-8/h2-6,12H,1H3,(H,14,15)",0.197010876521019
"InChI=1S/C10H10N4O2S/c1-5-2-3-6(7(15)4-12-14-11)9-8(5)13-10(16)17-9/h2-3,7,15H,4H2,1H3,(H,13,16)",0.196932353418386
"InChI=1S/C10H10N4O2S/c1-16-9-4-3-8(5-7(9)6-15)14-10(17-2)11-12-13-14/h3-6H,1-2H3",0.194846847322948
"InChI=1S/C10H10N4O2S/c1-6-3-4-8(16-6)5-11-13-10(15)9-7(2)12-14-17-9/h3-5H,1-2H3,(H,13,15)",0.194839552619229
"InChI=1S/C10H10N4O2S/c11-10(14-15)8-4-13-9(5-12-8)16-6-7-2-1-3-17-7/h1-5,9H,6,11H2",0.194657874045404
"InChI=1S/C10H10N4O2S/c1-5-2-3-7-6(4-5)8(9(15)11-7)12-13-10(17)14-16/h2-4,16H,1H3,(H,11,12,15)(H2,13,14,17)",0.194539727828647
"InChI=1S/C10H10N4O2S/c1-16-9(15)6-11-10(17)14-8-5-3-2-4-7(8)12-13-14/h2-5H,6H2,1H3,(H,11,17)",0.194267757944509
"InChI=1S/C10H10N4O2S/c11-14-10(15)9-7(1-4-16-9)6-17-8-5-12-2-3-13-8/h1-5H,6,11H2,(H,14,15)",0.193751215092746
"InChI=1S/C10H10N4O2S/c15-10(16-5-7-1-2-7)9-8(3-4-17-9)14-6-11-12-13-14/h3-4,6-7H,1-2,5H2",0.193562851835545
"InChI=1S/C10H10N4O2S/c1-6-8(12-14-9(6)15)10(16)13-11-5-7-3-2-4-17-7/h2-6H,1H3,(H,13,16)(H,14,15)",0.192228760643681
"InChI=1S/C10H10N4O2S/c1-14-10(11-12-13-14)17-6-7-3-2-4-8(5-7)9(15)16/h2-5H,6H2,1H3,(H,15,16)",0.192010577624146
"InChI=1S/C10H10N4O2S/c1-2-16-7(15)5-6-3-4-11-8(6)9-12-10(17)14-13-9/h3-4,11H,2,5H2,1H3",0.190896818249944
"InChI=1S/C10H10N4O2S/c11-9(14-15)8-10(13-4-3-12-8)16-6-7-2-1-5-17-7/h1-5,10H,6,11H2",0.190749232832497
"InChI=1S/C10H10N4O2S/c11-9(14-15)8-10(13-4-3-12-8)16-6-7-2-1-5-17-7/h1-5,12H,6,11H2",0.189354459818008
"InChI=1S/C10H10N4O2S/c1-6-12-14-10(17-6)13-11-5-7-2-3-8(15)9(16)4-7/h2-5,11,16H,1H3,(H,13,14)",0.18910296602565
"InChI=1S/C10H10N4O2S/c1-16-8-4-2-3-7(9(8)15)5-12-14-6-11-13-10(14)17/h2-6,12H,1H3,(H,13,17)",0.188674311837684
"InChI=1S/C10H10N4O2S/c1-2-16-10(15)7-8(13-14-9(7)17)6-4-3-5-11-12-6/h3-5H,2H2,1H3,(H2,13,14,17)",0.187426714743495
"InChI=1S/C10H10N4O2S/c17-10-11-12-13-14(10)7-2-3-8-9(6-7)16-5-1-4-15-8/h2-3,6H,1,4-5H2,(H,11,13,17)",0.186668217863562
"InChI=1S/C10H10N4O2S/c1-14-10(11-12-13-14)17-8(9(15)16)7-5-3-2-4-6-7/h2-6,8H,1H3,(H,15,16)",0.185603674339895
"InChI=1S/C10H10N4O2S/c1-14-10(11-12-13-14)17-6-7-4-2-3-5-8(7)9(15)16/h2-5H,6H2,1H3,(H,15,16)",0.185538760445531
"InChI=1S/C10H10N4O2S/c1-5-3-4-7(8(15)11-5)9(16)12-10-14-13-6(2)17-10/h3-4,7H,1-2H3,(H,12,14,16)",0.185438094607161
"InChI=1S/C10H10N4O2S/c11-5-7-1-3-8(4-2-7)13-14-17-6-9(12)10(15)16/h1-4,9H,6,12H2,(H,15,16)",0.184008749394047
"InChI=1S/C10H10N4O2S/c11-10(13-15)5-16-8-3-1-7(2-4-8)9-6-17-14-12-9/h1-4,6,15H,5H2,(H2,11,13)",0.183048869542231
"InChI=1S/C10H10N4O2S/c1-2-16-8(15)5-6-3-4-7(11-6)9-12-10(17)14-13-9/h3-4,11H,2,5H2,1H3",0.180149280574983
"InChI=1S/C10H10N4O2S/c11-14-9(12-13-10(14)17)8-5-15-6-3-1-2-4-7(6)16-8/h1-4,8H,5,11H2,(H,13,17)",0.178583310756281
"InChI=1S/C10H10N4O2S/c1-17-9-6-5(11-14-9)3-2-4-7(6)12-13-8(4)10(15)16/h2-3H2,1H3,(H,11,14)(H,12,13)(H,15,16)",0.177744036495196
"InChI=1S/C10H10N4O2S/c11-12-8(15)6-17-10-14-13-9(16-10)7-4-2-1-3-5-7/h1-5H,6,11H2,(H,12,15)",0.177015407434557
"InChI=1S/C10H10N4O2S/c1-2-16-8(15)4-6-3-7(11-5-6)9-12-10(17)14-13-9/h3,5,11H,2,4H2,1H3",0.176188276608976
"InChI=1S/C10H10N4O2S/c15-3-1-13-6-7(11-12-13)5-8-9(16)14-2-4-17-10(8)14/h2,4-6,10,15H,1,3H2",0.175510584059661
"InChI=1S/C10H10N4O2S/c11-8(15)6-4-2-1-3-5(6)7-9(16)12-10(17)14-13-7/h1-4,7,13H,(H2,11,15)(H2,12,14,16,17)",0.173884903333313
"InChI=1S/C10H10N4O2S/c15-3-1-6(7-5-11-13-12-7)8-9(16)14-2-4-17-10(8)14/h2,4-5,10,15H,1,3H2,(H,11,12,13)",0.173704102058235
"InChI=1S/C10H10N4O2S/c11-14-9(12-13-10(14)17)6-2-1-3-7-8(6)16-5-4-15-7/h1-3H,4-5,11H2,(H,13,17)",0.173431707732596
"InChI=1S/C10H10N4O2S/c15-8(7-3-1-5-16-7)11-9-12-13-10-14(9)4-2-6-17-10/h1,3,5H,2,4,6H2,(H,11,12,15)",0.172765057531435
"InChI=1S/C10H10N4O2S/c1-2-3-12-9-5(4-11)6-7(17-9)8(15)14-10(16)13-6/h2,6-7,12H,1,3H2,(H2,13,14,15,16)",0.172656735738527
"InChI=1S/C10H10N4O2S/c1-5(15)11-6-2-3-7(8(16)4-6)9-12-10(17)14-13-9/h2-4,13H,1H3,(H,11,15)(H2,12,14,17)",0.172122089790506
"InChI=1S/C10H10N4O2S/c1-16-9-3-2-7(4-8(9)15)5-12-14-6-11-13-10(14)17/h2-6,15H,1H3,(H,13,17)",0.16905029080277
"InChI=1S/C10H10N4O2S/c1-2-3-4-5-14-7-6(17-10(14)16)8(15)13-9(11)12-7/h2,4,6H,5H2,1H3,(H2,11,13,15)",0.168346698108267
"InChI=1S/C10H10N4O2S/c1-13(5-4-11)7-14-10(15)16-9(12-14)8-3-2-6-17-8/h2-3,6H,5,7H2,1H3",0.168296911221272
"InChI=1S/C10H10N4O2S/c1-2-16-8-6-4-3-5-7(8)9(15)11-10-12-13-14-17-10/h3-6H,2H2,1H3,(H,11,12,14,15)",0.167530850155255
"InChI=1S/C10H10N4O2S/c1-6(15)12-7-2-3-9(16)8(4-7)14-10(17)5-11-13-14/h2-5,11,13,17H,1H3",0.16730840691097
"InChI=1S/C10H10N4O2S/c1-2-16-8-5-3-4-7(6-8)9(15)11-10-12-13-14-17-10/h3-6H,2H2,1H3,(H,11,12,14,15)",0.167099231153071
"InChI=1S/C10H10N4O2S/c1-6-12-3-8(17-6)10(16)13-4-9(15)14-5-7(14)2-11/h3,7H,4-5H2,1H3,(H,13,16)",0.165098269754179
"InChI=1S/C10H10N4O2S/c11-14-9(12-13-10(14)17)6-1-2-7-8(5-6)16-4-3-15-7/h1-2,5H,3-4,11H2,(H,13,17)",0.165048139879581
"InChI=1S/C10H10N4O2S/c11-14-5-12-13-10(14)17-4-7-1-2-8-9(3-7)16-6-15-8/h1-3,5H,4,6,11H2",0.16474601677295
"InChI=1S/C10H10N4O2S/c1-14-10(11-12-13-14)17-6-9(16)7-2-4-8(15)5-3-7/h2-5,15H,6H2,1H3",0.163253040477701
"InChI=1S/C10H10N4O2S/c1-7(15)13-4-6-17-10-12-11-9(14(10)13)8-3-2-5-16-8/h2-3,5H,4,6H2,1H3",0.163016227332839
"InChI=1S/C10H10N4O2S/c1-14-8(15)6-3-2-5(12-10(17)13-11)4-7(6)9(14)16/h2-4H,11H2,1H3,(H2,12,13,17)",0.162543897492012
"InChI=1S/C10H10N4O2S/c1-16-7-4-2-6(3-5-7)8(15)12-10-13-9(11)17-14-10/h2-5H,1H3,(H3,11,12,13,14,15)",0.161416952640622
"InChI=1S/C10H10N4O2S/c15-8(9-2-1-5-16-9)6-17-10-11-12-13-14(10)7-3-4-7/h1-2,5,7H,3-4,6H2",0.159584533499767
"InChI=1S/C10H10N4O2S/c11-9-12-10(14-13-9)17-4-6-1-2-7-8(3-6)16-5-15-7/h1-3H,4-5H2,(H3,11,12,13,14)",0.15958173121912
"InChI=1S/C10H10N4O2S/c1-5-7(4-11)8(15)14(10(5,3)16)9-13-12-6(2)17-9/h16H,1-3H3",0.158905816095371
"InChI=1S/C10H10N4O2S/c11-9(15)6-1-3-7(4-2-6)16-5-8-10(12)17-14-13-8/h1-4H,5,12H2,(H2,11,15)",0.157774911445928
"InChI=1S/C10H10N4O2S/c11-10(17)13-12-8-6-3-1-2-4-7(6)14(5-15)9(8)16/h1-4,15H,5H2,(H3,11,13,17)",0.157316302585469
"InChI=1S/C10H10N4O2S/c1-15-6-4-8-11-12-10-14(8)13-9(17-10)7-3-2-5-16-7/h2-3,5H,4,6H2,1H3",0.155891874180564
"InChI=1S/C10H10N4O2S/c17-10-13-11-5-14(10)12-4-7-1-2-8-9(3-7)16-6-15-8/h1-3,5,12H,4,6H2,(H,13,17)",0.152871430663979
"InChI=1S/C10H10N4O2S/c11-9-12-13-10(17)14(9)4-6-1-2-7-8(3-6)16-5-15-7/h1-3H,4-5H2,(H2,11,12)(H,13,17)",0.152443304540983
"InChI=1S/C10H10N4O2S/c1-13-10(17)14(12-11-13)9(15)7-3-5-8(16-2)6-4-7/h3-6H,1-2H3",0.151935760971095
"InChI=1S/C10H10N4O2S/c11-9(17)12-10-14-13-8(16-10)6-15-7-4-2-1-3-5-7/h1-5H,6H2,(H3,11,12,14,17)",0.150057444958752
"InChI=1S/C10H10N4O2S/c11-14-9(12-13-10(14)17)4-6-1-2-7-8(3-6)16-5-15-7/h1-3H,4-5,11H2,(H,13,17)",0.149735676849012
"InChI=1S/C10H10N4O2S/c1-7-2-4-8(5-3-7)16-6-9(15)11-10-12-13-14-17-10/h2-5H,6H2,1H3,(H,11,12,14,15)",0.14972579565165
"InChI=1S/C10H10N4O2S/c1-16-9(15)8(7-5-3-2-4-6-7)14-10(17)11-12-13-14/h2-6,8H,1H3,(H,11,13,17)",0.149422340774118
"InChI=1S/C10H10N4O2S/c11-9-13-10(17-14-9)12-4-6-2-1-3-7-8(6)16-5-15-7/h1-3H,4-5H2,(H3,11,12,13,14)",0.147820800234374
"InChI=1S/C10H10N4O2S/c11-10(17)13-12-9(15)5-7-6-3-1-2-4-8(6)16-14-7/h1-4H,5H2,(H,12,15)(H3,11,13,17)",0.147547685397558
"InChI=1S/C10H10N4O2S/c1-5-6(2-11)9(16)14-10(7(5)3-12)17-4-8(13)15/h5-6H,4H2,1H3,(H2,13,15)(H,14,16)",0.145674323251374
"InChI=1S/C10H10N4O2S/c1-14-10(11-12-13-14)17-9(15)7-3-5-8(16-2)6-4-7/h3-6H,1-2H3",0.144741104941222
"InChI=1S/C10H10N4O2S/c15-9(6-14-10(17)11-12-13-14)16-7-8-4-2-1-3-5-8/h1-5H,6-7H2,(H,11,13,17)",0.143905374918418
"InChI=1S/C10H10N4O2S/c1-17-10-11-4-6(7(15)12-10)9-14-13-8(16-9)5-2-3-5/h4-5,14H,2-3H2,1H3",0.142889863040847
"InChI=1S/C10H10N4O2S/c1-7-3-2-4-8(5-7)16-6-9(15)11-10-12-13-14-17-10/h2-5H,6H2,1H3,(H,11,12,14,15)",0.14247804967012
"InChI=1S/C10H10N4O2S/c1-7-4-2-3-5-8(7)16-6-9(15)11-10-12-13-14-17-10/h2-5H,6H2,1H3,(H,11,12,14,15)",0.142469681199649
"InChI=1S/C10H10N4O2S/c11-9-13-10(17-14-9)12-4-6-1-2-7-8(3-6)16-5-15-7/h1-3H,4-5H2,(H3,11,12,13,14)",0.142010745598456
"InChI=1S/C10H10N4O2S/c11-14-13-10(16)6-5-17-7-3-1-2-4-8(15)12-9(6)7/h5H,1-4H2,(H,12,15)",0.141945596409238
"InChI=1S/C10H10N4O2S/c1-14-10(11-12-13-14)17-5-7-2-3-8-9(4-7)16-6-15-8/h2-4H,5-6H2,1H3",0.133911667229489
"InChI=1S/C10H10N4O2S/c11-8-7(5-13-10(17)14-8)9(15)12-4-6-2-1-3-16-6/h1-3,5,7H,4H2,(H,12,15)(H2,11,14,17)",0.131816019339496
"InChI=1S/C10H10N4O2S/c1-15-7-4-2-6(3-5-7)8-13-14-10(16-8)12-9(11)17/h2-5H,1H3,(H3,11,12,14,17)",0.131092902780705
"InChI=1S/C10H10N4O2S/c11-10(13-12)17-5-14-8(15)6-3-1-2-4-7(6)9(14)16/h1-4H,5,12H2,(H2,11,13)",0.130366022977361
"InChI=1S/C10H10N4O2S/c1-2-16-8-5-3-7(4-6-8)9(15)11-10-12-13-14-17-10/h3-6H,2H2,1H3,(H,11,12,14,15)",0.126108496421844
"InChI=1S/C10H10N4O2S/c1-16-5-2-3-7-6(4-5)8(9(15)12-7)13-14-10(11)17/h2-4H,1H3,(H3,11,14,17)(H,12,13,15)",0.120427188409299
"InChI=1S/C10H10N4O2S/c1-2-14-8(15)6-17-10(14)7(5-12)9(16)13-4-3-11/h2,4,6H2,1H3,(H,13,16)",0.118557373778652
"InChI=1S/C10H10N4O2S/c11-9-13-14-10(17-9)12-4-6-1-2-7-8(3-6)16-5-15-7/h1-3H,4-5H2,(H2,11,13)(H,12,14)",0.113368884777679
"InChI=1S/C10H10N4O2S/c1-15-7-4-3-6(5-8(7)16-2)9-11-13-10(17)14-12-9/h3-5,9H,1-2H3",0.102703086433836
"InChI=1S/C10H10N4O2S/c1-2-16-8-5-6(3-4-7(8)15)9-11-13-10(17)14-12-9/h3-5,9,15H,2H2,1H3",0.0917295022905848
"InChI=1S/C10H10N4O2S/c1-16-7-4-2-6(3-5-7)8-9(15)14(11)10(17)13-12-8/h2-5,8H,11H2,1H3",0.0909844082327018
"InChI=1S/C10H10N4O2S/c1-16-9-4-3-8(5-7(9)6-15)10(17-2)11-13-14-12-10/h3-6H,1-2H3",0.0891730758842034
"InChI=1S/C10H10N4O2S/c1-16-7-4-2-3-6(5-7)8-9(15)14(11)10(17)13-12-8/h2-5,8H,11H2,1H3",0.0758886453047314
